[28May2025 18:20:43.898] [main/INFO] [cpw.mods.modlauncher.Launcher/MODLAUNCHER]: ModLauncher running: args [--launchTarget, forgeserver, --fml.forgeVersion, 47.3.7, --fml.mcVersion, 1.20.1, --fml.forgeGroup, net.minecraftforge, --fml.mcpVersion, 20230612.114412, nogui]
[28May2025 18:20:43.902] [main/INFO] [cpw.mods.modlauncher.Launcher/MODLAUNCHER]: ModLauncher 10.0.9+10.0.9+main.dcd20f30 starting: java version 17.0.15 by Ubuntu; OS Linux arch amd64 version 6.8.0-1027-azure
[28May2025 18:20:43.933] [main/DEBUG] [cpw.mods.modlauncher.LaunchServiceHandler/MODLAUNCHER]: Found launch services [fmlclientdev,forgeclient,minecraft,forgegametestserverdev,fmlserveruserdev,fmlclient,fmldatauserdev,forgeserverdev,forgeserveruserdev,forgeclientdev,forgeclientuserdev,forgeserver,forgedatadev,fmlserver,fmlclientuserdev,fmlserverdev,forgedatauserdev,testharness,forgegametestserveruserdev]
[28May2025 18:20:43.947] [main/DEBUG] [cpw.mods.modlauncher.NameMappingServiceHandler/MODLAUNCHER]: Found naming services : [srgtomcp]
[28May2025 18:20:43.963] [main/DEBUG] [cpw.mods.modlauncher.LaunchPluginHandler/MODLAUNCHER]: Found launch plugins: [mixin,eventbus,slf4jfixer,object_holder_definalize,runtime_enum_extender,capability_token_subclass,accesstransformer,runtimedistcleaner]
[28May2025 18:20:43.974] [main/DEBUG] [cpw.mods.modlauncher.TransformationServicesHandler/MODLAUNCHER]: Discovering transformation services
[28May2025 18:20:43.981] [main/DEBUG] [net.minecraftforge.fml.loading.FMLPaths/CORE]: Path GAMEDIR is /workspaces/Server_Mine/servidor_minecraft
[28May2025 18:20:43.982] [main/DEBUG] [net.minecraftforge.fml.loading.FMLPaths/CORE]: Path MODSDIR is /workspaces/Server_Mine/servidor_minecraft/mods
[28May2025 18:20:43.982] [main/DEBUG] [net.minecraftforge.fml.loading.FMLPaths/CORE]: Path CONFIGDIR is /workspaces/Server_Mine/servidor_minecraft/config
[28May2025 18:20:43.982] [main/DEBUG] [net.minecraftforge.fml.loading.FMLPaths/CORE]: Path FMLCONFIG is /workspaces/Server_Mine/servidor_minecraft/config/fml.toml
[28May2025 18:20:45.788] [main/DEBUG] [cpw.mods.modlauncher.TransformationServicesHandler/MODLAUNCHER]: Found additional transformation services from discovery services: 
[28May2025 18:20:45.794] [main/INFO] [net.minecraftforge.fml.loading.ImmediateWindowHandler/]: ImmediateWindowProvider not loading because launch target is forgeserver
[28May2025 18:20:45.801] [main/DEBUG] [cpw.mods.modlauncher.TransformationServicesHandler/MODLAUNCHER]: Found transformer services : [mixin,fml]
[28May2025 18:20:45.802] [main/DEBUG] [cpw.mods.modlauncher.TransformationServicesHandler/MODLAUNCHER]: Transformation services loading
[28May2025 18:20:45.802] [main/DEBUG] [cpw.mods.modlauncher.TransformationServiceDecorator/MODLAUNCHER]: Loading service mixin
[28May2025 18:20:45.803] [main/DEBUG] [cpw.mods.modlauncher.TransformationServiceDecorator/MODLAUNCHER]: Loaded service mixin
[28May2025 18:20:45.803] [main/DEBUG] [cpw.mods.modlauncher.TransformationServiceDecorator/MODLAUNCHER]: Loading service fml
[28May2025 18:20:45.804] [main/DEBUG] [net.minecraftforge.fml.loading.LauncherVersion/CORE]: Found FMLLauncher version 1.0
[28May2025 18:20:45.804] [main/DEBUG] [net.minecraftforge.fml.loading.FMLLoader/CORE]: FML 1.0 loading
[28May2025 18:20:45.804] [main/DEBUG] [net.minecraftforge.fml.loading.FMLLoader/CORE]: FML found ModLauncher version : 10.0.9+10.0.9+main.dcd20f30
[28May2025 18:20:45.804] [main/DEBUG] [net.minecraftforge.fml.loading.FMLLoader/CORE]: FML found AccessTransformer version : 8.0.4+66+master.c09db6d7
[28May2025 18:20:45.804] [main/DEBUG] [net.minecraftforge.fml.loading.FMLLoader/CORE]: FML found EventBus version : 6.0.5+6.0.5+master.eb8e549b
[28May2025 18:20:45.805] [main/DEBUG] [net.minecraftforge.fml.loading.FMLLoader/CORE]: Found Runtime Dist Cleaner
[28May2025 18:20:45.806] [main/DEBUG] [net.minecraftforge.fml.loading.FMLLoader/CORE]: FML found CoreMod version : 5.1.6
[28May2025 18:20:45.806] [main/DEBUG] [net.minecraftforge.fml.loading.FMLLoader/CORE]: Found ForgeSPI package implementation version 7.0.1+7.0.1+master.d2b38bf6
[28May2025 18:20:45.807] [main/DEBUG] [net.minecraftforge.fml.loading.FMLLoader/CORE]: Found ForgeSPI package specification 5
[28May2025 18:20:45.807] [main/DEBUG] [cpw.mods.modlauncher.TransformationServiceDecorator/MODLAUNCHER]: Loaded service fml
[28May2025 18:20:45.807] [main/DEBUG] [cpw.mods.modlauncher.TransformationServicesHandler/MODLAUNCHER]: Configuring option handling for services
[28May2025 18:20:45.813] [main/DEBUG] [cpw.mods.modlauncher.TransformationServicesHandler/MODLAUNCHER]: Transformation services initializing
[28May2025 18:20:45.813] [main/DEBUG] [cpw.mods.modlauncher.TransformationServiceDecorator/MODLAUNCHER]: Initializing transformation service mixin
[28May2025 18:20:45.828] [main/DEBUG] [mixin/]: MixinService [ModLauncher] was successfully booted in cpw.mods.cl.ModuleClassLoader@1e7c7811
[28May2025 18:20:45.851] [main/INFO] [mixin/]: SpongePowered MIXIN Subsystem Version=0.8.5 Source=union:/workspaces/Server_Mine/servidor_minecraft/libraries/org/spongepowered/mixin/0.8.5/mixin-0.8.5.jar%2365!/ Service=ModLauncher Env=SERVER
[28May2025 18:20:45.855] [main/DEBUG] [mixin/]: Initialising Mixin Platform Manager
[28May2025 18:20:45.855] [main/DEBUG] [mixin/]: Adding mixin platform agents for container ModLauncher Root Container(ModLauncher:4f56a0a2)
[28May2025 18:20:45.856] [main/DEBUG] [mixin/]: Instancing new MixinPlatformAgentMinecraftForge for ModLauncher Root Container(ModLauncher:4f56a0a2)
[28May2025 18:20:45.856] [main/DEBUG] [mixin/]: MixinPlatformAgentMinecraftForge rejected container ModLauncher Root Container(ModLauncher:4f56a0a2)
[28May2025 18:20:45.857] [main/DEBUG] [mixin/]: Instancing new MixinPlatformAgentDefault for ModLauncher Root Container(ModLauncher:4f56a0a2)
[28May2025 18:20:45.857] [main/DEBUG] [mixin/]: MixinPlatformAgentDefault accepted container ModLauncher Root Container(ModLauncher:4f56a0a2)
[28May2025 18:20:45.862] [main/DEBUG] [cpw.mods.modlauncher.TransformationServiceDecorator/MODLAUNCHER]: Initialized transformation service mixin
[28May2025 18:20:45.862] [main/DEBUG] [cpw.mods.modlauncher.TransformationServiceDecorator/MODLAUNCHER]: Initializing transformation service fml
[28May2025 18:20:45.863] [main/DEBUG] [net.minecraftforge.fml.loading.FMLServiceProvider/CORE]: Setting up basic FML game directories
[28May2025 18:20:45.863] [main/DEBUG] [net.minecraftforge.fml.loading.FMLPaths/CORE]: Path GAMEDIR is /workspaces/Server_Mine/servidor_minecraft
[28May2025 18:20:45.863] [main/DEBUG] [net.minecraftforge.fml.loading.FMLPaths/CORE]: Path MODSDIR is /workspaces/Server_Mine/servidor_minecraft/mods
[28May2025 18:20:45.864] [main/DEBUG] [net.minecraftforge.fml.loading.FMLPaths/CORE]: Path CONFIGDIR is /workspaces/Server_Mine/servidor_minecraft/config
[28May2025 18:20:45.864] [main/DEBUG] [net.minecraftforge.fml.loading.FMLPaths/CORE]: Path FMLCONFIG is /workspaces/Server_Mine/servidor_minecraft/config/fml.toml
[28May2025 18:20:45.864] [main/DEBUG] [net.minecraftforge.fml.loading.FMLServiceProvider/CORE]: Loading configuration
[28May2025 18:20:45.867] [main/DEBUG] [net.minecraftforge.fml.loading.FMLServiceProvider/CORE]: Preparing ModFile
[28May2025 18:20:45.870] [main/DEBUG] [net.minecraftforge.fml.loading.FMLServiceProvider/CORE]: Preparing launch handler
[28May2025 18:20:45.870] [main/DEBUG] [net.minecraftforge.fml.loading.FMLLoader/CORE]: Using forgeserver as launch service
[28May2025 18:20:45.890] [main/DEBUG] [net.minecraftforge.fml.loading.FMLLoader/CORE]: Received command line version data  : VersionInfo[forgeVersion=47.3.7, mcVersion=1.20.1, mcpVersion=20230612.114412, forgeGroup=net.minecraftforge]
[28May2025 18:20:45.892] [main/DEBUG] [cpw.mods.modlauncher.TransformationServiceDecorator/MODLAUNCHER]: Initialized transformation service fml
[28May2025 18:20:45.892] [main/DEBUG] [cpw.mods.modlauncher.NameMappingServiceHandler/MODLAUNCHER]: Current naming domain is 'srg'
[28May2025 18:20:45.893] [main/DEBUG] [cpw.mods.modlauncher.NameMappingServiceHandler/MODLAUNCHER]: Identified name mapping providers {}
[28May2025 18:20:45.893] [main/DEBUG] [cpw.mods.modlauncher.TransformationServicesHandler/MODLAUNCHER]: Transformation services begin scanning
[28May2025 18:20:45.893] [main/DEBUG] [cpw.mods.modlauncher.TransformationServiceDecorator/MODLAUNCHER]: Beginning scan trigger - transformation service mixin
[28May2025 18:20:45.894] [main/DEBUG] [cpw.mods.modlauncher.TransformationServiceDecorator/MODLAUNCHER]: End scan trigger - transformation service mixin
[28May2025 18:20:45.894] [main/DEBUG] [cpw.mods.modlauncher.TransformationServiceDecorator/MODLAUNCHER]: Beginning scan trigger - transformation service fml
[28May2025 18:20:45.894] [main/DEBUG] [net.minecraftforge.fml.loading.FMLServiceProvider/CORE]: Initiating mod scan
[28May2025 18:20:45.903] [main/DEBUG] [net.minecraftforge.fml.loading.moddiscovery.ModListHandler/CORE]: Found mod coordinates from lists: []
[28May2025 18:20:45.907] [main/DEBUG] [net.minecraftforge.fml.loading.moddiscovery.ModDiscoverer/CORE]: Found Mod Locators : (mods folder:null),(maven libs:null),(exploded directory:null),(minecraft:null),(userdev classpath:null)
[28May2025 18:20:45.908] [main/DEBUG] [net.minecraftforge.fml.loading.moddiscovery.ModDiscoverer/CORE]: Found Dependency Locators : (JarInJar:null)
[28May2025 18:20:45.915] [main/DEBUG] [net.minecraftforge.fml.loading.moddiscovery.ModFileParser/LOADING]: Considering mod file candidate /workspaces/Server_Mine/servidor_minecraft/mods/AI-Improvements-1.20-0.5.2.jar
[28May2025 18:20:45.963] [main/DEBUG] [net.minecraftforge.fml.loading.moddiscovery.ModFileInfo/LOADING]: Found valid mod file AI-Improvements-1.20-0.5.2.jar with {aiimprovements} mods - versions {0.5.2}
[28May2025 18:20:45.968] [main/DEBUG] [net.minecraftforge.fml.loading.moddiscovery.ModFileParser/LOADING]: Considering mod file candidate /workspaces/Server_Mine/servidor_minecraft/mods/alexscaves-2.0.2.jar
[28May2025 18:20:45.971] [main/DEBUG] [net.minecraftforge.fml.loading.moddiscovery.ModFileInfo/LOADING]: Found valid mod file alexscaves-2.0.2.jar with {alexscaves} mods - versions {2.0.2}
[28May2025 18:20:45.972] [main/DEBUG] [net.minecraftforge.fml.loading.moddiscovery.ModFileParser/LOADING]: Considering mod file candidate /workspaces/Server_Mine/servidor_minecraft/mods/ApothicAttributes-1.20.1-1.3.7.jar
[28May2025 18:20:45.973] [main/DEBUG] [net.minecraftforge.fml.loading.moddiscovery.ModFileInfo/LOADING]: Found valid mod file ApothicAttributes-1.20.1-1.3.7.jar with {attributeslib} mods - versions {1.3.7}
[28May2025 18:20:45.974] [main/DEBUG] [net.minecraftforge.fml.loading.moddiscovery.ModFileParser/LOADING]: Considering mod file candidate /workspaces/Server_Mine/servidor_minecraft/mods/architectury-9.2.14-forge.jar
[28May2025 18:20:45.975] [main/DEBUG] [net.minecraftforge.fml.loading.moddiscovery.ModFileInfo/LOADING]: Found valid mod file architectury-9.2.14-forge.jar with {architectury} mods - versions {9.2.14}
[28May2025 18:20:45.976] [main/DEBUG] [net.minecraftforge.fml.loading.moddiscovery.ModFileParser/LOADING]: Considering mod file candidate /workspaces/Server_Mine/servidor_minecraft/mods/caelus-forge-3.2.0+1.20.1.jar
[28May2025 18:20:45.978] [main/DEBUG] [net.minecraftforge.fml.loading.moddiscovery.ModFileInfo/LOADING]: Found valid mod file caelus-forge-3.2.0+1.20.1.jar with {caelus} mods - versions {3.2.0+1.20.1}
[28May2025 18:20:45.978] [main/DEBUG] [net.minecraftforge.fml.loading.moddiscovery.ModFileParser/LOADING]: Considering mod file candidate /workspaces/Server_Mine/servidor_minecraft/mods/canary-mc1.20.1-0.3.3.jar
[28May2025 18:20:45.980] [main/DEBUG] [net.minecraftforge.fml.loading.moddiscovery.ModFileInfo/LOADING]: Found valid mod file canary-mc1.20.1-0.3.3.jar with {canary} mods - versions {0.3.3}
[28May2025 18:20:45.980] [main/DEBUG] [net.minecraftforge.fml.loading.moddiscovery.ModFileParser/LOADING]: Considering mod file candidate /workspaces/Server_Mine/servidor_minecraft/mods/Chunky-1.3.146.jar
[28May2025 18:20:45.982] [main/DEBUG] [net.minecraftforge.fml.loading.moddiscovery.ModFileInfo/LOADING]: Found valid mod file Chunky-1.3.146.jar with {chunky} mods - versions {1.3.146}
[28May2025 18:20:45.983] [main/DEBUG] [net.minecraftforge.fml.loading.moddiscovery.ModFileParser/LOADING]: Considering mod file candidate /workspaces/Server_Mine/servidor_minecraft/mods/citadel-2.6.1-1.20.1.jar
[28May2025 18:20:45.985] [main/DEBUG] [net.minecraftforge.fml.loading.moddiscovery.ModFileInfo/LOADING]: Found valid mod file citadel-2.6.1-1.20.1.jar with {citadel} mods - versions {2.6.1}
[28May2025 18:20:45.986] [main/DEBUG] [net.minecraftforge.fml.loading.moddiscovery.ModFileParser/LOADING]: Considering mod file candidate /workspaces/Server_Mine/servidor_minecraft/mods/CreativeCore_FORGE_v2.12.32_mc1.20.1.jar
[28May2025 18:20:45.988] [main/DEBUG] [net.minecraftforge.fml.loading.moddiscovery.ModFileInfo/LOADING]: Found valid mod file CreativeCore_FORGE_v2.12.32_mc1.20.1.jar with {creativecore} mods - versions {2.12.32}
[28May2025 18:20:45.989] [main/DEBUG] [net.minecraftforge.fml.loading.moddiscovery.ModFileParser/LOADING]: Considering mod file candidate /workspaces/Server_Mine/servidor_minecraft/mods/cupboard-1.20.1-2.7.jar
[28May2025 18:20:45.992] [main/DEBUG] [net.minecraftforge.fml.loading.moddiscovery.ModFileInfo/LOADING]: Found valid mod file cupboard-1.20.1-2.7.jar with {cupboard} mods - versions {1.20.1-2.7}
[28May2025 18:20:45.993] [main/DEBUG] [net.minecraftforge.fml.loading.moddiscovery.ModFileParser/LOADING]: Considering mod file candidate /workspaces/Server_Mine/servidor_minecraft/mods/curios-forge-5.14.1+1.20.1.jar
[28May2025 18:20:45.995] [main/DEBUG] [net.minecraftforge.fml.loading.moddiscovery.ModFileInfo/LOADING]: Found valid mod file curios-forge-5.14.1+1.20.1.jar with {curios} mods - versions {5.14.1+1.20.1}
[28May2025 18:20:45.998] [main/DEBUG] [net.minecraftforge.fml.loading.moddiscovery.ModFileParser/LOADING]: Considering mod file candidate /workspaces/Server_Mine/servidor_minecraft/mods/dungeons_and_combat-1.1.5-forge-1.20.1.jar
[28May2025 18:20:45.999] [main/DEBUG] [net.minecraftforge.fml.loading.moddiscovery.ModFileInfo/LOADING]: Found valid mod file dungeons_and_combat-1.1.5-forge-1.20.1.jar with {dungeons_and_combat} mods - versions {1.1.4}
[28May2025 18:20:46.000] [main/DEBUG] [net.minecraftforge.fml.loading.moddiscovery.ModFileParser/LOADING]: Considering mod file candidate /workspaces/Server_Mine/servidor_minecraft/mods/DungeonsArise-1.20.x-2.1.58-release.jar
[28May2025 18:20:46.001] [main/DEBUG] [net.minecraftforge.fml.loading.moddiscovery.ModFileInfo/LOADING]: Found valid mod file DungeonsArise-1.20.x-2.1.58-release.jar with {dungeons_arise} mods - versions {2.1.58-1.20.x}
[28May2025 18:20:46.002] [main/DEBUG] [net.minecraftforge.fml.loading.moddiscovery.ModFileParser/LOADING]: Considering mod file candidate /workspaces/Server_Mine/servidor_minecraft/mods/DungeonsAriseSevenSeas-1.20.x-1.0.2-forge.jar
[28May2025 18:20:46.003] [main/DEBUG] [net.minecraftforge.fml.loading.moddiscovery.ModFileInfo/LOADING]: Found valid mod file DungeonsAriseSevenSeas-1.20.x-1.0.2-forge.jar with {dungeons_arise_seven_seas} mods - versions {1.0.2}
[28May2025 18:20:46.004] [main/DEBUG] [net.minecraftforge.fml.loading.moddiscovery.ModFileParser/LOADING]: Considering mod file candidate /workspaces/Server_Mine/servidor_minecraft/mods/dynview-1.20.1-4.0.jar
[28May2025 18:20:46.005] [main/DEBUG] [net.minecraftforge.fml.loading.moddiscovery.ModFileInfo/LOADING]: Found valid mod file dynview-1.20.1-4.0.jar with {dynview} mods - versions {2.3}
[28May2025 18:20:46.007] [main/DEBUG] [net.minecraftforge.fml.loading.moddiscovery.ModFileParser/LOADING]: Considering mod file candidate /workspaces/Server_Mine/servidor_minecraft/mods/eeeabsmobs-1.20.1-0.97-Fix.jar
[28May2025 18:20:46.008] [main/DEBUG] [net.minecraftforge.fml.loading.moddiscovery.ModFileInfo/LOADING]: Found valid mod file eeeabsmobs-1.20.1-0.97-Fix.jar with {eeeabsmobs} mods - versions {1.20.1-0.97}
[28May2025 18:20:46.009] [main/DEBUG] [net.minecraftforge.fml.loading.moddiscovery.ModFileParser/LOADING]: Considering mod file candidate /workspaces/Server_Mine/servidor_minecraft/mods/efiscompat-2.2.4.jar
[28May2025 18:20:46.010] [main/DEBUG] [net.minecraftforge.fml.loading.moddiscovery.ModFileInfo/LOADING]: Found valid mod file efiscompat-2.2.4.jar with {efiscompat} mods - versions {2.2.4}
[28May2025 18:20:46.010] [main/DEBUG] [net.minecraftforge.fml.loading.moddiscovery.ModFileParser/LOADING]: Considering mod file candidate /workspaces/Server_Mine/servidor_minecraft/mods/ElysiumAPI-1.20.1-1.1.2.jar
[28May2025 18:20:46.011] [main/DEBUG] [net.minecraftforge.fml.loading.moddiscovery.ModFileInfo/LOADING]: Found valid mod file ElysiumAPI-1.20.1-1.1.2.jar with {elysium_api} mods - versions {1.1.2}
[28May2025 18:20:46.013] [main/DEBUG] [net.minecraftforge.fml.loading.moddiscovery.ModFileParser/LOADING]: Considering mod file candidate /workspaces/Server_Mine/servidor_minecraft/mods/embeddium-0.3.30+mc1.20.1.jar
[28May2025 18:20:46.014] [main/DEBUG] [net.minecraftforge.fml.loading.moddiscovery.ModFileInfo/LOADING]: Found valid mod file embeddium-0.3.30+mc1.20.1.jar with {embeddium,rubidium} mods - versions {0.3.30+mc1.20.1,0.7.1}
[28May2025 18:20:46.015] [main/DEBUG] [net.minecraftforge.fml.loading.moddiscovery.ModFileParser/LOADING]: Considering mod file candidate /workspaces/Server_Mine/servidor_minecraft/mods/entityculling-forge-1.7.4-mc1.20.1.jar
[28May2025 18:20:46.016] [main/DEBUG] [net.minecraftforge.fml.loading.moddiscovery.ModFileInfo/LOADING]: Found valid mod file entityculling-forge-1.7.4-mc1.20.1.jar with {entityculling} mods - versions {1.7.4}
[28May2025 18:20:46.018] [main/DEBUG] [net.minecraftforge.fml.loading.moddiscovery.ModFileParser/LOADING]: Considering mod file candidate /workspaces/Server_Mine/servidor_minecraft/mods/epicfight-forge-20.9.7-1.20.1.jar
[28May2025 18:20:46.019] [main/DEBUG] [net.minecraftforge.fml.loading.moddiscovery.ModFileInfo/LOADING]: Found valid mod file epicfight-forge-20.9.7-1.20.1.jar with {epicfight} mods - versions {20.9.7}
[28May2025 18:20:46.021] [main/DEBUG] [net.minecraftforge.fml.loading.moddiscovery.ModFileParser/LOADING]: Considering mod file candidate /workspaces/Server_Mine/servidor_minecraft/mods/EpicFight-Resurrection-forge1.20.1-0.1.28-hotFix1.jar
[28May2025 18:20:46.022] [main/DEBUG] [net.minecraftforge.fml.loading.moddiscovery.ModFileInfo/LOADING]: Found valid mod file EpicFight-Resurrection-forge1.20.1-0.1.28-hotFix1.jar with {cdmoveset} mods - versions {1.28}
[28May2025 18:20:46.023] [main/DEBUG] [net.minecraftforge.fml.loading.moddiscovery.ModFileParser/LOADING]: Considering mod file candidate /workspaces/Server_Mine/servidor_minecraft/mods/ESM-1.20.1-1.0.0.jar
[28May2025 18:20:46.023] [main/DEBUG] [net.minecraftforge.fml.loading.moddiscovery.ModFileInfo/LOADING]: Found valid mod file ESM-1.20.1-1.0.0.jar with {nightmareesm} mods - versions {1.0.0}
[28May2025 18:20:46.029] [main/DEBUG] [net.minecraftforge.fml.loading.moddiscovery.ModFileParser/LOADING]: Considering mod file candidate /workspaces/Server_Mine/servidor_minecraft/mods/ferritecore-6.0.1-forge (1).jar
[28May2025 18:20:46.030] [main/DEBUG] [net.minecraftforge.fml.loading.moddiscovery.ModFileInfo/LOADING]: Found valid mod file ferritecore-6.0.1-forge (1).jar with {ferritecore} mods - versions {6.0.1}
[28May2025 18:20:46.031] [main/DEBUG] [net.minecraftforge.fml.loading.moddiscovery.ModFileParser/LOADING]: Considering mod file candidate /workspaces/Server_Mine/servidor_minecraft/mods/geckolib-forge-1.20.1-4.7.1.2.jar
[28May2025 18:20:46.031] [main/DEBUG] [net.minecraftforge.fml.loading.moddiscovery.ModFileInfo/LOADING]: Found valid mod file geckolib-forge-1.20.1-4.7.1.2.jar with {geckolib} mods - versions {4.7.1.2}
[28May2025 18:20:46.034] [main/DEBUG] [net.minecraftforge.fml.loading.moddiscovery.ModFileParser/LOADING]: Considering mod file candidate /workspaces/Server_Mine/servidor_minecraft/mods/irons_spellbooks-1.20.1-3.4.0.9.jar
[28May2025 18:20:46.036] [main/DEBUG] [net.minecraftforge.fml.loading.moddiscovery.ModFileInfo/LOADING]: Found valid mod file irons_spellbooks-1.20.1-3.4.0.9.jar with {irons_spellbooks} mods - versions {1.20.1-3.4.0.9}
[28May2025 18:20:46.041] [main/DEBUG] [net.minecraftforge.fml.loading.moddiscovery.ModFileParser/LOADING]: Considering mod file candidate /workspaces/Server_Mine/servidor_minecraft/mods/Jadens-Nether-Expansion-2.3.2.jar
[28May2025 18:20:46.042] [main/DEBUG] [net.minecraftforge.fml.loading.moddiscovery.ModFileInfo/LOADING]: Found valid mod file Jadens-Nether-Expansion-2.3.2.jar with {netherexp} mods - versions {2.3.2}
[28May2025 18:20:46.043] [main/DEBUG] [net.minecraftforge.fml.loading.moddiscovery.ModFileParser/LOADING]: Considering mod file candidate /workspaces/Server_Mine/servidor_minecraft/mods/jei-1.20.1-forge-15.12.2.51.jar
[28May2025 18:20:46.045] [main/DEBUG] [net.minecraftforge.fml.loading.moddiscovery.ModFileInfo/LOADING]: Found valid mod file jei-1.20.1-forge-15.12.2.51.jar with {jei} mods - versions {15.12.2.51}
[28May2025 18:20:46.048] [main/DEBUG] [net.minecraftforge.fml.loading.moddiscovery.ModFileParser/LOADING]: Considering mod file candidate /workspaces/Server_Mine/servidor_minecraft/mods/journeymap-1.20.1-5.10.1-forge.jar
[28May2025 18:20:46.049] [main/DEBUG] [net.minecraftforge.fml.loading.moddiscovery.ModFileInfo/LOADING]: Found valid mod file journeymap-1.20.1-5.10.1-forge.jar with {journeymap} mods - versions {5.10.1}
[28May2025 18:20:46.050] [main/DEBUG] [net.minecraftforge.fml.loading.moddiscovery.ModFileParser/LOADING]: Considering mod file candidate /workspaces/Server_Mine/servidor_minecraft/mods/JustEnoughResources-1.20.1-1.4.0.247.jar
[28May2025 18:20:46.050] [main/DEBUG] [net.minecraftforge.fml.loading.moddiscovery.ModFileInfo/LOADING]: Found valid mod file JustEnoughResources-1.20.1-1.4.0.247.jar with {jeresources} mods - versions {1.4.0.247}
[28May2025 18:20:46.053] [main/DEBUG] [net.minecraftforge.fml.loading.moddiscovery.ModFileParser/LOADING]: Considering mod file candidate /workspaces/Server_Mine/servidor_minecraft/mods/L_Enders_Cataclysm 1.20.1-2.66.jar
[28May2025 18:20:46.054] [main/DEBUG] [net.minecraftforge.fml.loading.moddiscovery.ModFileInfo/LOADING]: Found valid mod file L_Enders_Cataclysm 1.20.1-2.66.jar with {cataclysm} mods - versions {2.65}
[28May2025 18:20:46.056] [main/DEBUG] [net.minecraftforge.fml.loading.moddiscovery.ModFileParser/LOADING]: Considering mod file candidate /workspaces/Server_Mine/servidor_minecraft/mods/legendarymonsters-1.9.4 MC 1.20.1.jar
[28May2025 18:20:46.057] [main/DEBUG] [net.minecraftforge.fml.loading.moddiscovery.ModFileInfo/LOADING]: Found valid mod file legendarymonsters-1.9.4 MC 1.20.1.jar with {legendary_monsters} mods - versions {1.20.1}
[28May2025 18:20:46.058] [main/DEBUG] [net.minecraftforge.fml.loading.moddiscovery.ModFileParser/LOADING]: Considering mod file candidate /workspaces/Server_Mine/servidor_minecraft/mods/lionfishapi-2.4-Fix.jar
[28May2025 18:20:46.059] [main/DEBUG] [net.minecraftforge.fml.loading.moddiscovery.ModFileInfo/LOADING]: Found valid mod file lionfishapi-2.4-Fix.jar with {lionfishapi} mods - versions {2.4-Fix}
[28May2025 18:20:46.059] [main/DEBUG] [net.minecraftforge.fml.loading.moddiscovery.ModFileParser/LOADING]: Considering mod file candidate /workspaces/Server_Mine/servidor_minecraft/mods/memoryleakfix-forge-1.17+-1.1.5.jar
[28May2025 18:20:46.060] [main/DEBUG] [net.minecraftforge.fml.loading.moddiscovery.ModFileInfo/LOADING]: Found valid mod file memoryleakfix-forge-1.17+-1.1.5.jar with {memoryleakfix} mods - versions {1.1.5}
[28May2025 18:20:46.061] [main/DEBUG] [net.minecraftforge.fml.loading.moddiscovery.ModFileParser/LOADING]: Considering mod file candidate /workspaces/Server_Mine/servidor_minecraft/mods/modernfix-forge-5.21.0+mc1.20.1 (1).jar
[28May2025 18:20:46.062] [main/DEBUG] [net.minecraftforge.fml.loading.moddiscovery.ModFileInfo/LOADING]: Found valid mod file modernfix-forge-5.21.0+mc1.20.1 (1).jar with {modernfix} mods - versions {5.21.0+mc1.20.1}
[28May2025 18:20:46.068] [main/DEBUG] [net.minecraftforge.fml.loading.moddiscovery.ModFileParser/LOADING]: Considering mod file candidate /workspaces/Server_Mine/servidor_minecraft/mods/mofus_broken_constellation-0.9.0-forge-1.20.1.jar
[28May2025 18:20:46.069] [main/DEBUG] [net.minecraftforge.fml.loading.moddiscovery.ModFileInfo/LOADING]: Found valid mod file mofus_broken_constellation-0.9.0-forge-1.20.1.jar with {mofus_better_end_} mods - versions {1.0.0}
[28May2025 18:20:46.069] [main/DEBUG] [net.minecraftforge.fml.loading.moddiscovery.ModFileParser/LOADING]: Considering mod file candidate /workspaces/Server_Mine/servidor_minecraft/mods/mowzies_cataclysm-1.2.0.jar
[28May2025 18:20:46.070] [main/DEBUG] [net.minecraftforge.fml.loading.moddiscovery.ModFileInfo/LOADING]: Found valid mod file mowzies_cataclysm-1.2.0.jar with {mowzies_cataclysm} mods - versions {1.2.0}
[28May2025 18:20:46.088] [main/DEBUG] [net.minecraftforge.fml.loading.moddiscovery.ModFileParser/LOADING]: Considering mod file candidate /workspaces/Server_Mine/servidor_minecraft/mods/mowziesmobs-1.7.2.jar
[28May2025 18:20:46.089] [main/DEBUG] [net.minecraftforge.fml.loading.moddiscovery.ModFileInfo/LOADING]: Found valid mod file mowziesmobs-1.7.2.jar with {mowziesmobs} mods - versions {1.7.2}
[28May2025 18:20:46.090] [main/DEBUG] [net.minecraftforge.fml.loading.moddiscovery.ModFileParser/LOADING]: Considering mod file candidate /workspaces/Server_Mine/servidor_minecraft/mods/Not Enough Recipe Book-FORGE-0.4.1+1.20.1.jar
[28May2025 18:20:46.090] [main/DEBUG] [net.minecraftforge.fml.loading.moddiscovery.ModFileInfo/LOADING]: Found valid mod file Not Enough Recipe Book-FORGE-0.4.1+1.20.1.jar with {nerb} mods - versions {0.4.1}
[28May2025 18:20:46.091] [main/DEBUG] [net.minecraftforge.fml.loading.moddiscovery.ModFileParser/LOADING]: Considering mod file candidate /workspaces/Server_Mine/servidor_minecraft/mods/OctoLib-FORGE-0.4.2+1.20.1.jar
[28May2025 18:20:46.092] [main/DEBUG] [net.minecraftforge.fml.loading.moddiscovery.ModFileInfo/LOADING]: Found valid mod file OctoLib-FORGE-0.4.2+1.20.1.jar with {octolib} mods - versions {0.4.2}
[28May2025 18:20:46.092] [main/DEBUG] [net.minecraftforge.fml.loading.moddiscovery.ModFileParser/LOADING]: Considering mod file candidate /workspaces/Server_Mine/servidor_minecraft/mods/Placebo-1.20.1-8.6.3.jar
[28May2025 18:20:46.093] [main/DEBUG] [net.minecraftforge.fml.loading.moddiscovery.ModFileInfo/LOADING]: Found valid mod file Placebo-1.20.1-8.6.3.jar with {placebo} mods - versions {8.6.3}
[28May2025 18:20:46.093] [main/DEBUG] [net.minecraftforge.fml.loading.moddiscovery.ModFileParser/LOADING]: Considering mod file candidate /workspaces/Server_Mine/servidor_minecraft/mods/player-animation-lib-forge-1.0.2-rc1+1.20.jar
[28May2025 18:20:46.094] [main/DEBUG] [net.minecraftforge.fml.loading.moddiscovery.ModFileInfo/LOADING]: Found valid mod file player-animation-lib-forge-1.0.2-rc1+1.20.jar with {playeranimator} mods - versions {1.0.2-rc1+1.20}
[28May2025 18:20:46.094] [main/DEBUG] [net.minecraftforge.fml.loading.moddiscovery.ModFileParser/LOADING]: Considering mod file candidate /workspaces/Server_Mine/servidor_minecraft/mods/PlayerRevive_FORGE_v2.0.31_mc1.20.1.jar
[28May2025 18:20:46.095] [main/DEBUG] [net.minecraftforge.fml.loading.moddiscovery.ModFileInfo/LOADING]: Found valid mod file PlayerRevive_FORGE_v2.0.31_mc1.20.1.jar with {playerrevive} mods - versions {2.0.31}
[28May2025 18:20:46.096] [main/DEBUG] [net.minecraftforge.fml.loading.moddiscovery.ModFileParser/LOADING]: Considering mod file candidate /workspaces/Server_Mine/servidor_minecraft/mods/relics-1.20.1-0.8.0.9.jar
[28May2025 18:20:46.097] [main/DEBUG] [net.minecraftforge.fml.loading.moddiscovery.ModFileInfo/LOADING]: Found valid mod file relics-1.20.1-0.8.0.9.jar with {relics} mods - versions {0.8.0.9}
[28May2025 18:20:46.097] [main/DEBUG] [net.minecraftforge.fml.loading.moddiscovery.ModFileParser/LOADING]: Considering mod file candidate /workspaces/Server_Mine/servidor_minecraft/mods/rubidium-extra-0.5.4.4+mc1.20.1-build.131.jar
[28May2025 18:20:46.098] [main/DEBUG] [net.minecraftforge.fml.loading.moddiscovery.ModFileInfo/LOADING]: Found valid mod file rubidium-extra-0.5.4.4+mc1.20.1-build.131.jar with {embeddium_extra} mods - versions {0.5.4.4+mc1.20.1-build.131}
[28May2025 18:20:46.099] [main/DEBUG] [net.minecraftforge.fml.loading.moddiscovery.ModFileParser/LOADING]: Considering mod file candidate /workspaces/Server_Mine/servidor_minecraft/mods/servercore-forge-1.5.2+1.20.1.jar
[28May2025 18:20:46.100] [main/DEBUG] [net.minecraftforge.fml.loading.moddiscovery.ModFileInfo/LOADING]: Found valid mod file servercore-forge-1.5.2+1.20.1.jar with {servercore} mods - versions {1.5.2+1.20.1}
[28May2025 18:20:46.102] [main/DEBUG] [net.minecraftforge.fml.loading.moddiscovery.ModFileParser/LOADING]: Considering mod file candidate /workspaces/Server_Mine/servidor_minecraft/mods/Terralith_1.20.x_v2.5.4.jar
[28May2025 18:20:46.102] [main/DEBUG] [net.minecraftforge.fml.loading.moddiscovery.ModFileInfo/LOADING]: Found valid mod file Terralith_1.20.x_v2.5.4.jar with {terralith} mods - versions {2.5.4}
[28May2025 18:20:46.108] [main/DEBUG] [net.minecraftforge.fml.loading.moddiscovery.ModFileParser/LOADING]: Considering mod file candidate /workspaces/Server_Mine/servidor_minecraft/mods/tl_skin_cape_forge_1.20_1.20.1-1.32.jar
[28May2025 18:20:46.109] [main/DEBUG] [net.minecraftforge.fml.loading.moddiscovery.ModFileInfo/LOADING]: Found valid mod file tl_skin_cape_forge_1.20_1.20.1-1.32.jar with {tlskincape} mods - versions {1.32}
[28May2025 18:20:46.110] [main/DEBUG] [net.minecraftforge.fml.loading.moddiscovery.ModFileParser/LOADING]: Considering mod file candidate /workspaces/Server_Mine/servidor_minecraft/mods/tombstone-1.20.1-8.9.4.jar
[28May2025 18:20:46.111] [main/DEBUG] [net.minecraftforge.fml.loading.moddiscovery.ModFileInfo/LOADING]: Found valid mod file tombstone-1.20.1-8.9.4.jar with {tombstone} mods - versions {8.9.4}
[28May2025 18:20:46.112] [main/DEBUG] [net.minecraftforge.fml.loading.moddiscovery.ModFileParser/LOADING]: Considering mod file candidate /workspaces/Server_Mine/servidor_minecraft/mods/travelersbackpack-forge-1.20.1-9.1.36.jar
[28May2025 18:20:46.112] [main/DEBUG] [net.minecraftforge.fml.loading.moddiscovery.ModFileInfo/LOADING]: Found valid mod file travelersbackpack-forge-1.20.1-9.1.36.jar with {travelersbackpack} mods - versions {9.1.36}
[28May2025 18:20:46.114] [main/DEBUG] [net.minecraftforge.fml.loading.moddiscovery.ModFileParser/LOADING]: Considering mod file candidate /workspaces/Server_Mine/servidor_minecraft/mods/traveloptics-4.4.0-1.20.1.jar
[28May2025 18:20:46.115] [main/DEBUG] [net.minecraftforge.fml.loading.moddiscovery.ModFileInfo/LOADING]: Found valid mod file traveloptics-4.4.0-1.20.1.jar with {traveloptics} mods - versions {4.4.0-1.20.1}
[28May2025 18:20:46.116] [main/DEBUG] [net.minecraftforge.fml.loading.moddiscovery.ModFileParser/LOADING]: Considering mod file candidate /workspaces/Server_Mine/servidor_minecraft/mods/WeaponsOfMiracles-20.1.8.5.6.jar
[28May2025 18:20:46.116] [main/DEBUG] [net.minecraftforge.fml.loading.moddiscovery.ModFileInfo/LOADING]: Found valid mod file WeaponsOfMiracles-20.1.8.5.6.jar with {wom} mods - versions {20.1.8.5.6}
[28May2025 18:20:46.216] [main/DEBUG] [net.minecraftforge.fml.loading.moddiscovery.ModFileInfo/LOADING]: Found valid mod file server-1.20.1-20230612.114412-srg.jar with {minecraft} mods - versions {1.20.1}
[28May2025 18:20:46.219] [main/DEBUG] [net.minecraftforge.fml.loading.moddiscovery.ModFileParser/LOADING]: Considering mod file candidate /workspaces/Server_Mine/servidor_minecraft/libraries/net/minecraftforge/fmlcore/1.20.1-47.3.7/fmlcore-1.20.1-47.3.7.jar
[28May2025 18:20:46.220] [main/WARN] [net.minecraftforge.fml.loading.moddiscovery.ModFileParser/LOADING]: Mod file /workspaces/Server_Mine/servidor_minecraft/libraries/net/minecraftforge/fmlcore/1.20.1-47.3.7/fmlcore-1.20.1-47.3.7.jar is missing mods.toml file
[28May2025 18:20:46.223] [main/DEBUG] [net.minecraftforge.fml.loading.moddiscovery.ModFileParser/LOADING]: Considering mod file candidate /workspaces/Server_Mine/servidor_minecraft/libraries/net/minecraftforge/javafmllanguage/1.20.1-47.3.7/javafmllanguage-1.20.1-47.3.7.jar
[28May2025 18:20:46.223] [main/WARN] [net.minecraftforge.fml.loading.moddiscovery.ModFileParser/LOADING]: Mod file /workspaces/Server_Mine/servidor_minecraft/libraries/net/minecraftforge/javafmllanguage/1.20.1-47.3.7/javafmllanguage-1.20.1-47.3.7.jar is missing mods.toml file
[28May2025 18:20:46.224] [main/DEBUG] [net.minecraftforge.fml.loading.moddiscovery.ModFileParser/LOADING]: Considering mod file candidate /workspaces/Server_Mine/servidor_minecraft/libraries/net/minecraftforge/lowcodelanguage/1.20.1-47.3.7/lowcodelanguage-1.20.1-47.3.7.jar
[28May2025 18:20:46.224] [main/WARN] [net.minecraftforge.fml.loading.moddiscovery.ModFileParser/LOADING]: Mod file /workspaces/Server_Mine/servidor_minecraft/libraries/net/minecraftforge/lowcodelanguage/1.20.1-47.3.7/lowcodelanguage-1.20.1-47.3.7.jar is missing mods.toml file
[28May2025 18:20:46.226] [main/DEBUG] [net.minecraftforge.fml.loading.moddiscovery.ModFileParser/LOADING]: Considering mod file candidate /workspaces/Server_Mine/servidor_minecraft/libraries/net/minecraftforge/mclanguage/1.20.1-47.3.7/mclanguage-1.20.1-47.3.7.jar
[28May2025 18:20:46.226] [main/WARN] [net.minecraftforge.fml.loading.moddiscovery.ModFileParser/LOADING]: Mod file /workspaces/Server_Mine/servidor_minecraft/libraries/net/minecraftforge/mclanguage/1.20.1-47.3.7/mclanguage-1.20.1-47.3.7.jar is missing mods.toml file
[28May2025 18:20:46.257] [main/DEBUG] [net.minecraftforge.fml.loading.moddiscovery.ModFileParser/LOADING]: Considering mod file candidate /workspaces/Server_Mine/servidor_minecraft/libraries/net/minecraftforge/forge/1.20.1-47.3.7/forge-1.20.1-47.3.7-universal.jar
[28May2025 18:20:46.258] [main/DEBUG] [net.minecraftforge.fml.loading.moddiscovery.ModFileInfo/LOADING]: Found valid mod file forge-1.20.1-47.3.7-universal.jar with {forge} mods - versions {47.3.7}
[28May2025 18:20:46.269] [main/DEBUG] [net.minecraftforge.fml.loading.moddiscovery.AbstractJarFileDependencyLocator/]: Failed to load resource META-INF/jarjar/metadata.json from mowziesmobs-1.7.2.jar, it does not contain dependency information.
[28May2025 18:20:46.269] [main/DEBUG] [net.minecraftforge.fml.loading.moddiscovery.AbstractJarFileDependencyLocator/]: Failed to load resource META-INF/jarjar/metadata.json from efiscompat-2.2.4.jar, it does not contain dependency information.
[28May2025 18:20:46.269] [main/DEBUG] [net.minecraftforge.fml.loading.moddiscovery.AbstractJarFileDependencyLocator/]: Failed to load resource META-INF/jarjar/metadata.json from player-animation-lib-forge-1.0.2-rc1+1.20.jar, it does not contain dependency information.
[28May2025 18:20:46.269] [main/DEBUG] [net.minecraftforge.fml.loading.moddiscovery.AbstractJarFileDependencyLocator/]: Failed to load resource META-INF/jarjar/metadata.json from ElysiumAPI-1.20.1-1.1.2.jar, it does not contain dependency information.
[28May2025 18:20:46.269] [main/DEBUG] [net.minecraftforge.fml.loading.moddiscovery.AbstractJarFileDependencyLocator/]: Failed to load resource META-INF/jarjar/metadata.json from mowzies_cataclysm-1.2.0.jar, it does not contain dependency information.
[28May2025 18:20:46.270] [main/DEBUG] [net.minecraftforge.fml.loading.moddiscovery.AbstractJarFileDependencyLocator/]: Failed to load resource META-INF/jarjar/metadata.json from jei-1.20.1-forge-15.12.2.51.jar, it does not contain dependency information.
[28May2025 18:20:46.270] [main/DEBUG] [net.minecraftforge.fml.loading.moddiscovery.AbstractJarFileDependencyLocator/]: Failed to load resource META-INF/jarjar/metadata.json from WeaponsOfMiracles-20.1.8.5.6.jar, it does not contain dependency information.
[28May2025 18:20:46.270] [main/DEBUG] [net.minecraftforge.fml.loading.moddiscovery.AbstractJarFileDependencyLocator/]: Failed to load resource META-INF/jarjar/metadata.json from Not Enough Recipe Book-FORGE-0.4.1+1.20.1.jar, it does not contain dependency information.
[28May2025 18:20:46.270] [main/DEBUG] [net.minecraftforge.fml.loading.moddiscovery.AbstractJarFileDependencyLocator/]: Failed to load resource META-INF/jarjar/metadata.json from caelus-forge-3.2.0+1.20.1.jar, it does not contain dependency information.
[28May2025 18:20:46.270] [main/DEBUG] [net.minecraftforge.fml.loading.moddiscovery.AbstractJarFileDependencyLocator/]: Failed to load resource META-INF/jarjar/metadata.json from epicfight-forge-20.9.7-1.20.1.jar, it does not contain dependency information.
[28May2025 18:20:46.270] [main/DEBUG] [net.minecraftforge.fml.loading.moddiscovery.AbstractJarFileDependencyLocator/]: Failed to load resource META-INF/jarjar/metadata.json from journeymap-1.20.1-5.10.1-forge.jar, it does not contain dependency information.
[28May2025 18:20:46.270] [main/DEBUG] [net.minecraftforge.fml.loading.moddiscovery.AbstractJarFileDependencyLocator/]: Failed to load resource META-INF/jarjar/metadata.json from Placebo-1.20.1-8.6.3.jar, it does not contain dependency information.
[28May2025 18:20:46.270] [main/DEBUG] [net.minecraftforge.fml.loading.moddiscovery.AbstractJarFileDependencyLocator/]: Failed to load resource META-INF/jarjar/metadata.json from dungeons_and_combat-1.1.5-forge-1.20.1.jar, it does not contain dependency information.
[28May2025 18:20:46.271] [main/DEBUG] [net.minecraftforge.fml.loading.moddiscovery.AbstractJarFileDependencyLocator/]: Failed to load resource META-INF/jarjar/metadata.json from citadel-2.6.1-1.20.1.jar, it does not contain dependency information.
[28May2025 18:20:46.271] [main/DEBUG] [net.minecraftforge.fml.loading.moddiscovery.AbstractJarFileDependencyLocator/]: Failed to load resource META-INF/jarjar/metadata.json from travelersbackpack-forge-1.20.1-9.1.36.jar, it does not contain dependency information.
[28May2025 18:20:46.271] [main/DEBUG] [net.minecraftforge.fml.loading.moddiscovery.AbstractJarFileDependencyLocator/]: Failed to load resource META-INF/jarjar/metadata.json from relics-1.20.1-0.8.0.9.jar, it does not contain dependency information.
[28May2025 18:20:46.271] [main/DEBUG] [net.minecraftforge.fml.loading.moddiscovery.AbstractJarFileDependencyLocator/]: Failed to load resource META-INF/jarjar/metadata.json from Terralith_1.20.x_v2.5.4.jar, it does not contain dependency information.
[28May2025 18:20:46.271] [main/DEBUG] [net.minecraftforge.fml.loading.moddiscovery.AbstractJarFileDependencyLocator/]: Failed to load resource META-INF/jarjar/metadata.json from dynview-1.20.1-4.0.jar, it does not contain dependency information.
[28May2025 18:20:46.271] [main/DEBUG] [net.minecraftforge.fml.loading.moddiscovery.AbstractJarFileDependencyLocator/]: Failed to load resource META-INF/jarjar/metadata.json from memoryleakfix-forge-1.17+-1.1.5.jar, it does not contain dependency information.
[28May2025 18:20:46.271] [main/DEBUG] [net.minecraftforge.fml.loading.moddiscovery.AbstractJarFileDependencyLocator/]: Failed to load resource META-INF/jarjar/metadata.json from JustEnoughResources-1.20.1-1.4.0.247.jar, it does not contain dependency information.
[28May2025 18:20:46.272] [main/DEBUG] [net.minecraftforge.fml.loading.moddiscovery.AbstractJarFileDependencyLocator/]: Failed to load resource META-INF/jarjar/metadata.json from DungeonsAriseSevenSeas-1.20.x-1.0.2-forge.jar, it does not contain dependency information.
[28May2025 18:20:46.272] [main/DEBUG] [net.minecraftforge.fml.loading.moddiscovery.AbstractJarFileDependencyLocator/]: Failed to load resource META-INF/jarjar/metadata.json from forge-1.20.1-47.3.7-universal.jar, it does not contain dependency information.
[28May2025 18:20:46.272] [main/DEBUG] [net.minecraftforge.fml.loading.moddiscovery.AbstractJarFileDependencyLocator/]: Failed to load resource META-INF/jarjar/metadata.json from tl_skin_cape_forge_1.20_1.20.1-1.32.jar, it does not contain dependency information.
[28May2025 18:20:46.272] [main/DEBUG] [net.minecraftforge.fml.loading.moddiscovery.AbstractJarFileDependencyLocator/]: Failed to load resource META-INF/jarjar/metadata.json from DungeonsArise-1.20.x-2.1.58-release.jar, it does not contain dependency information.
[28May2025 18:20:46.272] [main/DEBUG] [net.minecraftforge.fml.loading.moddiscovery.AbstractJarFileDependencyLocator/]: Failed to load resource META-INF/jarjar/metadata.json from server-1.20.1-20230612.114412-srg.jar, it does not contain dependency information.
[28May2025 18:20:46.273] [main/DEBUG] [net.minecraftforge.fml.loading.moddiscovery.AbstractJarFileDependencyLocator/]: Failed to load resource META-INF/jarjar/metadata.json from alexscaves-2.0.2.jar, it does not contain dependency information.
[28May2025 18:20:46.273] [main/DEBUG] [net.minecraftforge.fml.loading.moddiscovery.AbstractJarFileDependencyLocator/]: Failed to load resource META-INF/jarjar/metadata.json from ESM-1.20.1-1.0.0.jar, it does not contain dependency information.
[28May2025 18:20:46.273] [main/DEBUG] [net.minecraftforge.fml.loading.moddiscovery.AbstractJarFileDependencyLocator/]: Failed to load resource META-INF/jarjar/metadata.json from mofus_broken_constellation-0.9.0-forge-1.20.1.jar, it does not contain dependency information.
[28May2025 18:20:46.273] [main/DEBUG] [net.minecraftforge.fml.loading.moddiscovery.AbstractJarFileDependencyLocator/]: Failed to load resource META-INF/jarjar/metadata.json from CreativeCore_FORGE_v2.12.32_mc1.20.1.jar, it does not contain dependency information.
[28May2025 18:20:46.273] [main/DEBUG] [net.minecraftforge.fml.loading.moddiscovery.AbstractJarFileDependencyLocator/]: Failed to load resource META-INF/jarjar/metadata.json from Chunky-1.3.146.jar, it does not contain dependency information.
[28May2025 18:20:46.273] [main/DEBUG] [net.minecraftforge.fml.loading.moddiscovery.AbstractJarFileDependencyLocator/]: Failed to load resource META-INF/jarjar/metadata.json from eeeabsmobs-1.20.1-0.97-Fix.jar, it does not contain dependency information.
[28May2025 18:20:46.274] [main/DEBUG] [net.minecraftforge.fml.loading.moddiscovery.AbstractJarFileDependencyLocator/]: Failed to load resource META-INF/jarjar/metadata.json from lionfishapi-2.4-Fix.jar, it does not contain dependency information.
[28May2025 18:20:46.274] [main/DEBUG] [net.minecraftforge.fml.loading.moddiscovery.AbstractJarFileDependencyLocator/]: Failed to load resource META-INF/jarjar/metadata.json from traveloptics-4.4.0-1.20.1.jar, it does not contain dependency information.
[28May2025 18:20:46.274] [main/DEBUG] [net.minecraftforge.fml.loading.moddiscovery.AbstractJarFileDependencyLocator/]: Failed to load resource META-INF/jarjar/metadata.json from L_Enders_Cataclysm 1.20.1-2.66.jar, it does not contain dependency information.
[28May2025 18:20:46.274] [main/DEBUG] [net.minecraftforge.fml.loading.moddiscovery.AbstractJarFileDependencyLocator/]: Failed to load resource META-INF/jarjar/metadata.json from curios-forge-5.14.1+1.20.1.jar, it does not contain dependency information.
[28May2025 18:20:46.274] [main/DEBUG] [net.minecraftforge.fml.loading.moddiscovery.AbstractJarFileDependencyLocator/]: Failed to load resource META-INF/jarjar/metadata.json from legendarymonsters-1.9.4 MC 1.20.1.jar, it does not contain dependency information.
[28May2025 18:20:46.274] [main/DEBUG] [net.minecraftforge.fml.loading.moddiscovery.AbstractJarFileDependencyLocator/]: Failed to load resource META-INF/jarjar/metadata.json from irons_spellbooks-1.20.1-3.4.0.9.jar, it does not contain dependency information.
[28May2025 18:20:46.275] [main/DEBUG] [net.minecraftforge.fml.loading.moddiscovery.AbstractJarFileDependencyLocator/]: Failed to load resource META-INF/jarjar/metadata.json from ApothicAttributes-1.20.1-1.3.7.jar, it does not contain dependency information.
[28May2025 18:20:46.275] [main/DEBUG] [net.minecraftforge.fml.loading.moddiscovery.AbstractJarFileDependencyLocator/]: Failed to load resource META-INF/jarjar/metadata.json from entityculling-forge-1.7.4-mc1.20.1.jar, it does not contain dependency information.
[28May2025 18:20:46.275] [main/DEBUG] [net.minecraftforge.fml.loading.moddiscovery.AbstractJarFileDependencyLocator/]: Failed to load resource META-INF/jarjar/metadata.json from canary-mc1.20.1-0.3.3.jar, it does not contain dependency information.
[28May2025 18:20:46.275] [main/DEBUG] [net.minecraftforge.fml.loading.moddiscovery.AbstractJarFileDependencyLocator/]: Failed to load resource META-INF/jarjar/metadata.json from tombstone-1.20.1-8.9.4.jar, it does not contain dependency information.
[28May2025 18:20:46.275] [main/DEBUG] [net.minecraftforge.fml.loading.moddiscovery.AbstractJarFileDependencyLocator/]: Failed to load resource META-INF/jarjar/metadata.json from architectury-9.2.14-forge.jar, it does not contain dependency information.
[28May2025 18:20:46.275] [main/DEBUG] [net.minecraftforge.fml.loading.moddiscovery.AbstractJarFileDependencyLocator/]: Failed to load resource META-INF/jarjar/metadata.json from ferritecore-6.0.1-forge (1).jar, it does not contain dependency information.
[28May2025 18:20:46.275] [main/DEBUG] [net.minecraftforge.fml.loading.moddiscovery.AbstractJarFileDependencyLocator/]: Failed to load resource META-INF/jarjar/metadata.json from AI-Improvements-1.20-0.5.2.jar, it does not contain dependency information.
[28May2025 18:20:46.276] [main/DEBUG] [net.minecraftforge.fml.loading.moddiscovery.AbstractJarFileDependencyLocator/]: Failed to load resource META-INF/jarjar/metadata.json from cupboard-1.20.1-2.7.jar, it does not contain dependency information.
[28May2025 18:20:46.276] [main/DEBUG] [net.minecraftforge.fml.loading.moddiscovery.AbstractJarFileDependencyLocator/]: Failed to load resource META-INF/jarjar/metadata.json from PlayerRevive_FORGE_v2.0.31_mc1.20.1.jar, it does not contain dependency information.
[28May2025 18:20:46.276] [main/DEBUG] [net.minecraftforge.fml.loading.moddiscovery.AbstractJarFileDependencyLocator/]: Failed to load resource META-INF/jarjar/metadata.json from EpicFight-Resurrection-forge1.20.1-0.1.28-hotFix1.jar, it does not contain dependency information.
[28May2025 18:20:46.276] [main/DEBUG] [net.minecraftforge.fml.loading.moddiscovery.AbstractJarFileDependencyLocator/]: Failed to load resource META-INF/jarjar/metadata.json from mclanguage-1.20.1-47.3.7.jar, it does not contain dependency information.
[28May2025 18:20:46.276] [main/DEBUG] [net.minecraftforge.fml.loading.moddiscovery.AbstractJarFileDependencyLocator/]: Failed to load resource META-INF/jarjar/metadata.json from javafmllanguage-1.20.1-47.3.7.jar, it does not contain dependency information.
[28May2025 18:20:46.276] [main/DEBUG] [net.minecraftforge.fml.loading.moddiscovery.AbstractJarFileDependencyLocator/]: Failed to load resource META-INF/jarjar/metadata.json from fmlcore-1.20.1-47.3.7.jar, it does not contain dependency information.
[28May2025 18:20:46.277] [main/DEBUG] [net.minecraftforge.fml.loading.moddiscovery.AbstractJarFileDependencyLocator/]: Failed to load resource META-INF/jarjar/metadata.json from lowcodelanguage-1.20.1-47.3.7.jar, it does not contain dependency information.
[28May2025 18:20:46.330] [main/DEBUG] [net.minecraftforge.fml.loading.moddiscovery.ModFileParser/LOADING]: Considering mod file candidate 
[28May2025 18:20:46.331] [main/DEBUG] [net.minecraftforge.fml.loading.moddiscovery.ModFileInfo/LOADING]: Found valid mod file mixinextras-forge-0.3.1.jar with {mixinextras} mods - versions {0.3.1}
[28May2025 18:20:46.350] [main/DEBUG] [net.minecraftforge.fml.loading.moddiscovery.ModFileParser/LOADING]: Considering mod file candidate 
[28May2025 18:20:46.350] [main/DEBUG] [net.minecraftforge.fml.loading.moddiscovery.ModFileInfo/LOADING]: Found valid mod file mixinextras-forge-0.4.1.jar with {mixinextras} mods - versions {0.4.1}
[28May2025 18:20:46.353] [main/DEBUG] [net.minecraftforge.fml.loading.moddiscovery.ModFileParser/LOADING]: Considering mod file candidate 
[28May2025 18:20:46.353] [main/DEBUG] [net.minecraftforge.fml.loading.moddiscovery.ModFileInfo/LOADING]: Found valid mod file mixinextras-forge-0.4.1.jar with {mixinextras} mods - versions {0.4.1}
[28May2025 18:20:46.356] [main/DEBUG] [net.minecraftforge.fml.loading.moddiscovery.ModFileParser/LOADING]: Considering mod file candidate 
[28May2025 18:20:46.356] [main/DEBUG] [net.minecraftforge.fml.loading.moddiscovery.ModFileInfo/LOADING]: Found valid mod file mixinextras-forge-0.4.1.jar with {mixinextras} mods - versions {0.4.1}
[28May2025 18:20:46.403] [main/DEBUG] [net.minecraftforge.fml.loading.moddiscovery.ModFileParser/LOADING]: Considering mod file candidate 
[28May2025 18:20:46.404] [main/DEBUG] [net.minecraftforge.fml.loading.moddiscovery.ModFileInfo/LOADING]: Found valid mod file mixinextras-forge-0.3.5.jar with {mixinextras} mods - versions {0.3.5}
[28May2025 18:20:46.410] [main/DEBUG] [net.minecraftforge.fml.loading.moddiscovery.AbstractJarFileDependencyLocator/]: Failed to load resource META-INF/jarjar/metadata.json from snakeyaml-2.2.jar, it does not contain dependency information.
[28May2025 18:20:46.410] [main/DEBUG] [net.minecraftforge.fml.loading.moddiscovery.AbstractJarFileDependencyLocator/]: Failed to load resource META-INF/jarjar/metadata.json from dazzleconf-core-1.3.0-M2.jar, it does not contain dependency information.
[28May2025 18:20:46.410] [main/DEBUG] [net.minecraftforge.fml.loading.moddiscovery.AbstractJarFileDependencyLocator/]: Failed to load resource META-INF/jarjar/metadata.json from dazzleconf-ext-snakeyaml-1.3.0-M2.jar, it does not contain dependency information.
[28May2025 18:20:46.410] [main/DEBUG] [net.minecraftforge.fml.loading.moddiscovery.AbstractJarFileDependencyLocator/]: Failed to load resource META-INF/jarjar/metadata.json from mclib-20.jar, it does not contain dependency information.
[28May2025 18:20:46.415] [main/DEBUG] [net.minecraftforge.fml.loading.moddiscovery.AbstractJarFileDependencyLocator/]: Failed to load resource META-INF/jarjar/metadata.json from NanoLiveConfig-1.2.1.jar, it does not contain dependency information.
[28May2025 18:20:46.424] [main/DEBUG] [net.minecraftforge.fml.loading.moddiscovery.AbstractJarFileDependencyLocator/]: Failed to load resource META-INF/jarjar/metadata.json from snakeyaml-2.2.jar, it does not contain dependency information.
[28May2025 18:20:46.427] [main/DEBUG] [net.minecraftforge.fml.loading.moddiscovery.AbstractJarFileDependencyLocator/]: Failed to load resource META-INF/jarjar/metadata.json from MixinExtras-0.3.1.jar, it does not contain dependency information.
[28May2025 18:20:46.427] [main/DEBUG] [net.minecraftforge.fml.loading.moddiscovery.AbstractJarFileDependencyLocator/]: Failed to load resource META-INF/jarjar/metadata.json from MixinExtras-0.4.1.jar, it does not contain dependency information.
[28May2025 18:20:46.428] [main/DEBUG] [net.minecraftforge.fml.loading.moddiscovery.AbstractJarFileDependencyLocator/]: Failed to load resource META-INF/jarjar/metadata.json from MixinExtras-0.4.1.jar, it does not contain dependency information.
[28May2025 18:20:46.428] [main/DEBUG] [net.minecraftforge.fml.loading.moddiscovery.AbstractJarFileDependencyLocator/]: Failed to load resource META-INF/jarjar/metadata.json from MixinExtras-0.4.1.jar, it does not contain dependency information.
[28May2025 18:20:46.428] [main/DEBUG] [net.minecraftforge.fml.loading.moddiscovery.AbstractJarFileDependencyLocator/]: Failed to load resource META-INF/jarjar/metadata.json from MixinExtras-0.3.5.jar, it does not contain dependency information.
[28May2025 18:20:46.454] [main/DEBUG] [net.minecraftforge.fml.loading.moddiscovery.ModFileParser/LOADING]: Considering mod file candidate 
[28May2025 18:20:46.455] [main/DEBUG] [net.minecraftforge.fml.loading.moddiscovery.ModFileInfo/LOADING]: Found valid mod file mixinextras-forge-0.4.1.jar with {mixinextras} mods - versions {0.4.1}
[28May2025 18:20:46.463] [main/INFO] [net.minecraftforge.fml.loading.moddiscovery.JarInJarDependencyLocator/]: Found 7 dependencies adding them to mods collection
[28May2025 18:20:46.465] [main/DEBUG] [net.minecraftforge.fml.loading.moddiscovery.ModFileParser/LOADING]: Considering mod file candidate /workspaces/Server_Mine/servidor_minecraft/mods/mowziesmobs-1.7.2.jar
[28May2025 18:20:46.466] [main/DEBUG] [net.minecraftforge.fml.loading.moddiscovery.ModFileInfo/LOADING]: Found valid mod file mowziesmobs-1.7.2.jar with {mowziesmobs} mods - versions {1.7.2}
[28May2025 18:20:46.469] [main/DEBUG] [net.minecraftforge.fml.loading.moddiscovery.ModFile/LOADING]: Loading mod file /workspaces/Server_Mine/servidor_minecraft/mods/mowziesmobs-1.7.2.jar with languages [LanguageSpec[languageName=javafml, acceptedVersions=[43,)]]
[28May2025 18:20:46.469] [main/DEBUG] [net.minecraftforge.fml.loading.moddiscovery.ModFileParser/LOADING]: Considering mod file candidate /workspaces/Server_Mine/servidor_minecraft/mods/efiscompat-2.2.4.jar
[28May2025 18:20:46.470] [main/DEBUG] [net.minecraftforge.fml.loading.moddiscovery.ModFileInfo/LOADING]: Found valid mod file efiscompat-2.2.4.jar with {efiscompat} mods - versions {2.2.4}
[28May2025 18:20:46.470] [main/DEBUG] [net.minecraftforge.fml.loading.moddiscovery.ModFile/LOADING]: Loading mod file /workspaces/Server_Mine/servidor_minecraft/mods/efiscompat-2.2.4.jar with languages [LanguageSpec[languageName=javafml, acceptedVersions=[47,)]]
[28May2025 18:20:46.470] [main/DEBUG] [net.minecraftforge.fml.loading.moddiscovery.ModFileParser/LOADING]: Considering mod file candidate /workspaces/Server_Mine/servidor_minecraft/mods/Jadens-Nether-Expansion-2.3.2.jar
[28May2025 18:20:46.471] [main/DEBUG] [net.minecraftforge.fml.loading.moddiscovery.ModFileInfo/LOADING]: Found valid mod file Jadens-Nether-Expansion-2.3.2.jar with {netherexp} mods - versions {2.3.2}
[28May2025 18:20:46.471] [main/DEBUG] [net.minecraftforge.fml.loading.moddiscovery.ModFile/LOADING]: Loading mod file /workspaces/Server_Mine/servidor_minecraft/mods/Jadens-Nether-Expansion-2.3.2.jar with languages [LanguageSpec[languageName=javafml, acceptedVersions=[47,)]]
[28May2025 18:20:46.471] [main/DEBUG] [net.minecraftforge.fml.loading.moddiscovery.ModFileParser/LOADING]: Considering mod file candidate /workspaces/Server_Mine/servidor_minecraft/mods/geckolib-forge-1.20.1-4.7.1.2.jar
[28May2025 18:20:46.472] [main/DEBUG] [net.minecraftforge.fml.loading.moddiscovery.ModFileInfo/LOADING]: Found valid mod file geckolib-forge-1.20.1-4.7.1.2.jar with {geckolib} mods - versions {4.7.1.2}
[28May2025 18:20:46.472] [main/DEBUG] [net.minecraftforge.fml.loading.moddiscovery.ModFile/LOADING]: Loading mod file /workspaces/Server_Mine/servidor_minecraft/mods/geckolib-forge-1.20.1-4.7.1.2.jar with languages [LanguageSpec[languageName=javafml, acceptedVersions=[47,)]]
[28May2025 18:20:46.472] [main/DEBUG] [net.minecraftforge.fml.loading.moddiscovery.ModFileParser/LOADING]: Considering mod file candidate /workspaces/Server_Mine/servidor_minecraft/mods/ElysiumAPI-1.20.1-1.1.2.jar
[28May2025 18:20:46.472] [main/DEBUG] [net.minecraftforge.fml.loading.moddiscovery.ModFileInfo/LOADING]: Found valid mod file ElysiumAPI-1.20.1-1.1.2.jar with {elysium_api} mods - versions {1.1.2}
[28May2025 18:20:46.472] [main/DEBUG] [net.minecraftforge.fml.loading.moddiscovery.ModFile/LOADING]: Loading mod file /workspaces/Server_Mine/servidor_minecraft/mods/ElysiumAPI-1.20.1-1.1.2.jar with languages [LanguageSpec[languageName=javafml, acceptedVersions=[47,)]]
[28May2025 18:20:46.473] [main/DEBUG] [net.minecraftforge.fml.loading.moddiscovery.ModFileParser/LOADING]: Considering mod file candidate /workspaces/Server_Mine/servidor_minecraft/mods/OctoLib-FORGE-0.4.2+1.20.1.jar
[28May2025 18:20:46.473] [main/DEBUG] [net.minecraftforge.fml.loading.moddiscovery.ModFileInfo/LOADING]: Found valid mod file OctoLib-FORGE-0.4.2+1.20.1.jar with {octolib} mods - versions {0.4.2}
[28May2025 18:20:46.473] [main/DEBUG] [net.minecraftforge.fml.loading.moddiscovery.ModFile/LOADING]: Loading mod file /workspaces/Server_Mine/servidor_minecraft/mods/OctoLib-FORGE-0.4.2+1.20.1.jar with languages [LanguageSpec[languageName=javafml, acceptedVersions=[47,)]]
[28May2025 18:20:46.473] [main/DEBUG] [net.minecraftforge.fml.loading.moddiscovery.ModFileParser/LOADING]: Considering mod file candidate /workspaces/Server_Mine/servidor_minecraft/mods/player-animation-lib-forge-1.0.2-rc1+1.20.jar
[28May2025 18:20:46.474] [main/DEBUG] [net.minecraftforge.fml.loading.moddiscovery.ModFileInfo/LOADING]: Found valid mod file player-animation-lib-forge-1.0.2-rc1+1.20.jar with {playeranimator} mods - versions {1.0.2-rc1+1.20}
[28May2025 18:20:46.474] [main/DEBUG] [net.minecraftforge.fml.loading.moddiscovery.ModFile/LOADING]: Loading mod file /workspaces/Server_Mine/servidor_minecraft/mods/player-animation-lib-forge-1.0.2-rc1+1.20.jar with languages [LanguageSpec[languageName=javafml, acceptedVersions=[46.0.0,)]]
[28May2025 18:20:46.474] [main/DEBUG] [net.minecraftforge.fml.loading.moddiscovery.ModFileParser/LOADING]: Considering mod file candidate /workspaces/Server_Mine/servidor_minecraft/mods/mowzies_cataclysm-1.2.0.jar
[28May2025 18:20:46.475] [main/DEBUG] [net.minecraftforge.fml.loading.moddiscovery.ModFileInfo/LOADING]: Found valid mod file mowzies_cataclysm-1.2.0.jar with {mowzies_cataclysm} mods - versions {1.2.0}
[28May2025 18:20:46.475] [main/DEBUG] [net.minecraftforge.fml.loading.moddiscovery.ModFile/LOADING]: Loading mod file /workspaces/Server_Mine/servidor_minecraft/mods/mowzies_cataclysm-1.2.0.jar with languages [LanguageSpec[languageName=javafml, acceptedVersions=[47,)]]
[28May2025 18:20:46.475] [main/DEBUG] [net.minecraftforge.fml.loading.moddiscovery.ModFileParser/LOADING]: Considering mod file candidate /workspaces/Server_Mine/servidor_minecraft/mods/jei-1.20.1-forge-15.12.2.51.jar
[28May2025 18:20:46.476] [main/DEBUG] [net.minecraftforge.fml.loading.moddiscovery.ModFileInfo/LOADING]: Found valid mod file jei-1.20.1-forge-15.12.2.51.jar with {jei} mods - versions {15.12.2.51}
[28May2025 18:20:46.476] [main/DEBUG] [net.minecraftforge.fml.loading.moddiscovery.ModFile/LOADING]: Loading mod file /workspaces/Server_Mine/servidor_minecraft/mods/jei-1.20.1-forge-15.12.2.51.jar with languages [LanguageSpec[languageName=javafml, acceptedVersions=[47,)]]
[28May2025 18:20:46.476] [main/DEBUG] [net.minecraftforge.fml.loading.moddiscovery.ModFileParser/LOADING]: Considering mod file candidate /workspaces/Server_Mine/servidor_minecraft/mods/Not Enough Recipe Book-FORGE-0.4.1+1.20.1.jar
[28May2025 18:20:46.476] [main/DEBUG] [net.minecraftforge.fml.loading.moddiscovery.ModFileInfo/LOADING]: Found valid mod file Not Enough Recipe Book-FORGE-0.4.1+1.20.1.jar with {nerb} mods - versions {0.4.1}
[28May2025 18:20:46.476] [main/DEBUG] [net.minecraftforge.fml.loading.moddiscovery.ModFile/LOADING]: Loading mod file /workspaces/Server_Mine/servidor_minecraft/mods/Not Enough Recipe Book-FORGE-0.4.1+1.20.1.jar with languages [LanguageSpec[languageName=javafml, acceptedVersions=[46,)]]
[28May2025 18:20:46.477] [main/DEBUG] [net.minecraftforge.fml.loading.moddiscovery.ModFileParser/LOADING]: Considering mod file candidate /workspaces/Server_Mine/servidor_minecraft/mods/WeaponsOfMiracles-20.1.8.5.6.jar
[28May2025 18:20:46.477] [main/DEBUG] [net.minecraftforge.fml.loading.moddiscovery.ModFileInfo/LOADING]: Found valid mod file WeaponsOfMiracles-20.1.8.5.6.jar with {wom} mods - versions {20.1.8.5.6}
[28May2025 18:20:46.477] [main/DEBUG] [net.minecraftforge.fml.loading.moddiscovery.ModFile/LOADING]: Loading mod file /workspaces/Server_Mine/servidor_minecraft/mods/WeaponsOfMiracles-20.1.8.5.6.jar with languages [LanguageSpec[languageName=javafml, acceptedVersions=[47,)]]
[28May2025 18:20:46.477] [main/DEBUG] [net.minecraftforge.fml.loading.moddiscovery.ModFileParser/LOADING]: Considering mod file candidate /workspaces/Server_Mine/servidor_minecraft/mods/caelus-forge-3.2.0+1.20.1.jar
[28May2025 18:20:46.478] [main/DEBUG] [net.minecraftforge.fml.loading.moddiscovery.ModFileInfo/LOADING]: Found valid mod file caelus-forge-3.2.0+1.20.1.jar with {caelus} mods - versions {3.2.0+1.20.1}
[28May2025 18:20:46.478] [main/DEBUG] [net.minecraftforge.fml.loading.moddiscovery.ModFile/LOADING]: Loading mod file /workspaces/Server_Mine/servidor_minecraft/mods/caelus-forge-3.2.0+1.20.1.jar with languages [LanguageSpec[languageName=javafml, acceptedVersions=[46,)]]
[28May2025 18:20:46.478] [main/DEBUG] [net.minecraftforge.fml.loading.moddiscovery.ModFileParser/LOADING]: Considering mod file candidate /workspaces/Server_Mine/servidor_minecraft/mods/epicfight-forge-20.9.7-1.20.1.jar
[28May2025 18:20:46.479] [main/DEBUG] [net.minecraftforge.fml.loading.moddiscovery.ModFileInfo/LOADING]: Found valid mod file epicfight-forge-20.9.7-1.20.1.jar with {epicfight} mods - versions {20.9.7}
[28May2025 18:20:46.479] [main/DEBUG] [net.minecraftforge.fml.loading.moddiscovery.ModFile/LOADING]: Loading mod file /workspaces/Server_Mine/servidor_minecraft/mods/epicfight-forge-20.9.7-1.20.1.jar with languages [LanguageSpec[languageName=javafml, acceptedVersions=[47,)]]
[28May2025 18:20:46.479] [main/DEBUG] [net.minecraftforge.fml.loading.moddiscovery.ModFileParser/LOADING]: Considering mod file candidate /workspaces/Server_Mine/servidor_minecraft/mods/journeymap-1.20.1-5.10.1-forge.jar
[28May2025 18:20:46.479] [main/DEBUG] [net.minecraftforge.fml.loading.moddiscovery.ModFileInfo/LOADING]: Found valid mod file journeymap-1.20.1-5.10.1-forge.jar with {journeymap} mods - versions {5.10.1}
[28May2025 18:20:46.479] [main/DEBUG] [net.minecraftforge.fml.loading.moddiscovery.ModFile/LOADING]: Loading mod file /workspaces/Server_Mine/servidor_minecraft/mods/journeymap-1.20.1-5.10.1-forge.jar with languages [LanguageSpec[languageName=javafml, acceptedVersions=[44,)]]
[28May2025 18:20:46.482] [main/DEBUG] [net.minecraftforge.fml.loading.moddiscovery.ModFileParser/LOADING]: Found coremod journeymap potion effect transformer with Javascript path potion-effects-shift.js
[28May2025 18:20:46.482] [main/DEBUG] [net.minecraftforge.fml.loading.moddiscovery.ModFile/LOADING]: Found coremod potion-effects-shift.js
[28May2025 18:20:46.482] [main/DEBUG] [net.minecraftforge.fml.loading.moddiscovery.ModFileParser/LOADING]: Considering mod file candidate /workspaces/Server_Mine/servidor_minecraft/mods/citadel-2.6.1-1.20.1.jar
[28May2025 18:20:46.482] [main/DEBUG] [net.minecraftforge.fml.loading.moddiscovery.ModFileInfo/LOADING]: Found valid mod file citadel-2.6.1-1.20.1.jar with {citadel} mods - versions {2.6.1}
[28May2025 18:20:46.483] [main/DEBUG] [net.minecraftforge.fml.loading.moddiscovery.ModFile/LOADING]: Loading mod file /workspaces/Server_Mine/servidor_minecraft/mods/citadel-2.6.1-1.20.1.jar with languages [LanguageSpec[languageName=javafml, acceptedVersions=[47,)]]
[28May2025 18:20:46.483] [main/DEBUG] [net.minecraftforge.fml.loading.moddiscovery.ModFileParser/LOADING]: Considering mod file candidate /workspaces/Server_Mine/servidor_minecraft/mods/dungeons_and_combat-1.1.5-forge-1.20.1.jar
[28May2025 18:20:46.483] [main/DEBUG] [net.minecraftforge.fml.loading.moddiscovery.ModFileInfo/LOADING]: Found valid mod file dungeons_and_combat-1.1.5-forge-1.20.1.jar with {dungeons_and_combat} mods - versions {1.1.4}
[28May2025 18:20:46.484] [main/DEBUG] [net.minecraftforge.fml.loading.moddiscovery.ModFile/LOADING]: Loading mod file /workspaces/Server_Mine/servidor_minecraft/mods/dungeons_and_combat-1.1.5-forge-1.20.1.jar with languages [LanguageSpec[languageName=javafml, acceptedVersions=[47,)]]
[28May2025 18:20:46.484] [main/DEBUG] [net.minecraftforge.fml.loading.moddiscovery.ModFileParser/LOADING]: Considering mod file candidate /workspaces/Server_Mine/servidor_minecraft/mods/modernfix-forge-5.21.0+mc1.20.1 (1).jar
[28May2025 18:20:46.484] [main/DEBUG] [net.minecraftforge.fml.loading.moddiscovery.ModFileInfo/LOADING]: Found valid mod file modernfix-forge-5.21.0+mc1.20.1 (1).jar with {modernfix} mods - versions {5.21.0+mc1.20.1}
[28May2025 18:20:46.484] [main/DEBUG] [net.minecraftforge.fml.loading.moddiscovery.ModFile/LOADING]: Loading mod file /workspaces/Server_Mine/servidor_minecraft/mods/modernfix-forge-5.21.0+mc1.20.1 (1).jar with languages [LanguageSpec[languageName=javafml, acceptedVersions=[46,)]]
[28May2025 18:20:46.485] [main/DEBUG] [net.minecraftforge.fml.loading.moddiscovery.ModFileParser/LOADING]: Considering mod file candidate /workspaces/Server_Mine/servidor_minecraft/mods/Placebo-1.20.1-8.6.3.jar
[28May2025 18:20:46.485] [main/DEBUG] [net.minecraftforge.fml.loading.moddiscovery.ModFileInfo/LOADING]: Found valid mod file Placebo-1.20.1-8.6.3.jar with {placebo} mods - versions {8.6.3}
[28May2025 18:20:46.485] [main/DEBUG] [net.minecraftforge.fml.loading.moddiscovery.ModFile/LOADING]: Loading mod file /workspaces/Server_Mine/servidor_minecraft/mods/Placebo-1.20.1-8.6.3.jar with languages [LanguageSpec[languageName=javafml, acceptedVersions=[32,)]]
[28May2025 18:20:46.486] [main/DEBUG] [net.minecraftforge.fml.loading.moddiscovery.ModFileParser/LOADING]: Found coremod placebo_get_ench_level_event with Javascript path coremods/get_ench_level_event.js
[28May2025 18:20:46.486] [main/DEBUG] [net.minecraftforge.fml.loading.moddiscovery.ModFileParser/LOADING]: Found coremod placebo_get_ench_level_event_specific with Javascript path coremods/get_ench_level_event_specific.js
[28May2025 18:20:46.486] [main/DEBUG] [net.minecraftforge.fml.loading.moddiscovery.ModFile/LOADING]: Found coremod coremods/get_ench_level_event.js
[28May2025 18:20:46.486] [main/DEBUG] [net.minecraftforge.fml.loading.moddiscovery.ModFile/LOADING]: Found coremod coremods/get_ench_level_event_specific.js
[28May2025 18:20:46.486] [main/DEBUG] [net.minecraftforge.fml.loading.moddiscovery.ModFileParser/LOADING]: Considering mod file candidate /workspaces/Server_Mine/servidor_minecraft/mods/travelersbackpack-forge-1.20.1-9.1.36.jar
[28May2025 18:20:46.487] [main/DEBUG] [net.minecraftforge.fml.loading.moddiscovery.ModFileInfo/LOADING]: Found valid mod file travelersbackpack-forge-1.20.1-9.1.36.jar with {travelersbackpack} mods - versions {9.1.36}
[28May2025 18:20:46.487] [main/DEBUG] [net.minecraftforge.fml.loading.moddiscovery.ModFile/LOADING]: Loading mod file /workspaces/Server_Mine/servidor_minecraft/mods/travelersbackpack-forge-1.20.1-9.1.36.jar with languages [LanguageSpec[languageName=javafml, acceptedVersions=[46,)]]
[28May2025 18:20:46.487] [main/DEBUG] [net.minecraftforge.fml.loading.moddiscovery.ModFileParser/LOADING]: Considering mod file candidate /workspaces/Server_Mine/servidor_minecraft/mods/relics-1.20.1-0.8.0.9.jar
[28May2025 18:20:46.487] [main/DEBUG] [net.minecraftforge.fml.loading.moddiscovery.ModFileInfo/LOADING]: Found valid mod file relics-1.20.1-0.8.0.9.jar with {relics} mods - versions {0.8.0.9}
[28May2025 18:20:46.487] [main/DEBUG] [net.minecraftforge.fml.loading.moddiscovery.ModFile/LOADING]: Loading mod file /workspaces/Server_Mine/servidor_minecraft/mods/relics-1.20.1-0.8.0.9.jar with languages [LanguageSpec[languageName=javafml, acceptedVersions=[47,)]]
[28May2025 18:20:46.488] [main/DEBUG] [net.minecraftforge.fml.loading.moddiscovery.ModFileParser/LOADING]: Considering mod file candidate /workspaces/Server_Mine/servidor_minecraft/mods/dynview-1.20.1-4.0.jar
[28May2025 18:20:46.488] [main/DEBUG] [net.minecraftforge.fml.loading.moddiscovery.ModFileInfo/LOADING]: Found valid mod file dynview-1.20.1-4.0.jar with {dynview} mods - versions {2.3}
[28May2025 18:20:46.488] [main/DEBUG] [net.minecraftforge.fml.loading.moddiscovery.ModFile/LOADING]: Loading mod file /workspaces/Server_Mine/servidor_minecraft/mods/dynview-1.20.1-4.0.jar with languages [LanguageSpec[languageName=javafml, acceptedVersions=[28,)]]
[28May2025 18:20:46.489] [main/DEBUG] [net.minecraftforge.fml.loading.moddiscovery.ModFileParser/LOADING]: Considering mod file candidate /workspaces/Server_Mine/servidor_minecraft/mods/Terralith_1.20.x_v2.5.4.jar
[28May2025 18:20:46.489] [main/DEBUG] [net.minecraftforge.fml.loading.moddiscovery.ModFileInfo/LOADING]: Found valid mod file Terralith_1.20.x_v2.5.4.jar with {terralith} mods - versions {2.5.4}
[28May2025 18:20:46.489] [main/DEBUG] [net.minecraftforge.fml.loading.moddiscovery.ModFile/LOADING]: Loading mod file /workspaces/Server_Mine/servidor_minecraft/mods/Terralith_1.20.x_v2.5.4.jar with languages [LanguageSpec[languageName=lowcodefml, acceptedVersions=[1,)]]
[28May2025 18:20:46.489] [main/DEBUG] [net.minecraftforge.fml.loading.moddiscovery.ModFileParser/LOADING]: Considering mod file candidate /workspaces/Server_Mine/servidor_minecraft/mods/JustEnoughResources-1.20.1-1.4.0.247.jar
[28May2025 18:20:46.490] [main/DEBUG] [net.minecraftforge.fml.loading.moddiscovery.ModFileInfo/LOADING]: Found valid mod file JustEnoughResources-1.20.1-1.4.0.247.jar with {jeresources} mods - versions {1.4.0.247}
[28May2025 18:20:46.490] [main/DEBUG] [net.minecraftforge.fml.loading.moddiscovery.ModFile/LOADING]: Loading mod file /workspaces/Server_Mine/servidor_minecraft/mods/JustEnoughResources-1.20.1-1.4.0.247.jar with languages [LanguageSpec[languageName=javafml, acceptedVersions=[47,)]]
[28May2025 18:20:46.490] [main/DEBUG] [net.minecraftforge.fml.loading.moddiscovery.ModFileParser/LOADING]: Considering mod file candidate /workspaces/Server_Mine/servidor_minecraft/mods/memoryleakfix-forge-1.17+-1.1.5.jar
[28May2025 18:20:46.491] [main/DEBUG] [net.minecraftforge.fml.loading.moddiscovery.ModFileInfo/LOADING]: Found valid mod file memoryleakfix-forge-1.17+-1.1.5.jar with {memoryleakfix} mods - versions {1.1.5}
[28May2025 18:20:46.491] [main/DEBUG] [net.minecraftforge.fml.loading.moddiscovery.ModFile/LOADING]: Loading mod file /workspaces/Server_Mine/servidor_minecraft/mods/memoryleakfix-forge-1.17+-1.1.5.jar with languages [LanguageSpec[languageName=javafml, acceptedVersions=*]]
[28May2025 18:20:46.491] [main/DEBUG] [net.minecraftforge.fml.loading.moddiscovery.ModFileParser/LOADING]: Considering mod file candidate /workspaces/Server_Mine/servidor_minecraft/mods/DungeonsAriseSevenSeas-1.20.x-1.0.2-forge.jar
[28May2025 18:20:46.492] [main/DEBUG] [net.minecraftforge.fml.loading.moddiscovery.ModFileInfo/LOADING]: Found valid mod file DungeonsAriseSevenSeas-1.20.x-1.0.2-forge.jar with {dungeons_arise_seven_seas} mods - versions {1.0.2}
[28May2025 18:20:46.492] [main/DEBUG] [net.minecraftforge.fml.loading.moddiscovery.ModFile/LOADING]: Loading mod file /workspaces/Server_Mine/servidor_minecraft/mods/DungeonsAriseSevenSeas-1.20.x-1.0.2-forge.jar with languages [LanguageSpec[languageName=javafml, acceptedVersions=[43,)]]
[28May2025 18:20:46.492] [main/DEBUG] [net.minecraftforge.fml.loading.moddiscovery.ModFileParser/LOADING]: Considering mod file candidate /workspaces/Server_Mine/servidor_minecraft/libraries/net/minecraftforge/forge/1.20.1-47.3.7/forge-1.20.1-47.3.7-universal.jar
[28May2025 18:20:46.492] [main/DEBUG] [net.minecraftforge.fml.loading.moddiscovery.ModFileInfo/LOADING]: Found valid mod file forge-1.20.1-47.3.7-universal.jar with {forge} mods - versions {47.3.7}
[28May2025 18:20:46.492] [main/DEBUG] [net.minecraftforge.fml.loading.moddiscovery.ModFile/LOADING]: Loading mod file /workspaces/Server_Mine/servidor_minecraft/libraries/net/minecraftforge/forge/1.20.1-47.3.7/forge-1.20.1-47.3.7-universal.jar with languages [LanguageSpec[languageName=javafml, acceptedVersions=[24,]]]
[28May2025 18:20:46.493] [main/DEBUG] [net.minecraftforge.fml.loading.moddiscovery.ModFileParser/LOADING]: Found coremod field_to_method with Javascript path coremods/field_to_method.js
[28May2025 18:20:46.493] [main/DEBUG] [net.minecraftforge.fml.loading.moddiscovery.ModFileParser/LOADING]: Found coremod field_to_instanceof with Javascript path coremods/field_to_instanceof.js
[28May2025 18:20:46.493] [main/DEBUG] [net.minecraftforge.fml.loading.moddiscovery.ModFileParser/LOADING]: Found coremod add_bouncer_method with Javascript path coremods/add_bouncer_method.js
[28May2025 18:20:46.493] [main/DEBUG] [net.minecraftforge.fml.loading.moddiscovery.ModFileParser/LOADING]: Found coremod method_redirector with Javascript path coremods/method_redirector.js
[28May2025 18:20:46.493] [main/DEBUG] [net.minecraftforge.fml.loading.moddiscovery.ModFile/LOADING]: Found coremod coremods/field_to_method.js
[28May2025 18:20:46.493] [main/DEBUG] [net.minecraftforge.fml.loading.moddiscovery.ModFile/LOADING]: Found coremod coremods/field_to_instanceof.js
[28May2025 18:20:46.493] [main/DEBUG] [net.minecraftforge.fml.loading.moddiscovery.ModFile/LOADING]: Found coremod coremods/add_bouncer_method.js
[28May2025 18:20:46.494] [main/DEBUG] [net.minecraftforge.fml.loading.moddiscovery.ModFile/LOADING]: Found coremod coremods/method_redirector.js
[28May2025 18:20:46.494] [main/DEBUG] [net.minecraftforge.fml.loading.moddiscovery.ModFileParser/LOADING]: Considering mod file candidate /workspaces/Server_Mine/servidor_minecraft/mods/tl_skin_cape_forge_1.20_1.20.1-1.32.jar
[28May2025 18:20:46.494] [main/DEBUG] [net.minecraftforge.fml.loading.moddiscovery.ModFileInfo/LOADING]: Found valid mod file tl_skin_cape_forge_1.20_1.20.1-1.32.jar with {tlskincape} mods - versions {1.32}
[28May2025 18:20:46.494] [main/DEBUG] [net.minecraftforge.fml.loading.moddiscovery.ModFile/LOADING]: Loading mod file /workspaces/Server_Mine/servidor_minecraft/mods/tl_skin_cape_forge_1.20_1.20.1-1.32.jar with languages [LanguageSpec[languageName=javafml, acceptedVersions=[25,)]]
[28May2025 18:20:46.495] [main/DEBUG] [net.minecraftforge.fml.loading.moddiscovery.ModFileParser/LOADING]: Considering mod file candidate /workspaces/Server_Mine/servidor_minecraft/mods/embeddium-0.3.30+mc1.20.1.jar
[28May2025 18:20:46.495] [main/DEBUG] [net.minecraftforge.fml.loading.moddiscovery.ModFileInfo/LOADING]: Found valid mod file embeddium-0.3.30+mc1.20.1.jar with {embeddium,rubidium} mods - versions {0.3.30+mc1.20.1,0.7.1}
[28May2025 18:20:46.495] [main/DEBUG] [net.minecraftforge.fml.loading.moddiscovery.ModFile/LOADING]: Loading mod file /workspaces/Server_Mine/servidor_minecraft/mods/embeddium-0.3.30+mc1.20.1.jar with languages [LanguageSpec[languageName=javafml, acceptedVersions=[47,)]]
[28May2025 18:20:46.495] [main/DEBUG] [net.minecraftforge.fml.loading.moddiscovery.ModFileParser/LOADING]: Considering mod file candidate /workspaces/Server_Mine/servidor_minecraft/mods/DungeonsArise-1.20.x-2.1.58-release.jar
[28May2025 18:20:46.496] [main/DEBUG] [net.minecraftforge.fml.loading.moddiscovery.ModFileInfo/LOADING]: Found valid mod file DungeonsArise-1.20.x-2.1.58-release.jar with {dungeons_arise} mods - versions {2.1.58-1.20.x}
[28May2025 18:20:46.496] [main/DEBUG] [net.minecraftforge.fml.loading.moddiscovery.ModFile/LOADING]: Loading mod file /workspaces/Server_Mine/servidor_minecraft/mods/DungeonsArise-1.20.x-2.1.58-release.jar with languages [LanguageSpec[languageName=javafml, acceptedVersions=[41,)]]
[28May2025 18:20:46.496] [main/DEBUG] [net.minecraftforge.fml.loading.moddiscovery.ModFileInfo/LOADING]: Found valid mod file server-1.20.1-20230612.114412-srg.jar with {minecraft} mods - versions {1.20.1}
[28May2025 18:20:46.496] [main/DEBUG] [net.minecraftforge.fml.loading.moddiscovery.ModFile/LOADING]: Loading mod file /workspaces/Server_Mine/servidor_minecraft/libraries/net/minecraft/server/1.20.1-20230612.114412/server-1.20.1-20230612.114412-srg.jar with languages [LanguageSpec[languageName=minecraft, acceptedVersions=1]]
[28May2025 18:20:46.497] [main/DEBUG] [net.minecraftforge.fml.loading.moddiscovery.ModFileParser/LOADING]: Considering mod file candidate /workspaces/Server_Mine/servidor_minecraft/mods/alexscaves-2.0.2.jar
[28May2025 18:20:46.497] [main/DEBUG] [net.minecraftforge.fml.loading.moddiscovery.ModFileInfo/LOADING]: Found valid mod file alexscaves-2.0.2.jar with {alexscaves} mods - versions {2.0.2}
[28May2025 18:20:46.497] [main/DEBUG] [net.minecraftforge.fml.loading.moddiscovery.ModFile/LOADING]: Loading mod file /workspaces/Server_Mine/servidor_minecraft/mods/alexscaves-2.0.2.jar with languages [LanguageSpec[languageName=javafml, acceptedVersions=[46,)]]
[28May2025 18:20:46.498] [main/DEBUG] [net.minecraftforge.fml.loading.moddiscovery.ModFileParser/LOADING]: Considering mod file candidate /workspaces/Server_Mine/servidor_minecraft/mods/ESM-1.20.1-1.0.0.jar
[28May2025 18:20:46.498] [main/DEBUG] [net.minecraftforge.fml.loading.moddiscovery.ModFileInfo/LOADING]: Found valid mod file ESM-1.20.1-1.0.0.jar with {nightmareesm} mods - versions {1.0.0}
[28May2025 18:20:46.498] [main/DEBUG] [net.minecraftforge.fml.loading.moddiscovery.ModFile/LOADING]: Loading mod file /workspaces/Server_Mine/servidor_minecraft/mods/ESM-1.20.1-1.0.0.jar with languages [LanguageSpec[languageName=javafml, acceptedVersions=[47,)]]
[28May2025 18:20:46.499] [main/DEBUG] [net.minecraftforge.fml.loading.moddiscovery.ModFileParser/LOADING]: Considering mod file candidate /workspaces/Server_Mine/servidor_minecraft/mods/mofus_broken_constellation-0.9.0-forge-1.20.1.jar
[28May2025 18:20:46.499] [main/DEBUG] [net.minecraftforge.fml.loading.moddiscovery.ModFileInfo/LOADING]: Found valid mod file mofus_broken_constellation-0.9.0-forge-1.20.1.jar with {mofus_better_end_} mods - versions {1.0.0}
[28May2025 18:20:46.499] [main/DEBUG] [net.minecraftforge.fml.loading.moddiscovery.ModFile/LOADING]: Loading mod file /workspaces/Server_Mine/servidor_minecraft/mods/mofus_broken_constellation-0.9.0-forge-1.20.1.jar with languages [LanguageSpec[languageName=javafml, acceptedVersions=[47,)]]
[28May2025 18:20:46.499] [main/DEBUG] [net.minecraftforge.fml.loading.moddiscovery.ModFileParser/LOADING]: Considering mod file candidate /workspaces/Server_Mine/servidor_minecraft/mods/Chunky-1.3.146.jar
[28May2025 18:20:46.500] [main/DEBUG] [net.minecraftforge.fml.loading.moddiscovery.ModFileInfo/LOADING]: Found valid mod file Chunky-1.3.146.jar with {chunky} mods - versions {1.3.146}
[28May2025 18:20:46.500] [main/DEBUG] [net.minecraftforge.fml.loading.moddiscovery.ModFile/LOADING]: Loading mod file /workspaces/Server_Mine/servidor_minecraft/mods/Chunky-1.3.146.jar with languages [LanguageSpec[languageName=javafml, acceptedVersions=[38,)]]
[28May2025 18:20:46.500] [main/DEBUG] [net.minecraftforge.fml.loading.moddiscovery.ModFileParser/LOADING]: Considering mod file candidate /workspaces/Server_Mine/servidor_minecraft/mods/CreativeCore_FORGE_v2.12.32_mc1.20.1.jar
[28May2025 18:20:46.501] [main/DEBUG] [net.minecraftforge.fml.loading.moddiscovery.ModFileInfo/LOADING]: Found valid mod file CreativeCore_FORGE_v2.12.32_mc1.20.1.jar with {creativecore} mods - versions {2.12.32}
[28May2025 18:20:46.501] [main/DEBUG] [net.minecraftforge.fml.loading.moddiscovery.ModFile/LOADING]: Loading mod file /workspaces/Server_Mine/servidor_minecraft/mods/CreativeCore_FORGE_v2.12.32_mc1.20.1.jar with languages [LanguageSpec[languageName=javafml, acceptedVersions=[46,)]]
[28May2025 18:20:46.501] [main/DEBUG] [net.minecraftforge.fml.loading.moddiscovery.ModFileParser/LOADING]: Considering mod file candidate /workspaces/Server_Mine/servidor_minecraft/mods/eeeabsmobs-1.20.1-0.97-Fix.jar
[28May2025 18:20:46.501] [main/DEBUG] [net.minecraftforge.fml.loading.moddiscovery.ModFileInfo/LOADING]: Found valid mod file eeeabsmobs-1.20.1-0.97-Fix.jar with {eeeabsmobs} mods - versions {1.20.1-0.97}
[28May2025 18:20:46.501] [main/DEBUG] [net.minecraftforge.fml.loading.moddiscovery.ModFile/LOADING]: Loading mod file /workspaces/Server_Mine/servidor_minecraft/mods/eeeabsmobs-1.20.1-0.97-Fix.jar with languages [LanguageSpec[languageName=javafml, acceptedVersions=[47,)]]
[28May2025 18:20:46.502] [main/DEBUG] [net.minecraftforge.fml.loading.moddiscovery.ModFileParser/LOADING]: Considering mod file candidate /workspaces/Server_Mine/servidor_minecraft/mods/lionfishapi-2.4-Fix.jar
[28May2025 18:20:46.502] [main/DEBUG] [net.minecraftforge.fml.loading.moddiscovery.ModFileInfo/LOADING]: Found valid mod file lionfishapi-2.4-Fix.jar with {lionfishapi} mods - versions {2.4-Fix}
[28May2025 18:20:46.502] [main/DEBUG] [net.minecraftforge.fml.loading.moddiscovery.ModFile/LOADING]: Loading mod file /workspaces/Server_Mine/servidor_minecraft/mods/lionfishapi-2.4-Fix.jar with languages [LanguageSpec[languageName=javafml, acceptedVersions=[47,)]]
[28May2025 18:20:46.502] [main/DEBUG] [net.minecraftforge.fml.loading.moddiscovery.ModFileParser/LOADING]: Considering mod file candidate /workspaces/Server_Mine/servidor_minecraft/mods/servercore-forge-1.5.2+1.20.1.jar
[28May2025 18:20:46.503] [main/DEBUG] [net.minecraftforge.fml.loading.moddiscovery.ModFileInfo/LOADING]: Found valid mod file servercore-forge-1.5.2+1.20.1.jar with {servercore} mods - versions {1.5.2+1.20.1}
[28May2025 18:20:46.503] [main/DEBUG] [net.minecraftforge.fml.loading.moddiscovery.ModFile/LOADING]: Loading mod file /workspaces/Server_Mine/servidor_minecraft/mods/servercore-forge-1.5.2+1.20.1.jar with languages [LanguageSpec[languageName=javafml, acceptedVersions=[46,)]]
[28May2025 18:20:46.503] [main/DEBUG] [net.minecraftforge.fml.loading.moddiscovery.ModFileParser/LOADING]: Considering mod file candidate /workspaces/Server_Mine/servidor_minecraft/mods/traveloptics-4.4.0-1.20.1.jar
[28May2025 18:20:46.504] [main/DEBUG] [net.minecraftforge.fml.loading.moddiscovery.ModFileInfo/LOADING]: Found valid mod file traveloptics-4.4.0-1.20.1.jar with {traveloptics} mods - versions {4.4.0-1.20.1}
[28May2025 18:20:46.504] [main/DEBUG] [net.minecraftforge.fml.loading.moddiscovery.ModFile/LOADING]: Loading mod file /workspaces/Server_Mine/servidor_minecraft/mods/traveloptics-4.4.0-1.20.1.jar with languages [LanguageSpec[languageName=javafml, acceptedVersions=[47,)]]
[28May2025 18:20:46.504] [main/DEBUG] [net.minecraftforge.fml.loading.moddiscovery.ModFileParser/LOADING]: Considering mod file candidate /workspaces/Server_Mine/servidor_minecraft/mods/curios-forge-5.14.1+1.20.1.jar
[28May2025 18:20:46.504] [main/DEBUG] [net.minecraftforge.fml.loading.moddiscovery.ModFileInfo/LOADING]: Found valid mod file curios-forge-5.14.1+1.20.1.jar with {curios} mods - versions {5.14.1+1.20.1}
[28May2025 18:20:46.505] [main/DEBUG] [net.minecraftforge.fml.loading.moddiscovery.ModFile/LOADING]: Loading mod file /workspaces/Server_Mine/servidor_minecraft/mods/curios-forge-5.14.1+1.20.1.jar with languages [LanguageSpec[languageName=javafml, acceptedVersions=[41,)]]
[28May2025 18:20:46.505] [main/DEBUG] [net.minecraftforge.fml.loading.moddiscovery.ModFileParser/LOADING]: Considering mod file candidate /workspaces/Server_Mine/servidor_minecraft/mods/L_Enders_Cataclysm 1.20.1-2.66.jar
[28May2025 18:20:46.505] [main/DEBUG] [net.minecraftforge.fml.loading.moddiscovery.ModFileInfo/LOADING]: Found valid mod file L_Enders_Cataclysm 1.20.1-2.66.jar with {cataclysm} mods - versions {2.65}
[28May2025 18:20:46.506] [main/DEBUG] [net.minecraftforge.fml.loading.moddiscovery.ModFile/LOADING]: Loading mod file /workspaces/Server_Mine/servidor_minecraft/mods/L_Enders_Cataclysm 1.20.1-2.66.jar with languages [LanguageSpec[languageName=javafml, acceptedVersions=[47,)]]
[28May2025 18:20:46.506] [main/DEBUG] [net.minecraftforge.fml.loading.moddiscovery.ModFileParser/LOADING]: Considering mod file candidate /workspaces/Server_Mine/servidor_minecraft/mods/legendarymonsters-1.9.4 MC 1.20.1.jar
[28May2025 18:20:46.506] [main/DEBUG] [net.minecraftforge.fml.loading.moddiscovery.ModFileInfo/LOADING]: Found valid mod file legendarymonsters-1.9.4 MC 1.20.1.jar with {legendary_monsters} mods - versions {1.20.1}
[28May2025 18:20:46.507] [main/DEBUG] [net.minecraftforge.fml.loading.moddiscovery.ModFile/LOADING]: Loading mod file /workspaces/Server_Mine/servidor_minecraft/mods/legendarymonsters-1.9.4 MC 1.20.1.jar with languages [LanguageSpec[languageName=javafml, acceptedVersions=[47,)]]
[28May2025 18:20:46.507] [main/DEBUG] [net.minecraftforge.fml.loading.moddiscovery.ModFileParser/LOADING]: Considering mod file candidate /workspaces/Server_Mine/servidor_minecraft/mods/ApothicAttributes-1.20.1-1.3.7.jar
[28May2025 18:20:46.507] [main/DEBUG] [net.minecraftforge.fml.loading.moddiscovery.ModFileInfo/LOADING]: Found valid mod file ApothicAttributes-1.20.1-1.3.7.jar with {attributeslib} mods - versions {1.3.7}
[28May2025 18:20:46.507] [main/DEBUG] [net.minecraftforge.fml.loading.moddiscovery.ModFile/LOADING]: Loading mod file /workspaces/Server_Mine/servidor_minecraft/mods/ApothicAttributes-1.20.1-1.3.7.jar with languages [LanguageSpec[languageName=javafml, acceptedVersions=[32,)]]
[28May2025 18:20:46.508] [main/DEBUG] [net.minecraftforge.fml.loading.moddiscovery.ModFileParser/LOADING]: Found coremod attributeslib_potion_gui_tooltips with Javascript path coremods/potion_gui_tooltips.js
[28May2025 18:20:46.508] [main/DEBUG] [net.minecraftforge.fml.loading.moddiscovery.ModFile/LOADING]: Found coremod coremods/potion_gui_tooltips.js
[28May2025 18:20:46.508] [main/DEBUG] [net.minecraftforge.fml.loading.moddiscovery.ModFileParser/LOADING]: Considering mod file candidate /workspaces/Server_Mine/servidor_minecraft/mods/irons_spellbooks-1.20.1-3.4.0.9.jar
[28May2025 18:20:46.509] [main/DEBUG] [net.minecraftforge.fml.loading.moddiscovery.ModFileInfo/LOADING]: Found valid mod file irons_spellbooks-1.20.1-3.4.0.9.jar with {irons_spellbooks} mods - versions {1.20.1-3.4.0.9}
[28May2025 18:20:46.509] [main/DEBUG] [net.minecraftforge.fml.loading.moddiscovery.ModFile/LOADING]: Loading mod file /workspaces/Server_Mine/servidor_minecraft/mods/irons_spellbooks-1.20.1-3.4.0.9.jar with languages [LanguageSpec[languageName=javafml, acceptedVersions=[47,)]]
[28May2025 18:20:46.509] [main/DEBUG] [net.minecraftforge.fml.loading.moddiscovery.ModFileParser/LOADING]: Considering mod file candidate /workspaces/Server_Mine/servidor_minecraft/mods/entityculling-forge-1.7.4-mc1.20.1.jar
[28May2025 18:20:46.509] [main/DEBUG] [net.minecraftforge.fml.loading.moddiscovery.ModFileInfo/LOADING]: Found valid mod file entityculling-forge-1.7.4-mc1.20.1.jar with {entityculling} mods - versions {1.7.4}
[28May2025 18:20:46.510] [main/DEBUG] [net.minecraftforge.fml.loading.moddiscovery.ModFile/LOADING]: Loading mod file /workspaces/Server_Mine/servidor_minecraft/mods/entityculling-forge-1.7.4-mc1.20.1.jar with languages [LanguageSpec[languageName=javafml, acceptedVersions=[28,)]]
[28May2025 18:20:46.510] [main/DEBUG] [net.minecraftforge.fml.loading.moddiscovery.ModFileParser/LOADING]: Considering mod file candidate /workspaces/Server_Mine/servidor_minecraft/mods/canary-mc1.20.1-0.3.3.jar
[28May2025 18:20:46.510] [main/DEBUG] [net.minecraftforge.fml.loading.moddiscovery.ModFileInfo/LOADING]: Found valid mod file canary-mc1.20.1-0.3.3.jar with {canary} mods - versions {0.3.3}
[28May2025 18:20:46.510] [main/DEBUG] [net.minecraftforge.fml.loading.moddiscovery.ModFile/LOADING]: Loading mod file /workspaces/Server_Mine/servidor_minecraft/mods/canary-mc1.20.1-0.3.3.jar with languages [LanguageSpec[languageName=javafml, acceptedVersions=[47,)]]
[28May2025 18:20:46.510] [main/DEBUG] [net.minecraftforge.fml.loading.moddiscovery.ModFileParser/LOADING]: Considering mod file candidate /workspaces/Server_Mine/servidor_minecraft/mods/tombstone-1.20.1-8.9.4.jar
[28May2025 18:20:46.511] [main/DEBUG] [net.minecraftforge.fml.loading.moddiscovery.ModFileInfo/LOADING]: Found valid mod file tombstone-1.20.1-8.9.4.jar with {tombstone} mods - versions {8.9.4}
[28May2025 18:20:46.511] [main/DEBUG] [net.minecraftforge.fml.loading.moddiscovery.ModFile/LOADING]: Loading mod file /workspaces/Server_Mine/servidor_minecraft/mods/tombstone-1.20.1-8.9.4.jar with languages [LanguageSpec[languageName=javafml, acceptedVersions=[46,)]]
[28May2025 18:20:46.511] [main/DEBUG] [net.minecraftforge.fml.loading.moddiscovery.ModFileParser/LOADING]: Considering mod file candidate /workspaces/Server_Mine/servidor_minecraft/mods/architectury-9.2.14-forge.jar
[28May2025 18:20:46.511] [main/DEBUG] [net.minecraftforge.fml.loading.moddiscovery.ModFileInfo/LOADING]: Found valid mod file architectury-9.2.14-forge.jar with {architectury} mods - versions {9.2.14}
[28May2025 18:20:46.512] [main/DEBUG] [net.minecraftforge.fml.loading.moddiscovery.ModFile/LOADING]: Loading mod file /workspaces/Server_Mine/servidor_minecraft/mods/architectury-9.2.14-forge.jar with languages [LanguageSpec[languageName=javafml, acceptedVersions=[46,)]]
[28May2025 18:20:46.512] [main/DEBUG] [net.minecraftforge.fml.loading.moddiscovery.ModFileParser/LOADING]: Considering mod file candidate /workspaces/Server_Mine/servidor_minecraft/mods/AI-Improvements-1.20-0.5.2.jar
[28May2025 18:20:46.512] [main/DEBUG] [net.minecraftforge.fml.loading.moddiscovery.ModFileInfo/LOADING]: Found valid mod file AI-Improvements-1.20-0.5.2.jar with {aiimprovements} mods - versions {0.5.2}
[28May2025 18:20:46.512] [main/DEBUG] [net.minecraftforge.fml.loading.moddiscovery.ModFile/LOADING]: Loading mod file /workspaces/Server_Mine/servidor_minecraft/mods/AI-Improvements-1.20-0.5.2.jar with languages [LanguageSpec[languageName=javafml, acceptedVersions=[46,)]]
[28May2025 18:20:46.512] [main/DEBUG] [net.minecraftforge.fml.loading.moddiscovery.ModFileParser/LOADING]: Considering mod file candidate /workspaces/Server_Mine/servidor_minecraft/mods/ferritecore-6.0.1-forge (1).jar
[28May2025 18:20:46.513] [main/DEBUG] [net.minecraftforge.fml.loading.moddiscovery.ModFileInfo/LOADING]: Found valid mod file ferritecore-6.0.1-forge (1).jar with {ferritecore} mods - versions {6.0.1}
[28May2025 18:20:46.513] [main/DEBUG] [net.minecraftforge.fml.loading.moddiscovery.ModFile/LOADING]: Loading mod file /workspaces/Server_Mine/servidor_minecraft/mods/ferritecore-6.0.1-forge (1).jar with languages [LanguageSpec[languageName=javafml, acceptedVersions=[28,)]]
[28May2025 18:20:46.513] [main/DEBUG] [net.minecraftforge.fml.loading.moddiscovery.ModFileParser/LOADING]: Considering mod file candidate /workspaces/Server_Mine/servidor_minecraft/mods/cupboard-1.20.1-2.7.jar
[28May2025 18:20:46.514] [main/DEBUG] [net.minecraftforge.fml.loading.moddiscovery.ModFileInfo/LOADING]: Found valid mod file cupboard-1.20.1-2.7.jar with {cupboard} mods - versions {1.20.1-2.7}
[28May2025 18:20:46.514] [main/DEBUG] [net.minecraftforge.fml.loading.moddiscovery.ModFile/LOADING]: Loading mod file /workspaces/Server_Mine/servidor_minecraft/mods/cupboard-1.20.1-2.7.jar with languages [LanguageSpec[languageName=javafml, acceptedVersions=[36,)]]
[28May2025 18:20:46.514] [main/DEBUG] [net.minecraftforge.fml.loading.moddiscovery.ModFileParser/LOADING]: Considering mod file candidate /workspaces/Server_Mine/servidor_minecraft/mods/rubidium-extra-0.5.4.4+mc1.20.1-build.131.jar
[28May2025 18:20:46.515] [main/DEBUG] [net.minecraftforge.fml.loading.moddiscovery.ModFileInfo/LOADING]: Found valid mod file rubidium-extra-0.5.4.4+mc1.20.1-build.131.jar with {embeddium_extra} mods - versions {0.5.4.4+mc1.20.1-build.131}
[28May2025 18:20:46.515] [main/DEBUG] [net.minecraftforge.fml.loading.moddiscovery.ModFile/LOADING]: Loading mod file /workspaces/Server_Mine/servidor_minecraft/mods/rubidium-extra-0.5.4.4+mc1.20.1-build.131.jar with languages [LanguageSpec[languageName=javafml, acceptedVersions=*]]
[28May2025 18:20:46.515] [main/DEBUG] [net.minecraftforge.fml.loading.moddiscovery.ModFileParser/LOADING]: Considering mod file candidate /workspaces/Server_Mine/servidor_minecraft/mods/PlayerRevive_FORGE_v2.0.31_mc1.20.1.jar
[28May2025 18:20:46.516] [main/DEBUG] [net.minecraftforge.fml.loading.moddiscovery.ModFileInfo/LOADING]: Found valid mod file PlayerRevive_FORGE_v2.0.31_mc1.20.1.jar with {playerrevive} mods - versions {2.0.31}
[28May2025 18:20:46.516] [main/DEBUG] [net.minecraftforge.fml.loading.moddiscovery.ModFile/LOADING]: Loading mod file /workspaces/Server_Mine/servidor_minecraft/mods/PlayerRevive_FORGE_v2.0.31_mc1.20.1.jar with languages [LanguageSpec[languageName=javafml, acceptedVersions=[46,)]]
[28May2025 18:20:46.516] [main/DEBUG] [net.minecraftforge.fml.loading.moddiscovery.ModFileParser/LOADING]: Considering mod file candidate /workspaces/Server_Mine/servidor_minecraft/mods/EpicFight-Resurrection-forge1.20.1-0.1.28-hotFix1.jar
[28May2025 18:20:46.517] [main/DEBUG] [net.minecraftforge.fml.loading.moddiscovery.ModFileInfo/LOADING]: Found valid mod file EpicFight-Resurrection-forge1.20.1-0.1.28-hotFix1.jar with {cdmoveset} mods - versions {1.28}
[28May2025 18:20:46.517] [main/DEBUG] [net.minecraftforge.fml.loading.moddiscovery.ModFile/LOADING]: Loading mod file /workspaces/Server_Mine/servidor_minecraft/mods/EpicFight-Resurrection-forge1.20.1-0.1.28-hotFix1.jar with languages [LanguageSpec[languageName=javafml, acceptedVersions=[47,)]]
[28May2025 18:20:46.517] [main/DEBUG] [net.minecraftforge.fml.loading.moddiscovery.ModFile/LOADING]: Loading mod file  with languages []
[28May2025 18:20:46.517] [main/DEBUG] [net.minecraftforge.fml.loading.moddiscovery.ModFile/LOADING]: Loading mod file  with languages []
[28May2025 18:20:46.517] [main/DEBUG] [net.minecraftforge.fml.loading.moddiscovery.ModFileParser/LOADING]: Considering mod file candidate 
[28May2025 18:20:46.517] [main/DEBUG] [net.minecraftforge.fml.loading.moddiscovery.ModFileInfo/LOADING]: Found valid mod file mixinextras-forge-0.4.1.jar with {mixinextras} mods - versions {0.4.1}
[28May2025 18:20:46.518] [main/DEBUG] [net.minecraftforge.fml.loading.moddiscovery.ModFile/LOADING]: Loading mod file  with languages [LanguageSpec[languageName=javafml, acceptedVersions=*]]
[28May2025 18:20:46.518] [main/DEBUG] [net.minecraftforge.fml.loading.moddiscovery.ModFile/LOADING]: Loading mod file  with languages []
[28May2025 18:20:46.518] [main/DEBUG] [net.minecraftforge.fml.loading.moddiscovery.ModFile/LOADING]: Loading mod file  with languages []
[28May2025 18:20:46.518] [main/DEBUG] [net.minecraftforge.fml.loading.moddiscovery.ModFile/LOADING]: Loading mod file  with languages []
[28May2025 18:20:46.518] [main/DEBUG] [net.minecraftforge.fml.loading.moddiscovery.ModFile/LOADING]: Loading mod file  with languages []
[28May2025 18:20:46.518] [main/DEBUG] [net.minecraftforge.fml.loading.moddiscovery.ModFile/LOADING]: Loading mod file  with languages []
[28May2025 18:20:46.518] [main/DEBUG] [net.minecraftforge.fml.loading.moddiscovery.ModFile/LOADING]: Loading mod file  with languages []
[28May2025 18:20:46.518] [main/DEBUG] [net.minecraftforge.fml.loading.moddiscovery.ModFileParser/LOADING]: Considering mod file candidate 
[28May2025 18:20:46.519] [main/DEBUG] [net.minecraftforge.fml.loading.moddiscovery.ModFileInfo/LOADING]: Found valid mod file mixinextras-forge-0.4.1.jar with {mixinextras} mods - versions {0.4.1}
[28May2025 18:20:46.519] [main/DEBUG] [net.minecraftforge.fml.loading.moddiscovery.ModFile/LOADING]: Loading mod file  with languages [LanguageSpec[languageName=javafml, acceptedVersions=*]]
[28May2025 18:20:46.519] [main/DEBUG] [net.minecraftforge.fml.loading.moddiscovery.ModFile/LOADING]: Loading mod file  with languages []
[28May2025 18:20:46.519] [main/DEBUG] [net.minecraftforge.fml.loading.moddiscovery.ModFile/LOADING]: Loading mod file  with languages []
[28May2025 18:20:46.519] [main/DEBUG] [net.minecraftforge.fml.loading.moddiscovery.ModFile/LOADING]: Loading mod file  with languages []
[28May2025 18:20:46.519] [main/DEBUG] [net.minecraftforge.fml.loading.moddiscovery.ModFile/LOADING]: Loading mod file  with languages []
[28May2025 18:20:46.520] [main/DEBUG] [cpw.mods.modlauncher.TransformationServiceDecorator/MODLAUNCHER]: End scan trigger - transformation service fml
[28May2025 18:20:46.531] [main/DEBUG] [net.minecraftforge.fml.loading.LanguageLoadingProvider/CORE]: Found 3 language providers
[28May2025 18:20:46.531] [main/DEBUG] [net.minecraftforge.fml.loading.LanguageLoadingProvider/CORE]: Found language provider minecraft, version 1.0
[28May2025 18:20:46.532] [main/DEBUG] [net.minecraftforge.fml.loading.LanguageLoadingProvider/CORE]: Found language provider lowcodefml, version 47
[28May2025 18:20:46.532] [main/DEBUG] [net.minecraftforge.fml.loading.LanguageLoadingProvider/CORE]: Found language provider javafml, version 47
[28May2025 18:20:46.536] [main/DEBUG] [net.minecraftforge.fml.loading.UniqueModListBuilder/]: Found 2 mods for first modid mclib, selecting most recent based on version data
[28May2025 18:20:46.536] [main/DEBUG] [net.minecraftforge.fml.loading.UniqueModListBuilder/]: Selected file mclib-20.jar for modid mclib with version 0.0NONE
[28May2025 18:20:46.536] [main/DEBUG] [net.minecraftforge.fml.loading.UniqueModListBuilder/]: Found 2 mods for first modid NanoLiveConfig, selecting most recent based on version data
[28May2025 18:20:46.536] [main/DEBUG] [net.minecraftforge.fml.loading.UniqueModListBuilder/]: Selected file NanoLiveConfig-1.2.1.jar for modid NanoLiveConfig with version 0.0NONE
[28May2025 18:20:46.537] [main/DEBUG] [net.minecraftforge.fml.loading.UniqueModListBuilder/]: Found 2 mods for first modid mixinextras, selecting most recent based on version data
[28May2025 18:20:46.537] [main/DEBUG] [net.minecraftforge.fml.loading.UniqueModListBuilder/]: Selected file mixinextras-forge-0.4.1.jar for modid mixinextras with version 0.4.1
[28May2025 18:20:46.537] [main/DEBUG] [net.minecraftforge.fml.loading.UniqueModListBuilder/]: Found 2 mods for first modid space.arim.dazzleconf, selecting most recent based on version data
[28May2025 18:20:46.537] [main/DEBUG] [net.minecraftforge.fml.loading.UniqueModListBuilder/]: Selected file dazzleconf-core-1.3.0-M2.jar for modid space.arim.dazzleconf with version 0.0NONE
[28May2025 18:20:46.537] [main/DEBUG] [net.minecraftforge.fml.loading.UniqueModListBuilder/]: Found 2 mods for first modid org.yaml.snakeyaml, selecting most recent based on version data
[28May2025 18:20:46.537] [main/DEBUG] [net.minecraftforge.fml.loading.UniqueModListBuilder/]: Selected file snakeyaml-2.2.jar for modid org.yaml.snakeyaml with version 0.0NONE
[28May2025 18:20:46.537] [main/DEBUG] [net.minecraftforge.fml.loading.UniqueModListBuilder/]: Found 2 mods for first modid space.arim.dazzleconf.ext.snakeyaml, selecting most recent based on version data
[28May2025 18:20:46.537] [main/DEBUG] [net.minecraftforge.fml.loading.UniqueModListBuilder/]: Selected file dazzleconf-ext-snakeyaml-1.3.0-M2.jar for modid space.arim.dazzleconf.ext.snakeyaml with version 0.0NONE
[28May2025 18:20:46.537] [main/DEBUG] [net.minecraftforge.fml.loading.UniqueModListBuilder/]: Found 2 mods for first modid MixinExtras, selecting most recent based on version data
[28May2025 18:20:46.538] [main/DEBUG] [net.minecraftforge.fml.loading.UniqueModListBuilder/]: Selected file MixinExtras-0.4.1.jar for modid MixinExtras with version 0.0NONE
[28May2025 18:20:46.539] [main/DEBUG] [net.minecraftforge.fml.loading.ModSorter/]: Configured system mods: [minecraft, forge]
[28May2025 18:20:46.539] [main/DEBUG] [net.minecraftforge.fml.loading.ModSorter/]: Found system mod: minecraft
[28May2025 18:20:46.539] [main/DEBUG] [net.minecraftforge.fml.loading.ModSorter/]: Found system mod: forge
[28May2025 18:20:46.542] [main/DEBUG] [net.minecraftforge.fml.loading.ModSorter/LOADING]: Found 112 mod requirements (106 mandatory, 6 optional)
[28May2025 18:20:46.543] [main/DEBUG] [net.minecraftforge.fml.loading.ModSorter/LOADING]: Found 0 mod requirements missing (0 mandatory, 0 optional)
[28May2025 18:20:47.040] [main/DEBUG] [cpw.mods.modlauncher.TransformationServicesHandler/MODLAUNCHER]: Transformation services loading transformers
[28May2025 18:20:47.041] [main/DEBUG] [cpw.mods.modlauncher.TransformationServiceDecorator/MODLAUNCHER]: Initializing transformers for transformation service mixin
[28May2025 18:20:47.043] [main/DEBUG] [cpw.mods.modlauncher.TransformationServiceDecorator/MODLAUNCHER]: Initialized transformers for transformation service mixin
[28May2025 18:20:47.043] [main/DEBUG] [cpw.mods.modlauncher.TransformationServiceDecorator/MODLAUNCHER]: Initializing transformers for transformation service fml
[28May2025 18:20:47.043] [main/DEBUG] [net.minecraftforge.fml.loading.FMLServiceProvider/CORE]: Loading coremod transformers
[28May2025 18:20:47.043] [main/DEBUG] [net.minecraftforge.coremod.CoreModEngine/COREMOD]: Loading CoreMod from potion-effects-shift.js
[28May2025 18:20:47.284] [main/DEBUG] [net.minecraftforge.coremod.CoreModEngine/COREMOD]: CoreMod loaded successfully
[28May2025 18:20:47.284] [main/DEBUG] [net.minecraftforge.coremod.CoreModEngine/COREMOD]: Loading CoreMod from coremods/get_ench_level_event.js
[28May2025 18:20:47.297] [main/DEBUG] [net.minecraftforge.coremod.CoreModEngine/COREMOD]: CoreMod loaded successfully
[28May2025 18:20:47.297] [main/DEBUG] [net.minecraftforge.coremod.CoreModEngine/COREMOD]: Loading CoreMod from coremods/get_ench_level_event_specific.js
[28May2025 18:20:47.307] [main/DEBUG] [net.minecraftforge.coremod.CoreModEngine/COREMOD]: CoreMod loaded successfully
[28May2025 18:20:47.307] [main/DEBUG] [net.minecraftforge.coremod.CoreModEngine/COREMOD]: Loading CoreMod from coremods/field_to_method.js
[28May2025 18:20:47.345] [main/DEBUG] [net.minecraftforge.coremod.CoreModEngine/COREMOD]: CoreMod loaded successfully
[28May2025 18:20:47.345] [main/DEBUG] [net.minecraftforge.coremod.CoreModEngine/COREMOD]: Loading CoreMod from coremods/field_to_instanceof.js
[28May2025 18:20:47.384] [main/DEBUG] [net.minecraftforge.coremod.CoreModEngine/COREMOD]: CoreMod loaded successfully
[28May2025 18:20:47.385] [main/DEBUG] [net.minecraftforge.coremod.CoreModEngine/COREMOD]: Loading CoreMod from coremods/add_bouncer_method.js
[28May2025 18:20:47.415] [main/DEBUG] [net.minecraftforge.coremod.CoreModEngine/COREMOD]: CoreMod loaded successfully
[28May2025 18:20:47.416] [main/DEBUG] [net.minecraftforge.coremod.CoreModEngine/COREMOD]: Loading CoreMod from coremods/method_redirector.js
[28May2025 18:20:47.468] [main/DEBUG] [net.minecraftforge.coremod.CoreModEngine/COREMOD]: CoreMod loaded successfully
[28May2025 18:20:47.469] [main/DEBUG] [net.minecraftforge.coremod.CoreModEngine/COREMOD]: Loading CoreMod from coremods/potion_gui_tooltips.js
[28May2025 18:20:47.478] [main/DEBUG] [net.minecraftforge.coremod.CoreModEngine/COREMOD]: CoreMod loaded successfully
[28May2025 18:20:47.491] [main/DEBUG] [cpw.mods.modlauncher.TransformStore/MODLAUNCHER]: Adding transformer net.minecraftforge.coremod.transformer.CoreModMethodTransformer@3c0e00a8 to Target : METHOD {Lnet/minecraft/client/gui/Gui;} {m_93028_} {(Lcom/mojang/blaze3d/vertex/PoseStack;)V}
[28May2025 18:20:47.492] [main/DEBUG] [cpw.mods.modlauncher.TransformStore/MODLAUNCHER]: Adding transformer net.minecraftforge.coremod.transformer.CoreModMethodTransformer@4dde8976 to Target : METHOD {Lnet/minecraftforge/common/extensions/IForgeItemStack;} {getAllEnchantments} {()Ljava/util/Map;}
[28May2025 18:20:47.493] [main/DEBUG] [cpw.mods.modlauncher.TransformStore/MODLAUNCHER]: Adding transformer net.minecraftforge.coremod.transformer.CoreModMethodTransformer@4887de2b to Target : METHOD {Lnet/minecraftforge/common/extensions/IForgeItemStack;} {getEnchantmentLevel} {(Lnet/minecraft/world/item/enchantment/Enchantment;)I}
[28May2025 18:20:47.493] [main/DEBUG] [cpw.mods.modlauncher.TransformStore/MODLAUNCHER]: Adding transformer net.minecraftforge.coremod.transformer.CoreModMethodTransformer@3b4825f0 to Target : METHOD {Lnet/minecraft/client/gui/screens/inventory/EffectRenderingInventoryScreen;} {m_280113_} {(Lnet/minecraft/client/gui/GuiGraphics;II)V}
[28May2025 18:20:47.493] [main/DEBUG] [cpw.mods.modlauncher.TransformStore/MODLAUNCHER]: Adding transformer net.minecraftforge.coremod.transformer.CoreModClassTransformer@7980cf2c to Target : CLASS {Lnet/minecraft/world/level/biome/Biome;} {} {V}
[28May2025 18:20:47.494] [main/DEBUG] [cpw.mods.modlauncher.TransformStore/MODLAUNCHER]: Adding transformer net.minecraftforge.coremod.transformer.CoreModClassTransformer@f0020b1 to Target : CLASS {Lnet/minecraft/world/level/levelgen/structure/Structure;} {} {V}
[28May2025 18:20:47.494] [main/DEBUG] [cpw.mods.modlauncher.TransformStore/MODLAUNCHER]: Adding transformer net.minecraftforge.coremod.transformer.CoreModClassTransformer@759de304 to Target : CLASS {Lnet/minecraft/world/effect/MobEffectInstance;} {} {V}
[28May2025 18:20:47.495] [main/DEBUG] [cpw.mods.modlauncher.TransformStore/MODLAUNCHER]: Adding transformer net.minecraftforge.coremod.transformer.CoreModClassTransformer@5649d11a to Target : CLASS {Lnet/minecraft/world/level/block/LiquidBlock;} {} {V}
[28May2025 18:20:47.495] [main/DEBUG] [cpw.mods.modlauncher.TransformStore/MODLAUNCHER]: Adding transformer net.minecraftforge.coremod.transformer.CoreModClassTransformer@294f9d50 to Target : CLASS {Lnet/minecraft/world/item/BucketItem;} {} {V}
[28May2025 18:20:47.495] [main/DEBUG] [cpw.mods.modlauncher.TransformStore/MODLAUNCHER]: Adding transformer net.minecraftforge.coremod.transformer.CoreModClassTransformer@27443560 to Target : CLASS {Lnet/minecraft/world/level/block/StairBlock;} {} {V}
[28May2025 18:20:47.495] [main/DEBUG] [cpw.mods.modlauncher.TransformStore/MODLAUNCHER]: Adding transformer net.minecraftforge.coremod.transformer.CoreModClassTransformer@3ddb774f to Target : CLASS {Lnet/minecraft/world/level/block/FlowerPotBlock;} {} {V}
[28May2025 18:20:47.495] [main/DEBUG] [cpw.mods.modlauncher.TransformStore/MODLAUNCHER]: Adding transformer net.minecraftforge.coremod.transformer.CoreModClassTransformer@2582b0ef to Target : CLASS {Lnet/minecraft/world/item/ItemStack;} {} {V}
[28May2025 18:20:47.495] [main/DEBUG] [cpw.mods.modlauncher.TransformStore/MODLAUNCHER]: Adding transformer net.minecraftforge.coremod.transformer.CoreModClassTransformer@70721c12 to Target : CLASS {Lnet/minecraft/network/play/client/CClientSettingsPacket;} {} {V}
[28May2025 18:20:47.495] [main/DEBUG] [cpw.mods.modlauncher.TransformStore/MODLAUNCHER]: Adding transformer net.minecraftforge.coremod.transformer.CoreModClassTransformer@769bd849 to Target : CLASS {Lnet/minecraft/world/entity/monster/Strider;} {} {V}
[28May2025 18:20:47.498] [main/DEBUG] [cpw.mods.modlauncher.TransformStore/MODLAUNCHER]: Adding transformer net.minecraftforge.coremod.transformer.CoreModClassTransformer@769bd849 to Target : CLASS {Lnet/minecraft/world/entity/npc/CatSpawner;} {} {V}
[28May2025 18:20:47.498] [main/DEBUG] [cpw.mods.modlauncher.TransformStore/MODLAUNCHER]: Adding transformer net.minecraftforge.coremod.transformer.CoreModClassTransformer@769bd849 to Target : CLASS {Lnet/minecraft/world/entity/EntityType;} {} {V}
[28May2025 18:20:47.498] [main/DEBUG] [cpw.mods.modlauncher.TransformStore/MODLAUNCHER]: Adding transformer net.minecraftforge.coremod.transformer.CoreModClassTransformer@769bd849 to Target : CLASS {Lnet/minecraft/world/entity/animal/frog/Tadpole;} {} {V}
[28May2025 18:20:47.498] [main/DEBUG] [cpw.mods.modlauncher.TransformStore/MODLAUNCHER]: Adding transformer net.minecraftforge.coremod.transformer.CoreModClassTransformer@769bd849 to Target : CLASS {Lnet/minecraft/world/entity/npc/Villager;} {} {V}
[28May2025 18:20:47.498] [main/DEBUG] [cpw.mods.modlauncher.TransformStore/MODLAUNCHER]: Adding transformer net.minecraftforge.coremod.transformer.CoreModClassTransformer@769bd849 to Target : CLASS {Lnet/minecraft/world/level/levelgen/structure/structures/SwampHutPiece;} {} {V}
[28May2025 18:20:47.498] [main/DEBUG] [cpw.mods.modlauncher.TransformStore/MODLAUNCHER]: Adding transformer net.minecraftforge.coremod.transformer.CoreModClassTransformer@769bd849 to Target : CLASS {Lnet/minecraft/world/entity/raid/Raid;} {} {V}
[28May2025 18:20:47.498] [main/DEBUG] [cpw.mods.modlauncher.TransformStore/MODLAUNCHER]: Adding transformer net.minecraftforge.coremod.transformer.CoreModClassTransformer@769bd849 to Target : CLASS {Lnet/minecraft/world/entity/monster/Spider;} {} {V}
[28May2025 18:20:47.498] [main/DEBUG] [cpw.mods.modlauncher.TransformStore/MODLAUNCHER]: Adding transformer net.minecraftforge.coremod.transformer.CoreModClassTransformer@769bd849 to Target : CLASS {Lnet/minecraft/world/level/levelgen/PatrolSpawner;} {} {V}
[28May2025 18:20:47.498] [main/DEBUG] [cpw.mods.modlauncher.TransformStore/MODLAUNCHER]: Adding transformer net.minecraftforge.coremod.transformer.CoreModClassTransformer@769bd849 to Target : CLASS {Lnet/minecraft/world/entity/ai/village/VillageSiege;} {} {V}
[28May2025 18:20:47.499] [main/DEBUG] [cpw.mods.modlauncher.TransformStore/MODLAUNCHER]: Adding transformer net.minecraftforge.coremod.transformer.CoreModClassTransformer@769bd849 to Target : CLASS {Lnet/minecraft/world/entity/monster/Zombie;} {} {V}
[28May2025 18:20:47.499] [main/DEBUG] [cpw.mods.modlauncher.TransformStore/MODLAUNCHER]: Adding transformer net.minecraftforge.coremod.transformer.CoreModClassTransformer@769bd849 to Target : CLASS {Lnet/minecraft/world/level/levelgen/structure/structures/WoodlandMansionPieces$WoodlandMansionPiece;} {} {V}
[28May2025 18:20:47.499] [main/DEBUG] [cpw.mods.modlauncher.TransformStore/MODLAUNCHER]: Adding transformer net.minecraftforge.coremod.transformer.CoreModClassTransformer@769bd849 to Target : CLASS {Lnet/minecraft/world/level/NaturalSpawner;} {} {V}
[28May2025 18:20:47.499] [main/DEBUG] [cpw.mods.modlauncher.TransformStore/MODLAUNCHER]: Adding transformer net.minecraftforge.coremod.transformer.CoreModClassTransformer@769bd849 to Target : CLASS {Lnet/minecraft/world/level/levelgen/structure/structures/OceanRuinPieces$OceanRuinPiece;} {} {V}
[28May2025 18:20:47.511] [main/DEBUG] [cpw.mods.modlauncher.TransformStore/MODLAUNCHER]: Adding transformer net.minecraftforge.coremod.transformer.CoreModClassTransformer@769bd849 to Target : CLASS {Lnet/minecraft/server/commands/RaidCommand;} {} {V}
[28May2025 18:20:47.511] [main/DEBUG] [cpw.mods.modlauncher.TransformStore/MODLAUNCHER]: Adding transformer net.minecraftforge.coremod.transformer.CoreModClassTransformer@769bd849 to Target : CLASS {Lnet/minecraft/world/entity/monster/ZombieVillager;} {} {V}
[28May2025 18:20:47.511] [main/DEBUG] [cpw.mods.modlauncher.TransformStore/MODLAUNCHER]: Adding transformer net.minecraftforge.coremod.transformer.CoreModClassTransformer@769bd849 to Target : CLASS {Lnet/minecraft/world/level/levelgen/structure/structures/OceanMonumentPieces$OceanMonumentPiece;} {} {V}
[28May2025 18:20:47.511] [main/DEBUG] [cpw.mods.modlauncher.TransformStore/MODLAUNCHER]: Adding transformer net.minecraftforge.coremod.transformer.CoreModClassTransformer@769bd849 to Target : CLASS {Lnet/minecraft/world/level/levelgen/structure/templatesystem/StructureTemplate;} {} {V}
[28May2025 18:20:47.511] [main/DEBUG] [cpw.mods.modlauncher.TransformStore/MODLAUNCHER]: Adding transformer net.minecraftforge.coremod.transformer.CoreModClassTransformer@769bd849 to Target : CLASS {Lnet/minecraft/world/level/levelgen/PhantomSpawner;} {} {V}
[28May2025 18:20:47.511] [main/DEBUG] [cpw.mods.modlauncher.TransformStore/MODLAUNCHER]: Adding transformer net.minecraftforge.coremod.transformer.CoreModClassTransformer@769bd849 to Target : CLASS {Lnet/minecraft/server/commands/SummonCommand;} {} {V}
[28May2025 18:20:47.511] [main/DEBUG] [cpw.mods.modlauncher.TransformStore/MODLAUNCHER]: Adding transformer net.minecraftforge.coremod.transformer.CoreModClassTransformer@769bd849 to Target : CLASS {Lnet/minecraft/world/entity/animal/horse/SkeletonTrapGoal;} {} {V}
[28May2025 18:20:47.511] [main/DEBUG] [cpw.mods.modlauncher.TransformStore/MODLAUNCHER]: Adding transformer net.minecraftforge.coremod.transformer.CoreModClassTransformer@769bd849 to Target : CLASS {Lnet/minecraft/world/entity/monster/Evoker$EvokerSummonSpellGoal;} {} {V}
[28May2025 18:20:47.511] [main/DEBUG] [cpw.mods.modlauncher.TransformationServiceDecorator/MODLAUNCHER]: Initialized transformers for transformation service fml
[28May2025 18:20:48.734] [main/DEBUG] [mixin/]: Processing prepare() for PlatformAgent[MixinPlatformAgentDefault:ModLauncher Root Container(ModLauncher:4f56a0a2)]
[28May2025 18:20:48.735] [main/DEBUG] [mixin/]: Processing launch tasks for PlatformAgent[MixinPlatformAgentDefault:ModLauncher Root Container(ModLauncher:4f56a0a2)]
[28May2025 18:20:48.735] [main/DEBUG] [mixin/]: Adding mixin platform agents for container SecureJarResource(mowziesmobs)
[28May2025 18:20:48.735] [main/DEBUG] [mixin/]: Instancing new MixinPlatformAgentMinecraftForge for SecureJarResource(mowziesmobs)
[28May2025 18:20:48.735] [main/DEBUG] [mixin/]: MixinPlatformAgentMinecraftForge rejected container SecureJarResource(mowziesmobs)
[28May2025 18:20:48.735] [main/DEBUG] [mixin/]: Instancing new MixinPlatformAgentDefault for SecureJarResource(mowziesmobs)
[28May2025 18:20:48.735] [main/DEBUG] [mixin/]: MixinPlatformAgentDefault accepted container SecureJarResource(mowziesmobs)
[28May2025 18:20:48.735] [main/DEBUG] [mixin/]: Processing prepare() for PlatformAgent[MixinPlatformAgentDefault:SecureJarResource(mowziesmobs)]
[28May2025 18:20:48.735] [main/DEBUG] [mixin/]: Registering mixin config: mowziesmobs.mixins.json
[28May2025 18:20:48.754] [main/DEBUG] [mixin/]: Compatibility level JAVA_17 specified by mowziesmobs.mixins.json is higher than the maximum level supported by this version of mixin (JAVA_13).
[28May2025 18:20:48.759] [main/INFO] [mixin/]: Compatibility level set to JAVA_17
[28May2025 18:20:48.759] [main/DEBUG] [mixin/]: Adding mixin platform agents for container SecureJarResource(netherexp)
[28May2025 18:20:48.759] [main/DEBUG] [mixin/]: Instancing new MixinPlatformAgentMinecraftForge for SecureJarResource(netherexp)
[28May2025 18:20:48.760] [main/DEBUG] [mixin/]: MixinPlatformAgentMinecraftForge rejected container SecureJarResource(netherexp)
[28May2025 18:20:48.760] [main/DEBUG] [mixin/]: Instancing new MixinPlatformAgentDefault for SecureJarResource(netherexp)
[28May2025 18:20:48.760] [main/DEBUG] [mixin/]: MixinPlatformAgentDefault accepted container SecureJarResource(netherexp)
[28May2025 18:20:48.760] [main/DEBUG] [mixin/]: Processing prepare() for PlatformAgent[MixinPlatformAgentDefault:SecureJarResource(netherexp)]
[28May2025 18:20:48.760] [main/DEBUG] [mixin/]: Registering mixin config: mixins.netherexp.json
[28May2025 18:20:48.763] [main/DEBUG] [mixin/]: Adding mixin platform agents for container SecureJarResource(efiscompat)
[28May2025 18:20:48.763] [main/DEBUG] [mixin/]: Instancing new MixinPlatformAgentMinecraftForge for SecureJarResource(efiscompat)
[28May2025 18:20:48.763] [main/DEBUG] [mixin/]: MixinPlatformAgentMinecraftForge rejected container SecureJarResource(efiscompat)
[28May2025 18:20:48.763] [main/DEBUG] [mixin/]: Instancing new MixinPlatformAgentDefault for SecureJarResource(efiscompat)
[28May2025 18:20:48.763] [main/DEBUG] [mixin/]: MixinPlatformAgentDefault accepted container SecureJarResource(efiscompat)
[28May2025 18:20:48.763] [main/DEBUG] [mixin/]: Processing prepare() for PlatformAgent[MixinPlatformAgentDefault:SecureJarResource(efiscompat)]
[28May2025 18:20:48.763] [main/DEBUG] [mixin/]: Registering mixin config: mixins.epicironcompat.json
[28May2025 18:20:48.766] [main/ERROR] [mixin/]: Mixin config mixins.epicironcompat.json does not specify "minVersion" property
[28May2025 18:20:48.766] [main/DEBUG] [mixin/]: Adding mixin platform agents for container SecureJarResource(geckolib)
[28May2025 18:20:48.766] [main/DEBUG] [mixin/]: Instancing new MixinPlatformAgentMinecraftForge for SecureJarResource(geckolib)
[28May2025 18:20:48.766] [main/DEBUG] [mixin/]: MixinPlatformAgentMinecraftForge rejected container SecureJarResource(geckolib)
[28May2025 18:20:48.766] [main/DEBUG] [mixin/]: Instancing new MixinPlatformAgentDefault for SecureJarResource(geckolib)
[28May2025 18:20:48.766] [main/DEBUG] [mixin/]: MixinPlatformAgentDefault accepted container SecureJarResource(geckolib)
[28May2025 18:20:48.766] [main/DEBUG] [mixin/]: Processing prepare() for PlatformAgent[MixinPlatformAgentDefault:SecureJarResource(geckolib)]
[28May2025 18:20:48.766] [main/DEBUG] [mixin/]: Registering mixin config: geckolib.mixins.json
[28May2025 18:20:48.769] [main/DEBUG] [mixin/]: Adding mixin platform agents for container SecureJarResource(playeranimator)
[28May2025 18:20:48.769] [main/DEBUG] [mixin/]: Instancing new MixinPlatformAgentMinecraftForge for SecureJarResource(playeranimator)
[28May2025 18:20:48.769] [main/DEBUG] [mixin/]: MixinPlatformAgentMinecraftForge rejected container SecureJarResource(playeranimator)
[28May2025 18:20:48.769] [main/DEBUG] [mixin/]: Instancing new MixinPlatformAgentDefault for SecureJarResource(playeranimator)
[28May2025 18:20:48.769] [main/DEBUG] [mixin/]: MixinPlatformAgentDefault accepted container SecureJarResource(playeranimator)
[28May2025 18:20:48.769] [main/DEBUG] [mixin/]: Processing prepare() for PlatformAgent[MixinPlatformAgentDefault:SecureJarResource(playeranimator)]
[28May2025 18:20:48.769] [main/DEBUG] [mixin/]: Registering mixin config: playerAnimator-common.mixins.json
[28May2025 18:20:48.771] [main/DEBUG] [mixin/]: Compatibility level JAVA_16 specified by playerAnimator-common.mixins.json is higher than the maximum level supported by this version of mixin (JAVA_13).
[28May2025 18:20:48.771] [main/DEBUG] [mixin/]: Adding mixin platform agents for container SecureJarResource(elysium_api)
[28May2025 18:20:48.771] [main/DEBUG] [mixin/]: Instancing new MixinPlatformAgentMinecraftForge for SecureJarResource(elysium_api)
[28May2025 18:20:48.772] [main/DEBUG] [mixin/]: MixinPlatformAgentMinecraftForge rejected container SecureJarResource(elysium_api)
[28May2025 18:20:48.772] [main/DEBUG] [mixin/]: Instancing new MixinPlatformAgentDefault for SecureJarResource(elysium_api)
[28May2025 18:20:48.772] [main/DEBUG] [mixin/]: MixinPlatformAgentDefault accepted container SecureJarResource(elysium_api)
[28May2025 18:20:48.772] [main/DEBUG] [mixin/]: Processing prepare() for PlatformAgent[MixinPlatformAgentDefault:SecureJarResource(elysium_api)]
[28May2025 18:20:48.772] [main/DEBUG] [mixin/]: Registering mixin config: mixins.elysium_api.json
[28May2025 18:20:48.774] [main/DEBUG] [mixin/]: Adding mixin platform agents for container SecureJarResource(mowzies_cataclysm)
[28May2025 18:20:48.774] [main/DEBUG] [mixin/]: Instancing new MixinPlatformAgentMinecraftForge for SecureJarResource(mowzies_cataclysm)
[28May2025 18:20:48.774] [main/DEBUG] [mixin/]: MixinPlatformAgentMinecraftForge rejected container SecureJarResource(mowzies_cataclysm)
[28May2025 18:20:48.774] [main/DEBUG] [mixin/]: Instancing new MixinPlatformAgentDefault for SecureJarResource(mowzies_cataclysm)
[28May2025 18:20:48.774] [main/DEBUG] [mixin/]: MixinPlatformAgentDefault accepted container SecureJarResource(mowzies_cataclysm)
[28May2025 18:20:48.774] [main/DEBUG] [mixin/]: Processing prepare() for PlatformAgent[MixinPlatformAgentDefault:SecureJarResource(mowzies_cataclysm)]
[28May2025 18:20:48.775] [main/DEBUG] [mixin/]: Adding mixin platform agents for container SecureJarResource(caelus)
[28May2025 18:20:48.775] [main/DEBUG] [mixin/]: Instancing new MixinPlatformAgentMinecraftForge for SecureJarResource(caelus)
[28May2025 18:20:48.775] [main/DEBUG] [mixin/]: MixinPlatformAgentMinecraftForge rejected container SecureJarResource(caelus)
[28May2025 18:20:48.775] [main/DEBUG] [mixin/]: Instancing new MixinPlatformAgentDefault for SecureJarResource(caelus)
[28May2025 18:20:48.775] [main/DEBUG] [mixin/]: MixinPlatformAgentDefault accepted container SecureJarResource(caelus)
[28May2025 18:20:48.775] [main/DEBUG] [mixin/]: Processing prepare() for PlatformAgent[MixinPlatformAgentDefault:SecureJarResource(caelus)]
[28May2025 18:20:48.775] [main/DEBUG] [mixin/]: Registering mixin config: caelus.mixins.json
[28May2025 18:20:48.777] [main/DEBUG] [mixin/]: Adding mixin platform agents for container SecureJarResource(journeymap)
[28May2025 18:20:48.777] [main/DEBUG] [mixin/]: Instancing new MixinPlatformAgentMinecraftForge for SecureJarResource(journeymap)
[28May2025 18:20:48.777] [main/DEBUG] [mixin/]: MixinPlatformAgentMinecraftForge rejected container SecureJarResource(journeymap)
[28May2025 18:20:48.777] [main/DEBUG] [mixin/]: Instancing new MixinPlatformAgentDefault for SecureJarResource(journeymap)
[28May2025 18:20:48.777] [main/DEBUG] [mixin/]: MixinPlatformAgentDefault accepted container SecureJarResource(journeymap)
[28May2025 18:20:48.777] [main/DEBUG] [mixin/]: Processing prepare() for PlatformAgent[MixinPlatformAgentDefault:SecureJarResource(journeymap)]
[28May2025 18:20:48.777] [main/DEBUG] [mixin/]: Registering mixin config: journeymap.mixins.json
[28May2025 18:20:48.779] [main/DEBUG] [mixin/]: Adding mixin platform agents for container SecureJarResource(placebo)
[28May2025 18:20:48.779] [main/DEBUG] [mixin/]: Instancing new MixinPlatformAgentMinecraftForge for SecureJarResource(placebo)
[28May2025 18:20:48.779] [main/DEBUG] [mixin/]: MixinPlatformAgentMinecraftForge rejected container SecureJarResource(placebo)
[28May2025 18:20:48.779] [main/DEBUG] [mixin/]: Instancing new MixinPlatformAgentDefault for SecureJarResource(placebo)
[28May2025 18:20:48.779] [main/DEBUG] [mixin/]: MixinPlatformAgentDefault accepted container SecureJarResource(placebo)
[28May2025 18:20:48.779] [main/DEBUG] [mixin/]: Processing prepare() for PlatformAgent[MixinPlatformAgentDefault:SecureJarResource(placebo)]
[28May2025 18:20:48.780] [main/DEBUG] [mixin/]: Registering mixin config: placebo.mixins.json
[28May2025 18:20:48.781] [main/DEBUG] [mixin/]: Adding mixin platform agents for container SecureJarResource(modernfix)
[28May2025 18:20:48.781] [main/DEBUG] [mixin/]: Instancing new MixinPlatformAgentMinecraftForge for SecureJarResource(modernfix)
[28May2025 18:20:48.782] [main/DEBUG] [mixin/]: MixinPlatformAgentMinecraftForge rejected container SecureJarResource(modernfix)
[28May2025 18:20:48.782] [main/DEBUG] [mixin/]: Instancing new MixinPlatformAgentDefault for SecureJarResource(modernfix)
[28May2025 18:20:48.782] [main/DEBUG] [mixin/]: MixinPlatformAgentDefault accepted container SecureJarResource(modernfix)
[28May2025 18:20:48.782] [main/DEBUG] [mixin/]: Processing prepare() for PlatformAgent[MixinPlatformAgentDefault:SecureJarResource(modernfix)]
[28May2025 18:20:48.782] [main/DEBUG] [mixin/]: Registering mixin config: modernfix-common.mixins.json
[28May2025 18:20:48.784] [main/DEBUG] [mixin/]: Registering mixin config: modernfix-forge.mixins.json
[28May2025 18:20:48.786] [main/DEBUG] [mixin/]: Adding mixin platform agents for container SecureJarResource(jei)
[28May2025 18:20:48.786] [main/DEBUG] [mixin/]: Instancing new MixinPlatformAgentMinecraftForge for SecureJarResource(jei)
[28May2025 18:20:48.787] [main/DEBUG] [mixin/]: MixinPlatformAgentMinecraftForge rejected container SecureJarResource(jei)
[28May2025 18:20:48.787] [main/DEBUG] [mixin/]: Instancing new MixinPlatformAgentDefault for SecureJarResource(jei)
[28May2025 18:20:48.787] [main/DEBUG] [mixin/]: MixinPlatformAgentDefault accepted container SecureJarResource(jei)
[28May2025 18:20:48.787] [main/DEBUG] [mixin/]: Processing prepare() for PlatformAgent[MixinPlatformAgentDefault:SecureJarResource(jei)]
[28May2025 18:20:48.787] [main/DEBUG] [mixin/]: Adding mixin platform agents for container SecureJarResource(citadel)
[28May2025 18:20:48.787] [main/DEBUG] [mixin/]: Instancing new MixinPlatformAgentMinecraftForge for SecureJarResource(citadel)
[28May2025 18:20:48.787] [main/DEBUG] [mixin/]: MixinPlatformAgentMinecraftForge rejected container SecureJarResource(citadel)
[28May2025 18:20:48.788] [main/DEBUG] [mixin/]: Instancing new MixinPlatformAgentDefault for SecureJarResource(citadel)
[28May2025 18:20:48.788] [main/DEBUG] [mixin/]: MixinPlatformAgentDefault accepted container SecureJarResource(citadel)
[28May2025 18:20:48.788] [main/DEBUG] [mixin/]: Processing prepare() for PlatformAgent[MixinPlatformAgentDefault:SecureJarResource(citadel)]
[28May2025 18:20:48.788] [main/DEBUG] [mixin/]: Registering mixin config: citadel.mixins.json
[28May2025 18:20:48.790] [main/DEBUG] [mixin/]: Adding mixin platform agents for container SecureJarResource(travelersbackpack)
[28May2025 18:20:48.790] [main/DEBUG] [mixin/]: Instancing new MixinPlatformAgentMinecraftForge for SecureJarResource(travelersbackpack)
[28May2025 18:20:48.790] [main/DEBUG] [mixin/]: MixinPlatformAgentMinecraftForge rejected container SecureJarResource(travelersbackpack)
[28May2025 18:20:48.791] [main/DEBUG] [mixin/]: Instancing new MixinPlatformAgentDefault for SecureJarResource(travelersbackpack)
[28May2025 18:20:48.791] [main/DEBUG] [mixin/]: MixinPlatformAgentDefault accepted container SecureJarResource(travelersbackpack)
[28May2025 18:20:48.791] [main/DEBUG] [mixin/]: Processing prepare() for PlatformAgent[MixinPlatformAgentDefault:SecureJarResource(travelersbackpack)]
[28May2025 18:20:48.791] [main/DEBUG] [mixin/]: Registering mixin config: mixins.travelersbackpack.json
[28May2025 18:20:48.792] [main/DEBUG] [mixin/]: Adding mixin platform agents for container SecureJarResource(mixinextras)
[28May2025 18:20:48.792] [main/DEBUG] [mixin/]: Instancing new MixinPlatformAgentMinecraftForge for SecureJarResource(mixinextras)
[28May2025 18:20:48.793] [main/DEBUG] [mixin/]: MixinPlatformAgentMinecraftForge rejected container SecureJarResource(mixinextras)
[28May2025 18:20:48.793] [main/DEBUG] [mixin/]: Instancing new MixinPlatformAgentDefault for SecureJarResource(mixinextras)
[28May2025 18:20:48.793] [main/DEBUG] [mixin/]: MixinPlatformAgentDefault accepted container SecureJarResource(mixinextras)
[28May2025 18:20:48.793] [main/DEBUG] [mixin/]: Processing prepare() for PlatformAgent[MixinPlatformAgentDefault:SecureJarResource(mixinextras)]
[28May2025 18:20:48.794] [main/DEBUG] [mixin/]: Registering mixin config: mixinextras.init.mixins.json
[28May2025 18:20:48.796] [main/DEBUG] [mixin/]: Adding mixin platform agents for container SecureJarResource(relics)
[28May2025 18:20:48.796] [main/DEBUG] [mixin/]: Instancing new MixinPlatformAgentMinecraftForge for SecureJarResource(relics)
[28May2025 18:20:48.796] [main/DEBUG] [mixin/]: MixinPlatformAgentMinecraftForge rejected container SecureJarResource(relics)
[28May2025 18:20:48.796] [main/DEBUG] [mixin/]: Instancing new MixinPlatformAgentDefault for SecureJarResource(relics)
[28May2025 18:20:48.796] [main/DEBUG] [mixin/]: MixinPlatformAgentDefault accepted container SecureJarResource(relics)
[28May2025 18:20:48.797] [main/DEBUG] [mixin/]: Processing prepare() for PlatformAgent[MixinPlatformAgentDefault:SecureJarResource(relics)]
[28May2025 18:20:48.797] [main/DEBUG] [mixin/]: Registering mixin config: relics.mixins.json
[28May2025 18:20:48.798] [main/DEBUG] [mixin/]: Compatibility level JAVA_8 specified by relics.mixins.json is lower than the default level supported by the current mixin service (JAVA_16).
[28May2025 18:20:48.799] [main/DEBUG] [mixin/]: Adding mixin platform agents for container SecureJarResource(terralith)
[28May2025 18:20:48.799] [main/DEBUG] [mixin/]: Instancing new MixinPlatformAgentMinecraftForge for SecureJarResource(terralith)
[28May2025 18:20:48.799] [main/DEBUG] [mixin/]: MixinPlatformAgentMinecraftForge rejected container SecureJarResource(terralith)
[28May2025 18:20:48.799] [main/DEBUG] [mixin/]: Instancing new MixinPlatformAgentDefault for SecureJarResource(terralith)
[28May2025 18:20:48.799] [main/DEBUG] [mixin/]: MixinPlatformAgentDefault accepted container SecureJarResource(terralith)
[28May2025 18:20:48.800] [main/DEBUG] [mixin/]: Processing prepare() for PlatformAgent[MixinPlatformAgentDefault:SecureJarResource(terralith)]
[28May2025 18:20:48.800] [main/DEBUG] [mixin/]: Adding mixin platform agents for container SecureJarResource(dynview)
[28May2025 18:20:48.800] [main/DEBUG] [mixin/]: Instancing new MixinPlatformAgentMinecraftForge for SecureJarResource(dynview)
[28May2025 18:20:48.800] [main/DEBUG] [mixin/]: MixinPlatformAgentMinecraftForge rejected container SecureJarResource(dynview)
[28May2025 18:20:48.800] [main/DEBUG] [mixin/]: Instancing new MixinPlatformAgentDefault for SecureJarResource(dynview)
[28May2025 18:20:48.800] [main/DEBUG] [mixin/]: MixinPlatformAgentDefault accepted container SecureJarResource(dynview)
[28May2025 18:20:48.800] [main/DEBUG] [mixin/]: Processing prepare() for PlatformAgent[MixinPlatformAgentDefault:SecureJarResource(dynview)]
[28May2025 18:20:48.800] [main/DEBUG] [mixin/]: Registering mixin config: dynview.mixins.json
[28May2025 18:20:48.802] [main/DEBUG] [mixin/]: Adding mixin platform agents for container SecureJarResource(memoryleakfix)
[28May2025 18:20:48.802] [main/DEBUG] [mixin/]: Instancing new MixinPlatformAgentMinecraftForge for SecureJarResource(memoryleakfix)
[28May2025 18:20:48.802] [main/DEBUG] [mixin/]: MixinPlatformAgentMinecraftForge rejected container SecureJarResource(memoryleakfix)
[28May2025 18:20:48.802] [main/DEBUG] [mixin/]: Instancing new MixinPlatformAgentDefault for SecureJarResource(memoryleakfix)
[28May2025 18:20:48.802] [main/DEBUG] [mixin/]: MixinPlatformAgentDefault accepted container SecureJarResource(memoryleakfix)
[28May2025 18:20:48.803] [main/DEBUG] [mixin/]: Processing prepare() for PlatformAgent[MixinPlatformAgentDefault:SecureJarResource(memoryleakfix)]
[28May2025 18:20:48.803] [main/DEBUG] [mixin/]: Registering mixin config: memoryleakfix.mixins.json
[28May2025 18:20:48.804] [main/DEBUG] [mixin/]: Compatibility level JAVA_8 specified by memoryleakfix.mixins.json is lower than the default level supported by the current mixin service (JAVA_16).
[28May2025 18:20:48.804] [main/DEBUG] [mixin/]: Adding mixin platform agents for container SecureJarResource(jeresources)
[28May2025 18:20:48.804] [main/DEBUG] [mixin/]: Instancing new MixinPlatformAgentMinecraftForge for SecureJarResource(jeresources)
[28May2025 18:20:48.804] [main/DEBUG] [mixin/]: MixinPlatformAgentMinecraftForge rejected container SecureJarResource(jeresources)
[28May2025 18:20:48.804] [main/DEBUG] [mixin/]: Instancing new MixinPlatformAgentDefault for SecureJarResource(jeresources)
[28May2025 18:20:48.804] [main/DEBUG] [mixin/]: MixinPlatformAgentDefault accepted container SecureJarResource(jeresources)
[28May2025 18:20:48.804] [main/DEBUG] [mixin/]: Processing prepare() for PlatformAgent[MixinPlatformAgentDefault:SecureJarResource(jeresources)]
[28May2025 18:20:48.804] [main/DEBUG] [mixin/]: Adding mixin platform agents for container SecureJarResource(dungeons_arise_seven_seas)
[28May2025 18:20:48.805] [main/DEBUG] [mixin/]: Instancing new MixinPlatformAgentMinecraftForge for SecureJarResource(dungeons_arise_seven_seas)
[28May2025 18:20:48.805] [main/DEBUG] [mixin/]: MixinPlatformAgentMinecraftForge rejected container SecureJarResource(dungeons_arise_seven_seas)
[28May2025 18:20:48.805] [main/DEBUG] [mixin/]: Instancing new MixinPlatformAgentDefault for SecureJarResource(dungeons_arise_seven_seas)
[28May2025 18:20:48.805] [main/DEBUG] [mixin/]: MixinPlatformAgentDefault accepted container SecureJarResource(dungeons_arise_seven_seas)
[28May2025 18:20:48.805] [main/DEBUG] [mixin/]: Processing prepare() for PlatformAgent[MixinPlatformAgentDefault:SecureJarResource(dungeons_arise_seven_seas)]
[28May2025 18:20:48.805] [main/DEBUG] [mixin/]: Adding mixin platform agents for container SecureJarResource(forge)
[28May2025 18:20:48.805] [main/DEBUG] [mixin/]: Instancing new MixinPlatformAgentMinecraftForge for SecureJarResource(forge)
[28May2025 18:20:48.805] [main/DEBUG] [mixin/]: MixinPlatformAgentMinecraftForge rejected container SecureJarResource(forge)
[28May2025 18:20:48.805] [main/DEBUG] [mixin/]: Instancing new MixinPlatformAgentDefault for SecureJarResource(forge)
[28May2025 18:20:48.805] [main/DEBUG] [mixin/]: MixinPlatformAgentDefault accepted container SecureJarResource(forge)
[28May2025 18:20:48.805] [main/DEBUG] [mixin/]: Processing prepare() for PlatformAgent[MixinPlatformAgentDefault:SecureJarResource(forge)]
[28May2025 18:20:48.805] [main/DEBUG] [mixin/]: Adding mixin platform agents for container SecureJarResource(tlskincape)
[28May2025 18:20:48.805] [main/DEBUG] [mixin/]: Instancing new MixinPlatformAgentMinecraftForge for SecureJarResource(tlskincape)
[28May2025 18:20:48.805] [main/DEBUG] [mixin/]: MixinPlatformAgentMinecraftForge rejected container SecureJarResource(tlskincape)
[28May2025 18:20:48.806] [main/DEBUG] [mixin/]: Instancing new MixinPlatformAgentDefault for SecureJarResource(tlskincape)
[28May2025 18:20:48.806] [main/DEBUG] [mixin/]: MixinPlatformAgentDefault accepted container SecureJarResource(tlskincape)
[28May2025 18:20:48.806] [main/DEBUG] [mixin/]: Processing prepare() for PlatformAgent[MixinPlatformAgentDefault:SecureJarResource(tlskincape)]
[28May2025 18:20:48.806] [main/DEBUG] [mixin/]: Adding mixin platform agents for container SecureJarResource(embeddium)
[28May2025 18:20:48.806] [main/DEBUG] [mixin/]: Instancing new MixinPlatformAgentMinecraftForge for SecureJarResource(embeddium)
[28May2025 18:20:48.806] [main/DEBUG] [mixin/]: MixinPlatformAgentMinecraftForge rejected container SecureJarResource(embeddium)
[28May2025 18:20:48.806] [main/DEBUG] [mixin/]: Instancing new MixinPlatformAgentDefault for SecureJarResource(embeddium)
[28May2025 18:20:48.806] [main/DEBUG] [mixin/]: MixinPlatformAgentDefault accepted container SecureJarResource(embeddium)
[28May2025 18:20:48.806] [main/DEBUG] [mixin/]: Processing prepare() for PlatformAgent[MixinPlatformAgentDefault:SecureJarResource(embeddium)]
[28May2025 18:20:48.806] [main/DEBUG] [mixin/]: Registering mixin config: embeddium.mixins.json
[28May2025 18:20:48.807] [main/DEBUG] [mixin/]: Adding mixin platform agents for container SecureJarResource(dungeons_arise)
[28May2025 18:20:48.807] [main/DEBUG] [mixin/]: Instancing new MixinPlatformAgentMinecraftForge for SecureJarResource(dungeons_arise)
[28May2025 18:20:48.808] [main/DEBUG] [mixin/]: MixinPlatformAgentMinecraftForge rejected container SecureJarResource(dungeons_arise)
[28May2025 18:20:48.808] [main/DEBUG] [mixin/]: Instancing new MixinPlatformAgentDefault for SecureJarResource(dungeons_arise)
[28May2025 18:20:48.808] [main/DEBUG] [mixin/]: MixinPlatformAgentDefault accepted container SecureJarResource(dungeons_arise)
[28May2025 18:20:48.808] [main/DEBUG] [mixin/]: Processing prepare() for PlatformAgent[MixinPlatformAgentDefault:SecureJarResource(dungeons_arise)]
[28May2025 18:20:48.808] [main/DEBUG] [mixin/]: Adding mixin platform agents for container SecureJarResource(minecraft)
[28May2025 18:20:48.808] [main/DEBUG] [mixin/]: Instancing new MixinPlatformAgentMinecraftForge for SecureJarResource(minecraft)
[28May2025 18:20:48.808] [main/DEBUG] [mixin/]: MixinPlatformAgentMinecraftForge rejected container SecureJarResource(minecraft)
[28May2025 18:20:48.808] [main/DEBUG] [mixin/]: Instancing new MixinPlatformAgentDefault for SecureJarResource(minecraft)
[28May2025 18:20:48.808] [main/DEBUG] [mixin/]: MixinPlatformAgentDefault accepted container SecureJarResource(minecraft)
[28May2025 18:20:48.808] [main/DEBUG] [mixin/]: Processing prepare() for PlatformAgent[MixinPlatformAgentDefault:SecureJarResource(minecraft)]
[28May2025 18:20:48.809] [main/DEBUG] [mixin/]: Adding mixin platform agents for container SecureJarResource(dungeons_and_combat)
[28May2025 18:20:48.809] [main/DEBUG] [mixin/]: Instancing new MixinPlatformAgentMinecraftForge for SecureJarResource(dungeons_and_combat)
[28May2025 18:20:48.809] [main/DEBUG] [mixin/]: MixinPlatformAgentMinecraftForge rejected container SecureJarResource(dungeons_and_combat)
[28May2025 18:20:48.809] [main/DEBUG] [mixin/]: Instancing new MixinPlatformAgentDefault for SecureJarResource(dungeons_and_combat)
[28May2025 18:20:48.809] [main/DEBUG] [mixin/]: MixinPlatformAgentDefault accepted container SecureJarResource(dungeons_and_combat)
[28May2025 18:20:48.809] [main/DEBUG] [mixin/]: Processing prepare() for PlatformAgent[MixinPlatformAgentDefault:SecureJarResource(dungeons_and_combat)]
[28May2025 18:20:48.809] [main/DEBUG] [mixin/]: Adding mixin platform agents for container SecureJarResource(alexscaves)
[28May2025 18:20:48.809] [main/DEBUG] [mixin/]: Instancing new MixinPlatformAgentMinecraftForge for SecureJarResource(alexscaves)
[28May2025 18:20:48.809] [main/DEBUG] [mixin/]: MixinPlatformAgentMinecraftForge rejected container SecureJarResource(alexscaves)
[28May2025 18:20:48.809] [main/DEBUG] [mixin/]: Instancing new MixinPlatformAgentDefault for SecureJarResource(alexscaves)
[28May2025 18:20:48.809] [main/DEBUG] [mixin/]: MixinPlatformAgentDefault accepted container SecureJarResource(alexscaves)
[28May2025 18:20:48.809] [main/DEBUG] [mixin/]: Processing prepare() for PlatformAgent[MixinPlatformAgentDefault:SecureJarResource(alexscaves)]
[28May2025 18:20:48.809] [main/DEBUG] [mixin/]: Registering mixin config: citadel.mixins.json
[28May2025 18:20:48.809] [main/DEBUG] [mixin/]: Registering mixin config: alexscaves.mixins.json
[28May2025 18:20:48.812] [main/DEBUG] [mixin/]: Adding mixin platform agents for container SecureJarResource(nightmareesm)
[28May2025 18:20:48.812] [main/DEBUG] [mixin/]: Instancing new MixinPlatformAgentMinecraftForge for SecureJarResource(nightmareesm)
[28May2025 18:20:48.812] [main/DEBUG] [mixin/]: MixinPlatformAgentMinecraftForge rejected container SecureJarResource(nightmareesm)
[28May2025 18:20:48.812] [main/DEBUG] [mixin/]: Instancing new MixinPlatformAgentDefault for SecureJarResource(nightmareesm)
[28May2025 18:20:48.812] [main/DEBUG] [mixin/]: MixinPlatformAgentDefault accepted container SecureJarResource(nightmareesm)
[28May2025 18:20:48.812] [main/DEBUG] [mixin/]: Processing prepare() for PlatformAgent[MixinPlatformAgentDefault:SecureJarResource(nightmareesm)]
[28May2025 18:20:48.812] [main/DEBUG] [mixin/]: Adding mixin platform agents for container SecureJarResource(mofus_better_end_)
[28May2025 18:20:48.812] [main/DEBUG] [mixin/]: Instancing new MixinPlatformAgentMinecraftForge for SecureJarResource(mofus_better_end_)
[28May2025 18:20:48.812] [main/DEBUG] [mixin/]: MixinPlatformAgentMinecraftForge rejected container SecureJarResource(mofus_better_end_)
[28May2025 18:20:48.812] [main/DEBUG] [mixin/]: Instancing new MixinPlatformAgentDefault for SecureJarResource(mofus_better_end_)
[28May2025 18:20:48.812] [main/DEBUG] [mixin/]: MixinPlatformAgentDefault accepted container SecureJarResource(mofus_better_end_)
[28May2025 18:20:48.812] [main/DEBUG] [mixin/]: Processing prepare() for PlatformAgent[MixinPlatformAgentDefault:SecureJarResource(mofus_better_end_)]
[28May2025 18:20:48.812] [main/DEBUG] [mixin/]: Registering mixin config: mixins.mofus_better_end_.json
[28May2025 18:20:48.814] [main/DEBUG] [mixin/]: Adding mixin platform agents for container SecureJarResource(creativecore)
[28May2025 18:20:48.816] [main/DEBUG] [mixin/]: Instancing new MixinPlatformAgentMinecraftForge for SecureJarResource(creativecore)
[28May2025 18:20:48.816] [main/DEBUG] [mixin/]: MixinPlatformAgentMinecraftForge rejected container SecureJarResource(creativecore)
[28May2025 18:20:48.816] [main/DEBUG] [mixin/]: Instancing new MixinPlatformAgentDefault for SecureJarResource(creativecore)
[28May2025 18:20:48.816] [main/DEBUG] [mixin/]: MixinPlatformAgentDefault accepted container SecureJarResource(creativecore)
[28May2025 18:20:48.816] [main/DEBUG] [mixin/]: Processing prepare() for PlatformAgent[MixinPlatformAgentDefault:SecureJarResource(creativecore)]
[28May2025 18:20:48.816] [main/DEBUG] [mixin/]: Registering mixin config: creativecore.mixins.json
[28May2025 18:20:48.818] [main/DEBUG] [mixin/]: Registering mixin config: creativecore.forge.mixins.json
[28May2025 18:20:48.820] [main/DEBUG] [mixin/]: Adding mixin platform agents for container SecureJarResource(chunky)
[28May2025 18:20:48.820] [main/DEBUG] [mixin/]: Instancing new MixinPlatformAgentMinecraftForge for SecureJarResource(chunky)
[28May2025 18:20:48.820] [main/DEBUG] [mixin/]: MixinPlatformAgentMinecraftForge rejected container SecureJarResource(chunky)
[28May2025 18:20:48.820] [main/DEBUG] [mixin/]: Instancing new MixinPlatformAgentDefault for SecureJarResource(chunky)
[28May2025 18:20:48.820] [main/DEBUG] [mixin/]: MixinPlatformAgentDefault accepted container SecureJarResource(chunky)
[28May2025 18:20:48.820] [main/DEBUG] [mixin/]: Processing prepare() for PlatformAgent[MixinPlatformAgentDefault:SecureJarResource(chunky)]
[28May2025 18:20:48.821] [main/DEBUG] [mixin/]: Adding mixin platform agents for container SecureJarResource(eeeabsmobs)
[28May2025 18:20:48.821] [main/DEBUG] [mixin/]: Instancing new MixinPlatformAgentMinecraftForge for SecureJarResource(eeeabsmobs)
[28May2025 18:20:48.821] [main/DEBUG] [mixin/]: MixinPlatformAgentMinecraftForge rejected container SecureJarResource(eeeabsmobs)
[28May2025 18:20:48.821] [main/DEBUG] [mixin/]: Instancing new MixinPlatformAgentDefault for SecureJarResource(eeeabsmobs)
[28May2025 18:20:48.821] [main/DEBUG] [mixin/]: MixinPlatformAgentDefault accepted container SecureJarResource(eeeabsmobs)
[28May2025 18:20:48.821] [main/DEBUG] [mixin/]: Processing prepare() for PlatformAgent[MixinPlatformAgentDefault:SecureJarResource(eeeabsmobs)]
[28May2025 18:20:48.821] [main/DEBUG] [mixin/]: Registering mixin config: eeeabsmobs.mixins.json
[28May2025 18:20:48.823] [main/DEBUG] [mixin/]: Adding mixin platform agents for container SecureJarResource(servercore)
[28May2025 18:20:48.824] [main/DEBUG] [mixin/]: Instancing new MixinPlatformAgentMinecraftForge for SecureJarResource(servercore)
[28May2025 18:20:48.824] [main/DEBUG] [mixin/]: MixinPlatformAgentMinecraftForge rejected container SecureJarResource(servercore)
[28May2025 18:20:48.824] [main/DEBUG] [mixin/]: Instancing new MixinPlatformAgentDefault for SecureJarResource(servercore)
[28May2025 18:20:48.824] [main/DEBUG] [mixin/]: MixinPlatformAgentDefault accepted container SecureJarResource(servercore)
[28May2025 18:20:48.824] [main/DEBUG] [mixin/]: Processing prepare() for PlatformAgent[MixinPlatformAgentDefault:SecureJarResource(servercore)]
[28May2025 18:20:48.824] [main/DEBUG] [mixin/]: Registering mixin config: servercore.common.mixins.json
[28May2025 18:20:48.826] [main/DEBUG] [mixin/]: Compatibility level JAVA_16 specified by servercore.common.mixins.json is higher than the maximum level supported by this version of mixin (JAVA_13).
[28May2025 18:20:48.826] [main/DEBUG] [mixin/]: Adding mixin platform agents for container SecureJarResource(lionfishapi)
[28May2025 18:20:48.827] [main/DEBUG] [mixin/]: Instancing new MixinPlatformAgentMinecraftForge for SecureJarResource(lionfishapi)
[28May2025 18:20:48.827] [main/DEBUG] [mixin/]: MixinPlatformAgentMinecraftForge rejected container SecureJarResource(lionfishapi)
[28May2025 18:20:48.827] [main/DEBUG] [mixin/]: Instancing new MixinPlatformAgentDefault for SecureJarResource(lionfishapi)
[28May2025 18:20:48.827] [main/DEBUG] [mixin/]: MixinPlatformAgentDefault accepted container SecureJarResource(lionfishapi)
[28May2025 18:20:48.827] [main/DEBUG] [mixin/]: Processing prepare() for PlatformAgent[MixinPlatformAgentDefault:SecureJarResource(lionfishapi)]
[28May2025 18:20:48.827] [main/DEBUG] [mixin/]: Registering mixin config: lionfishapi.mixins.json
[28May2025 18:20:48.829] [main/DEBUG] [mixin/]: Adding mixin platform agents for container SecureJarResource(traveloptics)
[28May2025 18:20:48.829] [main/DEBUG] [mixin/]: Instancing new MixinPlatformAgentMinecraftForge for SecureJarResource(traveloptics)
[28May2025 18:20:48.829] [main/DEBUG] [mixin/]: MixinPlatformAgentMinecraftForge rejected container SecureJarResource(traveloptics)
[28May2025 18:20:48.829] [main/DEBUG] [mixin/]: Instancing new MixinPlatformAgentDefault for SecureJarResource(traveloptics)
[28May2025 18:20:48.829] [main/DEBUG] [mixin/]: MixinPlatformAgentDefault accepted container SecureJarResource(traveloptics)
[28May2025 18:20:48.829] [main/DEBUG] [mixin/]: Processing prepare() for PlatformAgent[MixinPlatformAgentDefault:SecureJarResource(traveloptics)]
[28May2025 18:20:48.829] [main/DEBUG] [mixin/]: Adding mixin platform agents for container SecureJarResource(cataclysm)
[28May2025 18:20:48.830] [main/DEBUG] [mixin/]: Instancing new MixinPlatformAgentMinecraftForge for SecureJarResource(cataclysm)
[28May2025 18:20:48.830] [main/DEBUG] [mixin/]: MixinPlatformAgentMinecraftForge rejected container SecureJarResource(cataclysm)
[28May2025 18:20:48.830] [main/DEBUG] [mixin/]: Instancing new MixinPlatformAgentDefault for SecureJarResource(cataclysm)
[28May2025 18:20:48.830] [main/DEBUG] [mixin/]: MixinPlatformAgentDefault accepted container SecureJarResource(cataclysm)
[28May2025 18:20:48.830] [main/DEBUG] [mixin/]: Processing prepare() for PlatformAgent[MixinPlatformAgentDefault:SecureJarResource(cataclysm)]
[28May2025 18:20:48.830] [main/DEBUG] [mixin/]: Registering mixin config: lionfishapi.mixins.json
[28May2025 18:20:48.830] [main/DEBUG] [mixin/]: Registering mixin config: cataclysm.mixins.json
[28May2025 18:20:48.832] [main/DEBUG] [mixin/]: Adding mixin platform agents for container SecureJarResource(curios)
[28May2025 18:20:48.832] [main/DEBUG] [mixin/]: Instancing new MixinPlatformAgentMinecraftForge for SecureJarResource(curios)
[28May2025 18:20:48.832] [main/DEBUG] [mixin/]: MixinPlatformAgentMinecraftForge rejected container SecureJarResource(curios)
[28May2025 18:20:48.832] [main/DEBUG] [mixin/]: Instancing new MixinPlatformAgentDefault for SecureJarResource(curios)
[28May2025 18:20:48.832] [main/DEBUG] [mixin/]: MixinPlatformAgentDefault accepted container SecureJarResource(curios)
[28May2025 18:20:48.832] [main/DEBUG] [mixin/]: Processing prepare() for PlatformAgent[MixinPlatformAgentDefault:SecureJarResource(curios)]
[28May2025 18:20:48.832] [main/DEBUG] [mixin/]: Registering mixin config: curios.mixins.json
[28May2025 18:20:48.834] [main/DEBUG] [mixin/]: Adding mixin platform agents for container SecureJarResource(legendary_monsters)
[28May2025 18:20:48.834] [main/DEBUG] [mixin/]: Instancing new MixinPlatformAgentMinecraftForge for SecureJarResource(legendary_monsters)
[28May2025 18:20:48.834] [main/DEBUG] [mixin/]: MixinPlatformAgentMinecraftForge rejected container SecureJarResource(legendary_monsters)
[28May2025 18:20:48.834] [main/DEBUG] [mixin/]: Instancing new MixinPlatformAgentDefault for SecureJarResource(legendary_monsters)
[28May2025 18:20:48.834] [main/DEBUG] [mixin/]: MixinPlatformAgentDefault accepted container SecureJarResource(legendary_monsters)
[28May2025 18:20:48.834] [main/DEBUG] [mixin/]: Processing prepare() for PlatformAgent[MixinPlatformAgentDefault:SecureJarResource(legendary_monsters)]
[28May2025 18:20:48.834] [main/DEBUG] [mixin/]: Registering mixin config: legendary_monsters.mixins.json
[28May2025 18:20:48.835] [main/DEBUG] [mixin/]: Adding mixin platform agents for container SecureJarResource(irons_spellbooks)
[28May2025 18:20:48.835] [main/DEBUG] [mixin/]: Instancing new MixinPlatformAgentMinecraftForge for SecureJarResource(irons_spellbooks)
[28May2025 18:20:48.836] [main/DEBUG] [mixin/]: MixinPlatformAgentMinecraftForge rejected container SecureJarResource(irons_spellbooks)
[28May2025 18:20:48.836] [main/DEBUG] [mixin/]: Instancing new MixinPlatformAgentDefault for SecureJarResource(irons_spellbooks)
[28May2025 18:20:48.836] [main/DEBUG] [mixin/]: MixinPlatformAgentDefault accepted container SecureJarResource(irons_spellbooks)
[28May2025 18:20:48.836] [main/DEBUG] [mixin/]: Processing prepare() for PlatformAgent[MixinPlatformAgentDefault:SecureJarResource(irons_spellbooks)]
[28May2025 18:20:48.836] [main/DEBUG] [mixin/]: Registering mixin config: mixins.irons_spellbooks.json
[28May2025 18:20:48.838] [main/DEBUG] [mixin/]: Adding mixin platform agents for container SecureJarResource(attributeslib)
[28May2025 18:20:48.838] [main/DEBUG] [mixin/]: Instancing new MixinPlatformAgentMinecraftForge for SecureJarResource(attributeslib)
[28May2025 18:20:48.838] [main/DEBUG] [mixin/]: MixinPlatformAgentMinecraftForge rejected container SecureJarResource(attributeslib)
[28May2025 18:20:48.839] [main/DEBUG] [mixin/]: Instancing new MixinPlatformAgentDefault for SecureJarResource(attributeslib)
[28May2025 18:20:48.839] [main/DEBUG] [mixin/]: MixinPlatformAgentDefault accepted container SecureJarResource(attributeslib)
[28May2025 18:20:48.839] [main/DEBUG] [mixin/]: Processing prepare() for PlatformAgent[MixinPlatformAgentDefault:SecureJarResource(attributeslib)]
[28May2025 18:20:48.839] [main/DEBUG] [mixin/]: Registering mixin config: attributeslib.mixins.json
[28May2025 18:20:48.841] [main/DEBUG] [mixin/]: Adding mixin platform agents for container SecureJarResource(entityculling)
[28May2025 18:20:48.841] [main/DEBUG] [mixin/]: Instancing new MixinPlatformAgentMinecraftForge for SecureJarResource(entityculling)
[28May2025 18:20:48.841] [main/DEBUG] [mixin/]: MixinPlatformAgentMinecraftForge rejected container SecureJarResource(entityculling)
[28May2025 18:20:48.841] [main/DEBUG] [mixin/]: Instancing new MixinPlatformAgentDefault for SecureJarResource(entityculling)
[28May2025 18:20:48.841] [main/DEBUG] [mixin/]: MixinPlatformAgentDefault accepted container SecureJarResource(entityculling)
[28May2025 18:20:48.841] [main/DEBUG] [mixin/]: Processing prepare() for PlatformAgent[MixinPlatformAgentDefault:SecureJarResource(entityculling)]
[28May2025 18:20:48.841] [main/DEBUG] [mixin/]: Registering mixin config: entityculling.mixins.json
[28May2025 18:20:48.843] [main/DEBUG] [mixin/]: Compatibility level JAVA_16 specified by entityculling.mixins.json is higher than the maximum level supported by this version of mixin (JAVA_13).
[28May2025 18:20:48.843] [main/DEBUG] [mixin/]: Adding mixin platform agents for container SecureJarResource(canary)
[28May2025 18:20:48.843] [main/DEBUG] [mixin/]: Instancing new MixinPlatformAgentMinecraftForge for SecureJarResource(canary)
[28May2025 18:20:48.843] [main/DEBUG] [mixin/]: MixinPlatformAgentMinecraftForge rejected container SecureJarResource(canary)
[28May2025 18:20:48.843] [main/DEBUG] [mixin/]: Instancing new MixinPlatformAgentDefault for SecureJarResource(canary)
[28May2025 18:20:48.844] [main/DEBUG] [mixin/]: MixinPlatformAgentDefault accepted container SecureJarResource(canary)
[28May2025 18:20:48.844] [main/DEBUG] [mixin/]: Processing prepare() for PlatformAgent[MixinPlatformAgentDefault:SecureJarResource(canary)]
[28May2025 18:20:48.844] [main/DEBUG] [mixin/]: Registering mixin config: canary.mixins.json
[28May2025 18:20:48.846] [main/DEBUG] [mixin/]: Adding mixin platform agents for container SecureJarResource(tombstone)
[28May2025 18:20:48.846] [main/DEBUG] [mixin/]: Instancing new MixinPlatformAgentMinecraftForge for SecureJarResource(tombstone)
[28May2025 18:20:48.846] [main/DEBUG] [mixin/]: MixinPlatformAgentMinecraftForge rejected container SecureJarResource(tombstone)
[28May2025 18:20:48.846] [main/DEBUG] [mixin/]: Instancing new MixinPlatformAgentDefault for SecureJarResource(tombstone)
[28May2025 18:20:48.846] [main/DEBUG] [mixin/]: MixinPlatformAgentDefault accepted container SecureJarResource(tombstone)
[28May2025 18:20:48.846] [main/DEBUG] [mixin/]: Processing prepare() for PlatformAgent[MixinPlatformAgentDefault:SecureJarResource(tombstone)]
[28May2025 18:20:48.846] [main/DEBUG] [mixin/]: Registering mixin config: tombstone.mixins.json
[28May2025 18:20:48.848] [main/DEBUG] [mixin/]: Adding mixin platform agents for container SecureJarResource(architectury)
[28May2025 18:20:48.848] [main/DEBUG] [mixin/]: Instancing new MixinPlatformAgentMinecraftForge for SecureJarResource(architectury)
[28May2025 18:20:48.848] [main/DEBUG] [mixin/]: MixinPlatformAgentMinecraftForge rejected container SecureJarResource(architectury)
[28May2025 18:20:48.848] [main/DEBUG] [mixin/]: Instancing new MixinPlatformAgentDefault for SecureJarResource(architectury)
[28May2025 18:20:48.848] [main/DEBUG] [mixin/]: MixinPlatformAgentDefault accepted container SecureJarResource(architectury)
[28May2025 18:20:48.848] [main/DEBUG] [mixin/]: Processing prepare() for PlatformAgent[MixinPlatformAgentDefault:SecureJarResource(architectury)]
[28May2025 18:20:48.848] [main/DEBUG] [mixin/]: Registering mixin config: architectury.mixins.json
[28May2025 18:20:48.850] [main/DEBUG] [mixin/]: Compatibility level JAVA_16 specified by architectury.mixins.json is higher than the maximum level supported by this version of mixin (JAVA_13).
[28May2025 18:20:48.850] [main/DEBUG] [mixin/]: Registering mixin config: architectury-common.mixins.json
[28May2025 18:20:48.852] [main/DEBUG] [mixin/]: Compatibility level JAVA_16 specified by architectury-common.mixins.json is higher than the maximum level supported by this version of mixin (JAVA_13).
[28May2025 18:20:48.852] [main/DEBUG] [mixin/]: Adding mixin platform agents for container SecureJarResource(octolib)
[28May2025 18:20:48.852] [main/DEBUG] [mixin/]: Instancing new MixinPlatformAgentMinecraftForge for SecureJarResource(octolib)
[28May2025 18:20:48.852] [main/DEBUG] [mixin/]: MixinPlatformAgentMinecraftForge rejected container SecureJarResource(octolib)
[28May2025 18:20:48.852] [main/DEBUG] [mixin/]: Instancing new MixinPlatformAgentDefault for SecureJarResource(octolib)
[28May2025 18:20:48.852] [main/DEBUG] [mixin/]: MixinPlatformAgentDefault accepted container SecureJarResource(octolib)
[28May2025 18:20:48.852] [main/DEBUG] [mixin/]: Processing prepare() for PlatformAgent[MixinPlatformAgentDefault:SecureJarResource(octolib)]
[28May2025 18:20:48.852] [main/DEBUG] [mixin/]: Adding mixin platform agents for container SecureJarResource(nerb)
[28May2025 18:20:48.852] [main/DEBUG] [mixin/]: Instancing new MixinPlatformAgentMinecraftForge for SecureJarResource(nerb)
[28May2025 18:20:48.852] [main/DEBUG] [mixin/]: MixinPlatformAgentMinecraftForge rejected container SecureJarResource(nerb)
[28May2025 18:20:48.852] [main/DEBUG] [mixin/]: Instancing new MixinPlatformAgentDefault for SecureJarResource(nerb)
[28May2025 18:20:48.852] [main/DEBUG] [mixin/]: MixinPlatformAgentDefault accepted container SecureJarResource(nerb)
[28May2025 18:20:48.852] [main/DEBUG] [mixin/]: Processing prepare() for PlatformAgent[MixinPlatformAgentDefault:SecureJarResource(nerb)]
[28May2025 18:20:48.852] [main/DEBUG] [mixin/]: Registering mixin config: nerb-common.mixins.json
[28May2025 18:20:48.854] [main/DEBUG] [mixin/]: Adding mixin platform agents for container SecureJarResource(ferritecore)
[28May2025 18:20:48.854] [main/DEBUG] [mixin/]: Instancing new MixinPlatformAgentMinecraftForge for SecureJarResource(ferritecore)
[28May2025 18:20:48.854] [main/DEBUG] [mixin/]: MixinPlatformAgentMinecraftForge rejected container SecureJarResource(ferritecore)
[28May2025 18:20:48.854] [main/DEBUG] [mixin/]: Instancing new MixinPlatformAgentDefault for SecureJarResource(ferritecore)
[28May2025 18:20:48.854] [main/DEBUG] [mixin/]: MixinPlatformAgentDefault accepted container SecureJarResource(ferritecore)
[28May2025 18:20:48.854] [main/DEBUG] [mixin/]: Processing prepare() for PlatformAgent[MixinPlatformAgentDefault:SecureJarResource(ferritecore)]
[28May2025 18:20:48.854] [main/DEBUG] [mixin/]: Registering mixin config: ferritecore.predicates.mixin.json
[28May2025 18:20:48.856] [main/DEBUG] [mixin/]: Registering mixin config: ferritecore.fastmap.mixin.json
[28May2025 18:20:48.858] [main/DEBUG] [mixin/]: Registering mixin config: ferritecore.mrl.mixin.json
[28May2025 18:20:48.859] [main/DEBUG] [mixin/]: Registering mixin config: ferritecore.dedupmultipart.mixin.json
[28May2025 18:20:48.861] [main/DEBUG] [mixin/]: Registering mixin config: ferritecore.blockstatecache.mixin.json
[28May2025 18:20:48.863] [main/DEBUG] [mixin/]: Registering mixin config: ferritecore.dedupbakedquad.mixin.json
[28May2025 18:20:48.864] [main/DEBUG] [mixin/]: Registering mixin config: ferritecore.threaddetec.mixin.json
[28May2025 18:20:48.866] [main/DEBUG] [mixin/]: Registering mixin config: ferritecore.modelsides.mixin.json
[28May2025 18:20:48.868] [main/DEBUG] [mixin/]: Adding mixin platform agents for container SecureJarResource(aiimprovements)
[28May2025 18:20:48.868] [main/DEBUG] [mixin/]: Instancing new MixinPlatformAgentMinecraftForge for SecureJarResource(aiimprovements)
[28May2025 18:20:48.868] [main/DEBUG] [mixin/]: MixinPlatformAgentMinecraftForge rejected container SecureJarResource(aiimprovements)
[28May2025 18:20:48.868] [main/DEBUG] [mixin/]: Instancing new MixinPlatformAgentDefault for SecureJarResource(aiimprovements)
[28May2025 18:20:48.868] [main/DEBUG] [mixin/]: MixinPlatformAgentDefault accepted container SecureJarResource(aiimprovements)
[28May2025 18:20:48.868] [main/DEBUG] [mixin/]: Processing prepare() for PlatformAgent[MixinPlatformAgentDefault:SecureJarResource(aiimprovements)]
[28May2025 18:20:48.868] [main/DEBUG] [mixin/]: Adding mixin platform agents for container SecureJarResource(embeddium_extra)
[28May2025 18:20:48.868] [main/DEBUG] [mixin/]: Instancing new MixinPlatformAgentMinecraftForge for SecureJarResource(embeddium_extra)
[28May2025 18:20:48.868] [main/DEBUG] [mixin/]: MixinPlatformAgentMinecraftForge rejected container SecureJarResource(embeddium_extra)
[28May2025 18:20:48.868] [main/DEBUG] [mixin/]: Instancing new MixinPlatformAgentDefault for SecureJarResource(embeddium_extra)
[28May2025 18:20:48.868] [main/DEBUG] [mixin/]: MixinPlatformAgentDefault accepted container SecureJarResource(embeddium_extra)
[28May2025 18:20:48.869] [main/DEBUG] [mixin/]: Processing prepare() for PlatformAgent[MixinPlatformAgentDefault:SecureJarResource(embeddium_extra)]
[28May2025 18:20:48.869] [main/DEBUG] [mixin/]: Registering mixin config: sodium-extra.mixins.json
[28May2025 18:20:48.870] [main/DEBUG] [mixin/]: Adding mixin platform agents for container SecureJarResource(cupboard)
[28May2025 18:20:48.871] [main/DEBUG] [mixin/]: Instancing new MixinPlatformAgentMinecraftForge for SecureJarResource(cupboard)
[28May2025 18:20:48.871] [main/DEBUG] [mixin/]: MixinPlatformAgentMinecraftForge rejected container SecureJarResource(cupboard)
[28May2025 18:20:48.871] [main/DEBUG] [mixin/]: Instancing new MixinPlatformAgentDefault for SecureJarResource(cupboard)
[28May2025 18:20:48.871] [main/DEBUG] [mixin/]: MixinPlatformAgentDefault accepted container SecureJarResource(cupboard)
[28May2025 18:20:48.871] [main/DEBUG] [mixin/]: Processing prepare() for PlatformAgent[MixinPlatformAgentDefault:SecureJarResource(cupboard)]
[28May2025 18:20:48.871] [main/DEBUG] [mixin/]: Registering mixin config: cupboard.mixins.json
[28May2025 18:20:48.872] [main/DEBUG] [mixin/]: Adding mixin platform agents for container SecureJarResource(playerrevive)
[28May2025 18:20:48.873] [main/DEBUG] [mixin/]: Instancing new MixinPlatformAgentMinecraftForge for SecureJarResource(playerrevive)
[28May2025 18:20:48.873] [main/DEBUG] [mixin/]: MixinPlatformAgentMinecraftForge rejected container SecureJarResource(playerrevive)
[28May2025 18:20:48.873] [main/DEBUG] [mixin/]: Instancing new MixinPlatformAgentDefault for SecureJarResource(playerrevive)
[28May2025 18:20:48.873] [main/DEBUG] [mixin/]: MixinPlatformAgentDefault accepted container SecureJarResource(playerrevive)
[28May2025 18:20:48.873] [main/DEBUG] [mixin/]: Processing prepare() for PlatformAgent[MixinPlatformAgentDefault:SecureJarResource(playerrevive)]
[28May2025 18:20:48.873] [main/DEBUG] [mixin/]: Registering mixin config: playerrevive.mixins.json
[28May2025 18:20:48.874] [main/DEBUG] [mixin/]: Adding mixin platform agents for container SecureJarResource(cdmoveset)
[28May2025 18:20:48.874] [main/DEBUG] [mixin/]: Instancing new MixinPlatformAgentMinecraftForge for SecureJarResource(cdmoveset)
[28May2025 18:20:48.874] [main/DEBUG] [mixin/]: MixinPlatformAgentMinecraftForge rejected container SecureJarResource(cdmoveset)
[28May2025 18:20:48.874] [main/DEBUG] [mixin/]: Instancing new MixinPlatformAgentDefault for SecureJarResource(cdmoveset)
[28May2025 18:20:48.875] [main/DEBUG] [mixin/]: MixinPlatformAgentDefault accepted container SecureJarResource(cdmoveset)
[28May2025 18:20:48.875] [main/DEBUG] [mixin/]: Processing prepare() for PlatformAgent[MixinPlatformAgentDefault:SecureJarResource(cdmoveset)]
[28May2025 18:20:48.875] [main/DEBUG] [mixin/]: Registering mixin config: cdmoveset.mixins.json
[28May2025 18:20:48.876] [main/DEBUG] [mixin/]: Adding mixin platform agents for container SecureJarResource(epicfight)
[28May2025 18:20:48.876] [main/DEBUG] [mixin/]: Instancing new MixinPlatformAgentMinecraftForge for SecureJarResource(epicfight)
[28May2025 18:20:48.876] [main/DEBUG] [mixin/]: MixinPlatformAgentMinecraftForge rejected container SecureJarResource(epicfight)
[28May2025 18:20:48.876] [main/DEBUG] [mixin/]: Instancing new MixinPlatformAgentDefault for SecureJarResource(epicfight)
[28May2025 18:20:48.877] [main/DEBUG] [mixin/]: MixinPlatformAgentDefault accepted container SecureJarResource(epicfight)
[28May2025 18:20:48.877] [main/DEBUG] [mixin/]: Processing prepare() for PlatformAgent[MixinPlatformAgentDefault:SecureJarResource(epicfight)]
[28May2025 18:20:48.877] [main/DEBUG] [mixin/]: Registering mixin config: mixins.epicfight.json
[28May2025 18:20:48.878] [main/DEBUG] [mixin/]: Adding mixin platform agents for container SecureJarResource(wom)
[28May2025 18:20:48.878] [main/DEBUG] [mixin/]: Instancing new MixinPlatformAgentMinecraftForge for SecureJarResource(wom)
[28May2025 18:20:48.878] [main/DEBUG] [mixin/]: MixinPlatformAgentMinecraftForge rejected container SecureJarResource(wom)
[28May2025 18:20:48.878] [main/DEBUG] [mixin/]: Instancing new MixinPlatformAgentDefault for SecureJarResource(wom)
[28May2025 18:20:48.878] [main/DEBUG] [mixin/]: MixinPlatformAgentDefault accepted container SecureJarResource(wom)
[28May2025 18:20:48.879] [main/DEBUG] [mixin/]: Processing prepare() for PlatformAgent[MixinPlatformAgentDefault:SecureJarResource(wom)]
[28May2025 18:20:48.879] [main/DEBUG] [mixin/]: Adding mixin platform agents for container SecureJarResource(mclib)
[28May2025 18:20:48.879] [main/DEBUG] [mixin/]: Instancing new MixinPlatformAgentMinecraftForge for SecureJarResource(mclib)
[28May2025 18:20:48.879] [main/DEBUG] [mixin/]: MixinPlatformAgentMinecraftForge rejected container SecureJarResource(mclib)
[28May2025 18:20:48.879] [main/DEBUG] [mixin/]: Instancing new MixinPlatformAgentDefault for SecureJarResource(mclib)
[28May2025 18:20:48.879] [main/DEBUG] [mixin/]: MixinPlatformAgentDefault accepted container SecureJarResource(mclib)
[28May2025 18:20:48.879] [main/DEBUG] [mixin/]: Processing prepare() for PlatformAgent[MixinPlatformAgentDefault:SecureJarResource(mclib)]
[28May2025 18:20:48.879] [main/DEBUG] [mixin/]: Adding mixin platform agents for container SecureJarResource(NanoLiveConfig)
[28May2025 18:20:48.879] [main/DEBUG] [mixin/]: Instancing new MixinPlatformAgentMinecraftForge for SecureJarResource(NanoLiveConfig)
[28May2025 18:20:48.879] [main/DEBUG] [mixin/]: MixinPlatformAgentMinecraftForge rejected container SecureJarResource(NanoLiveConfig)
[28May2025 18:20:48.879] [main/DEBUG] [mixin/]: Instancing new MixinPlatformAgentDefault for SecureJarResource(NanoLiveConfig)
[28May2025 18:20:48.879] [main/DEBUG] [mixin/]: MixinPlatformAgentDefault accepted container SecureJarResource(NanoLiveConfig)
[28May2025 18:20:48.879] [main/DEBUG] [mixin/]: Processing prepare() for PlatformAgent[MixinPlatformAgentDefault:SecureJarResource(NanoLiveConfig)]
[28May2025 18:20:48.879] [main/DEBUG] [mixin/]: Adding mixin platform agents for container SecureJarResource(space.arim.dazzleconf)
[28May2025 18:20:48.879] [main/DEBUG] [mixin/]: Instancing new MixinPlatformAgentMinecraftForge for SecureJarResource(space.arim.dazzleconf)
[28May2025 18:20:48.879] [main/DEBUG] [mixin/]: MixinPlatformAgentMinecraftForge rejected container SecureJarResource(space.arim.dazzleconf)
[28May2025 18:20:48.879] [main/DEBUG] [mixin/]: Instancing new MixinPlatformAgentDefault for SecureJarResource(space.arim.dazzleconf)
[28May2025 18:20:48.879] [main/DEBUG] [mixin/]: MixinPlatformAgentDefault accepted container SecureJarResource(space.arim.dazzleconf)
[28May2025 18:20:48.879] [main/DEBUG] [mixin/]: Processing prepare() for PlatformAgent[MixinPlatformAgentDefault:SecureJarResource(space.arim.dazzleconf)]
[28May2025 18:20:48.879] [main/DEBUG] [mixin/]: Adding mixin platform agents for container SecureJarResource(org.yaml.snakeyaml)
[28May2025 18:20:48.880] [main/DEBUG] [mixin/]: Instancing new MixinPlatformAgentMinecraftForge for SecureJarResource(org.yaml.snakeyaml)
[28May2025 18:20:48.880] [main/DEBUG] [mixin/]: MixinPlatformAgentMinecraftForge rejected container SecureJarResource(org.yaml.snakeyaml)
[28May2025 18:20:48.880] [main/DEBUG] [mixin/]: Instancing new MixinPlatformAgentDefault for SecureJarResource(org.yaml.snakeyaml)
[28May2025 18:20:48.880] [main/DEBUG] [mixin/]: MixinPlatformAgentDefault accepted container SecureJarResource(org.yaml.snakeyaml)
[28May2025 18:20:48.880] [main/DEBUG] [mixin/]: Processing prepare() for PlatformAgent[MixinPlatformAgentDefault:SecureJarResource(org.yaml.snakeyaml)]
[28May2025 18:20:48.880] [main/DEBUG] [mixin/]: Adding mixin platform agents for container SecureJarResource(space.arim.dazzleconf.ext.snakeyaml)
[28May2025 18:20:48.880] [main/DEBUG] [mixin/]: Instancing new MixinPlatformAgentMinecraftForge for SecureJarResource(space.arim.dazzleconf.ext.snakeyaml)
[28May2025 18:20:48.880] [main/DEBUG] [mixin/]: MixinPlatformAgentMinecraftForge rejected container SecureJarResource(space.arim.dazzleconf.ext.snakeyaml)
[28May2025 18:20:48.880] [main/DEBUG] [mixin/]: Instancing new MixinPlatformAgentDefault for SecureJarResource(space.arim.dazzleconf.ext.snakeyaml)
[28May2025 18:20:48.880] [main/DEBUG] [mixin/]: MixinPlatformAgentDefault accepted container SecureJarResource(space.arim.dazzleconf.ext.snakeyaml)
[28May2025 18:20:48.880] [main/DEBUG] [mixin/]: Processing prepare() for PlatformAgent[MixinPlatformAgentDefault:SecureJarResource(space.arim.dazzleconf.ext.snakeyaml)]
[28May2025 18:20:48.880] [main/DEBUG] [mixin/]: Adding mixin platform agents for container SecureJarResource(MixinExtras)
[28May2025 18:20:48.880] [main/DEBUG] [mixin/]: Instancing new MixinPlatformAgentMinecraftForge for SecureJarResource(MixinExtras)
[28May2025 18:20:48.880] [main/DEBUG] [mixin/]: MixinPlatformAgentMinecraftForge rejected container SecureJarResource(MixinExtras)
[28May2025 18:20:48.880] [main/DEBUG] [mixin/]: Instancing new MixinPlatformAgentDefault for SecureJarResource(MixinExtras)
[28May2025 18:20:48.880] [main/DEBUG] [mixin/]: MixinPlatformAgentDefault accepted container SecureJarResource(MixinExtras)
[28May2025 18:20:48.880] [main/DEBUG] [mixin/]: Processing prepare() for PlatformAgent[MixinPlatformAgentDefault:SecureJarResource(MixinExtras)]
[28May2025 18:20:48.880] [main/DEBUG] [mixin/]: inject() running with 62 agents
[28May2025 18:20:48.880] [main/DEBUG] [mixin/]: Processing inject() for PlatformAgent[MixinPlatformAgentDefault:ModLauncher Root Container(ModLauncher:4f56a0a2)]
[28May2025 18:20:48.880] [main/DEBUG] [mixin/]: Processing inject() for PlatformAgent[MixinPlatformAgentDefault:SecureJarResource(mowziesmobs)]
[28May2025 18:20:48.880] [main/DEBUG] [mixin/]: Processing inject() for PlatformAgent[MixinPlatformAgentDefault:SecureJarResource(netherexp)]
[28May2025 18:20:48.880] [main/DEBUG] [mixin/]: Processing inject() for PlatformAgent[MixinPlatformAgentDefault:SecureJarResource(efiscompat)]
[28May2025 18:20:48.880] [main/DEBUG] [mixin/]: Processing inject() for PlatformAgent[MixinPlatformAgentDefault:SecureJarResource(geckolib)]
[28May2025 18:20:48.880] [main/DEBUG] [mixin/]: Processing inject() for PlatformAgent[MixinPlatformAgentDefault:SecureJarResource(playeranimator)]
[28May2025 18:20:48.880] [main/DEBUG] [mixin/]: Processing inject() for PlatformAgent[MixinPlatformAgentDefault:SecureJarResource(elysium_api)]
[28May2025 18:20:48.880] [main/DEBUG] [mixin/]: Processing inject() for PlatformAgent[MixinPlatformAgentDefault:SecureJarResource(mowzies_cataclysm)]
[28May2025 18:20:48.880] [main/DEBUG] [mixin/]: Processing inject() for PlatformAgent[MixinPlatformAgentDefault:SecureJarResource(caelus)]
[28May2025 18:20:48.880] [main/DEBUG] [mixin/]: Processing inject() for PlatformAgent[MixinPlatformAgentDefault:SecureJarResource(journeymap)]
[28May2025 18:20:48.881] [main/DEBUG] [mixin/]: Processing inject() for PlatformAgent[MixinPlatformAgentDefault:SecureJarResource(placebo)]
[28May2025 18:20:48.881] [main/DEBUG] [mixin/]: Processing inject() for PlatformAgent[MixinPlatformAgentDefault:SecureJarResource(modernfix)]
[28May2025 18:20:48.881] [main/DEBUG] [mixin/]: Processing inject() for PlatformAgent[MixinPlatformAgentDefault:SecureJarResource(jei)]
[28May2025 18:20:48.881] [main/DEBUG] [mixin/]: Processing inject() for PlatformAgent[MixinPlatformAgentDefault:SecureJarResource(citadel)]
[28May2025 18:20:48.881] [main/DEBUG] [mixin/]: Processing inject() for PlatformAgent[MixinPlatformAgentDefault:SecureJarResource(travelersbackpack)]
[28May2025 18:20:48.881] [main/DEBUG] [mixin/]: Processing inject() for PlatformAgent[MixinPlatformAgentDefault:SecureJarResource(mixinextras)]
[28May2025 18:20:48.881] [main/DEBUG] [mixin/]: Processing inject() for PlatformAgent[MixinPlatformAgentDefault:SecureJarResource(relics)]
[28May2025 18:20:48.881] [main/DEBUG] [mixin/]: Processing inject() for PlatformAgent[MixinPlatformAgentDefault:SecureJarResource(terralith)]
[28May2025 18:20:48.881] [main/DEBUG] [mixin/]: Processing inject() for PlatformAgent[MixinPlatformAgentDefault:SecureJarResource(dynview)]
[28May2025 18:20:48.881] [main/DEBUG] [mixin/]: Processing inject() for PlatformAgent[MixinPlatformAgentDefault:SecureJarResource(memoryleakfix)]
[28May2025 18:20:48.881] [main/DEBUG] [mixin/]: Processing inject() for PlatformAgent[MixinPlatformAgentDefault:SecureJarResource(jeresources)]
[28May2025 18:20:48.881] [main/DEBUG] [mixin/]: Processing inject() for PlatformAgent[MixinPlatformAgentDefault:SecureJarResource(dungeons_arise_seven_seas)]
[28May2025 18:20:48.881] [main/DEBUG] [mixin/]: Processing inject() for PlatformAgent[MixinPlatformAgentDefault:SecureJarResource(forge)]
[28May2025 18:20:48.881] [main/DEBUG] [mixin/]: Processing inject() for PlatformAgent[MixinPlatformAgentDefault:SecureJarResource(tlskincape)]
[28May2025 18:20:48.881] [main/DEBUG] [mixin/]: Processing inject() for PlatformAgent[MixinPlatformAgentDefault:SecureJarResource(embeddium)]
[28May2025 18:20:48.881] [main/DEBUG] [mixin/]: Processing inject() for PlatformAgent[MixinPlatformAgentDefault:SecureJarResource(dungeons_arise)]
[28May2025 18:20:48.881] [main/DEBUG] [mixin/]: Processing inject() for PlatformAgent[MixinPlatformAgentDefault:SecureJarResource(minecraft)]
[28May2025 18:20:48.881] [main/DEBUG] [mixin/]: Processing inject() for PlatformAgent[MixinPlatformAgentDefault:SecureJarResource(dungeons_and_combat)]
[28May2025 18:20:48.881] [main/DEBUG] [mixin/]: Processing inject() for PlatformAgent[MixinPlatformAgentDefault:SecureJarResource(alexscaves)]
[28May2025 18:20:48.881] [main/DEBUG] [mixin/]: Processing inject() for PlatformAgent[MixinPlatformAgentDefault:SecureJarResource(nightmareesm)]
[28May2025 18:20:48.881] [main/DEBUG] [mixin/]: Processing inject() for PlatformAgent[MixinPlatformAgentDefault:SecureJarResource(mofus_better_end_)]
[28May2025 18:20:48.881] [main/DEBUG] [mixin/]: Processing inject() for PlatformAgent[MixinPlatformAgentDefault:SecureJarResource(creativecore)]
[28May2025 18:20:48.881] [main/DEBUG] [mixin/]: Processing inject() for PlatformAgent[MixinPlatformAgentDefault:SecureJarResource(chunky)]
[28May2025 18:20:48.881] [main/DEBUG] [mixin/]: Processing inject() for PlatformAgent[MixinPlatformAgentDefault:SecureJarResource(eeeabsmobs)]
[28May2025 18:20:48.881] [main/DEBUG] [mixin/]: Processing inject() for PlatformAgent[MixinPlatformAgentDefault:SecureJarResource(servercore)]
[28May2025 18:20:48.881] [main/DEBUG] [mixin/]: Processing inject() for PlatformAgent[MixinPlatformAgentDefault:SecureJarResource(lionfishapi)]
[28May2025 18:20:48.881] [main/DEBUG] [mixin/]: Processing inject() for PlatformAgent[MixinPlatformAgentDefault:SecureJarResource(traveloptics)]
[28May2025 18:20:48.881] [main/DEBUG] [mixin/]: Processing inject() for PlatformAgent[MixinPlatformAgentDefault:SecureJarResource(cataclysm)]
[28May2025 18:20:48.881] [main/DEBUG] [mixin/]: Processing inject() for PlatformAgent[MixinPlatformAgentDefault:SecureJarResource(curios)]
[28May2025 18:20:48.881] [main/DEBUG] [mixin/]: Processing inject() for PlatformAgent[MixinPlatformAgentDefault:SecureJarResource(legendary_monsters)]
[28May2025 18:20:48.881] [main/DEBUG] [mixin/]: Processing inject() for PlatformAgent[MixinPlatformAgentDefault:SecureJarResource(irons_spellbooks)]
[28May2025 18:20:48.881] [main/DEBUG] [mixin/]: Processing inject() for PlatformAgent[MixinPlatformAgentDefault:SecureJarResource(attributeslib)]
[28May2025 18:20:48.881] [main/DEBUG] [mixin/]: Processing inject() for PlatformAgent[MixinPlatformAgentDefault:SecureJarResource(entityculling)]
[28May2025 18:20:48.881] [main/DEBUG] [mixin/]: Processing inject() for PlatformAgent[MixinPlatformAgentDefault:SecureJarResource(canary)]
[28May2025 18:20:48.881] [main/DEBUG] [mixin/]: Processing inject() for PlatformAgent[MixinPlatformAgentDefault:SecureJarResource(tombstone)]
[28May2025 18:20:48.881] [main/DEBUG] [mixin/]: Processing inject() for PlatformAgent[MixinPlatformAgentDefault:SecureJarResource(architectury)]
[28May2025 18:20:48.881] [main/DEBUG] [mixin/]: Processing inject() for PlatformAgent[MixinPlatformAgentDefault:SecureJarResource(octolib)]
[28May2025 18:20:48.881] [main/DEBUG] [mixin/]: Processing inject() for PlatformAgent[MixinPlatformAgentDefault:SecureJarResource(nerb)]
[28May2025 18:20:48.881] [main/DEBUG] [mixin/]: Processing inject() for PlatformAgent[MixinPlatformAgentDefault:SecureJarResource(ferritecore)]
[28May2025 18:20:48.882] [main/DEBUG] [mixin/]: Processing inject() for PlatformAgent[MixinPlatformAgentDefault:SecureJarResource(aiimprovements)]
[28May2025 18:20:48.882] [main/DEBUG] [mixin/]: Processing inject() for PlatformAgent[MixinPlatformAgentDefault:SecureJarResource(embeddium_extra)]
[28May2025 18:20:48.882] [main/DEBUG] [mixin/]: Processing inject() for PlatformAgent[MixinPlatformAgentDefault:SecureJarResource(cupboard)]
[28May2025 18:20:48.882] [main/DEBUG] [mixin/]: Processing inject() for PlatformAgent[MixinPlatformAgentDefault:SecureJarResource(playerrevive)]
[28May2025 18:20:48.882] [main/DEBUG] [mixin/]: Processing inject() for PlatformAgent[MixinPlatformAgentDefault:SecureJarResource(cdmoveset)]
[28May2025 18:20:48.882] [main/DEBUG] [mixin/]: Processing inject() for PlatformAgent[MixinPlatformAgentDefault:SecureJarResource(epicfight)]
[28May2025 18:20:48.882] [main/DEBUG] [mixin/]: Processing inject() for PlatformAgent[MixinPlatformAgentDefault:SecureJarResource(wom)]
[28May2025 18:20:48.882] [main/DEBUG] [mixin/]: Processing inject() for PlatformAgent[MixinPlatformAgentDefault:SecureJarResource(mclib)]
[28May2025 18:20:48.882] [main/DEBUG] [mixin/]: Processing inject() for PlatformAgent[MixinPlatformAgentDefault:SecureJarResource(NanoLiveConfig)]
[28May2025 18:20:48.882] [main/DEBUG] [mixin/]: Processing inject() for PlatformAgent[MixinPlatformAgentDefault:SecureJarResource(space.arim.dazzleconf)]
[28May2025 18:20:48.882] [main/DEBUG] [mixin/]: Processing inject() for PlatformAgent[MixinPlatformAgentDefault:SecureJarResource(org.yaml.snakeyaml)]
[28May2025 18:20:48.882] [main/DEBUG] [mixin/]: Processing inject() for PlatformAgent[MixinPlatformAgentDefault:SecureJarResource(space.arim.dazzleconf.ext.snakeyaml)]
[28May2025 18:20:48.882] [main/DEBUG] [mixin/]: Processing inject() for PlatformAgent[MixinPlatformAgentDefault:SecureJarResource(MixinExtras)]
[28May2025 18:20:48.911] [main/DEBUG] [mixin/]: Error cleaning class output directory: .mixin.out
[28May2025 18:20:48.913] [main/DEBUG] [mixin/]: Preparing mixins for MixinEnvironment[PREINIT]
[28May2025 18:20:48.926] [main/INFO] [mixin/]: Successfully loaded Mixin Connector [org.tlauncher.MixinConnector]
[28May2025 18:20:48.929] [main/DEBUG] [mixin/]: Compatibility level JAVA_16 specified by tlskincape-mixins.json is higher than the maximum level supported by this version of mixin (JAVA_13).
[28May2025 18:20:48.929] [main/INFO] [cpw.mods.modlauncher.LaunchServiceHandler/MODLAUNCHER]: Launching target 'forgeserver' with arguments [nogui]
[28May2025 18:20:48.932] [main/DEBUG] [mixin/]: Preparing mixins for MixinEnvironment[DEFAULT]
[28May2025 18:20:48.932] [main/DEBUG] [mixin/]: Selecting config mowziesmobs.mixins.json
[28May2025 18:20:48.937] [main/DEBUG] [mixin/]: Selecting config mixins.netherexp.json
[28May2025 18:20:48.941] [main/DEBUG] [mixin/]: Selecting config mixins.epicironcompat.json
[28May2025 18:20:48.942] [main/DEBUG] [mixin/]: Selecting config geckolib.mixins.json
[28May2025 18:20:48.943] [main/DEBUG] [mixin/]: Selecting config playerAnimator-common.mixins.json
[28May2025 18:20:48.947] [main/DEBUG] [mixin/]: Selecting config mixins.elysium_api.json
[28May2025 18:20:48.948] [main/DEBUG] [mixin/]: Selecting config caelus.mixins.json
[28May2025 18:20:48.950] [main/DEBUG] [mixin/]: Selecting config journeymap.mixins.json
[28May2025 18:20:48.951] [main/DEBUG] [mixin/]: Selecting config placebo.mixins.json
[28May2025 18:20:48.952] [main/DEBUG] [mixin/]: Selecting config modernfix-common.mixins.json
[28May2025 18:20:49.043] [main/INFO] [ModernFix/]: Loaded configuration file for ModernFix 5.21.0+mc1.20.1: 88 options available, 0 override(s) found
[28May2025 18:20:49.044] [main/INFO] [ModernFix/]: Applying Nashorn fix
[28May2025 18:20:49.061] [main/INFO] [ModernFix/]: Applied Forge config corruption patch
[28May2025 18:20:49.068] [main/DEBUG] [mixin/]: Selecting config modernfix-forge.mixins.json
[28May2025 18:20:49.070] [main/DEBUG] [mixin/]: Selecting config citadel.mixins.json
[28May2025 18:20:49.073] [main/DEBUG] [mixin/]: Selecting config mixins.travelersbackpack.json
[28May2025 18:20:49.074] [main/DEBUG] [mixin/]: Selecting config mixinextras.init.mixins.json
[28May2025 18:20:49.099] [main/DEBUG] [MixinExtras|Service/]: com.llamalad7.mixinextras.service.MixinExtrasServiceImpl(version=0.4.1) is taking over from null
[28May2025 18:20:49.128] [main/DEBUG] [mixin/]: Registering new injector for @Inject with org.spongepowered.asm.mixin.injection.struct.CallbackInjectionInfo
[28May2025 18:20:49.130] [main/DEBUG] [mixin/]: Registering new injector for @ModifyArg with org.spongepowered.asm.mixin.injection.struct.ModifyArgInjectionInfo
[28May2025 18:20:49.131] [main/DEBUG] [mixin/]: Registering new injector for @ModifyArgs with org.spongepowered.asm.mixin.injection.struct.ModifyArgsInjectionInfo
[28May2025 18:20:49.132] [main/DEBUG] [mixin/]: Registering new injector for @Redirect with org.spongepowered.asm.mixin.injection.struct.RedirectInjectionInfo
[28May2025 18:20:49.133] [main/DEBUG] [mixin/]: Registering new injector for @ModifyVariable with org.spongepowered.asm.mixin.injection.struct.ModifyVariableInjectionInfo
[28May2025 18:20:49.134] [main/DEBUG] [mixin/]: Registering new injector for @ModifyConstant with org.spongepowered.asm.mixin.injection.struct.ModifyConstantInjectionInfo
[28May2025 18:20:49.145] [main/DEBUG] [mixin/]: Selecting config relics.mixins.json
[28May2025 18:20:49.147] [main/DEBUG] [mixin/]: Selecting config dynview.mixins.json
[28May2025 18:20:49.149] [main/DEBUG] [mixin/]: Selecting config memoryleakfix.mixins.json
[28May2025 18:20:49.172] [main/DEBUG] [MixinExtras|Service/]: ca.fxco.memoryleakfix.mixinextras.service.MixinExtrasServiceImpl(version=0.3.2) is conceding to com.llamalad7.mixinextras.service.MixinExtrasServiceImpl(version=0.4.1)
[28May2025 18:20:49.177] [main/DEBUG] [mixin/]: Selecting config embeddium.mixins.json
[28May2025 18:20:49.186] [main/INFO] [Embeddium/]: Loaded configuration file for Embeddium: 100 options available, 0 override(s) found
[28May2025 18:20:49.193] [main/DEBUG] [mixin/]: Selecting config alexscaves.mixins.json
[28May2025 18:20:49.197] [main/DEBUG] [mixin/]: Selecting config mixins.mofus_better_end_.json
[28May2025 18:20:49.199] [main/DEBUG] [mixin/]: Selecting config creativecore.mixins.json
[28May2025 18:20:49.200] [main/DEBUG] [mixin/]: Selecting config creativecore.forge.mixins.json
[28May2025 18:20:49.202] [main/DEBUG] [mixin/]: Selecting config eeeabsmobs.mixins.json
[28May2025 18:20:49.203] [main/DEBUG] [mixin/]: Selecting config servercore.common.mixins.json
[28May2025 18:20:49.333] [main/DEBUG] [mixin/]: Selecting config lionfishapi.mixins.json
[28May2025 18:20:49.334] [main/DEBUG] [mixin/]: Selecting config cataclysm.mixins.json
[28May2025 18:20:49.336] [main/DEBUG] [mixin/]: Selecting config curios.mixins.json
[28May2025 18:20:49.338] [main/DEBUG] [mixin/]: Selecting config legendary_monsters.mixins.json
[28May2025 18:20:49.339] [main/DEBUG] [mixin/]: Selecting config mixins.irons_spellbooks.json
[28May2025 18:20:49.340] [main/DEBUG] [mixin/]: Selecting config attributeslib.mixins.json
[28May2025 18:20:49.342] [main/DEBUG] [mixin/]: Selecting config entityculling.mixins.json
[28May2025 18:20:49.343] [main/DEBUG] [mixin/]: Selecting config canary.mixins.json
[28May2025 18:20:49.371] [main/INFO] [Canary/]: Loaded configuration file for Canary: 116 options available, 0 override(s) found
[28May2025 18:20:49.376] [main/DEBUG] [mixin/]: Selecting config tombstone.mixins.json
[28May2025 18:20:49.378] [main/DEBUG] [mixin/]: Selecting config architectury.mixins.json
[28May2025 18:20:49.381] [main/DEBUG] [mixin/]: Selecting config architectury-common.mixins.json
[28May2025 18:20:49.382] [main/DEBUG] [mixin/]: Selecting config nerb-common.mixins.json
[28May2025 18:20:49.384] [main/DEBUG] [mixin/]: Selecting config ferritecore.predicates.mixin.json
[28May2025 18:20:49.397] [main/DEBUG] [mixin/]: Selecting config ferritecore.fastmap.mixin.json
[28May2025 18:20:49.400] [main/DEBUG] [mixin/]: Selecting config ferritecore.mrl.mixin.json
[28May2025 18:20:49.402] [main/DEBUG] [mixin/]: Selecting config ferritecore.dedupmultipart.mixin.json
[28May2025 18:20:49.404] [main/DEBUG] [mixin/]: Selecting config ferritecore.blockstatecache.mixin.json
[28May2025 18:20:49.406] [main/DEBUG] [mixin/]: Selecting config ferritecore.dedupbakedquad.mixin.json
[28May2025 18:20:49.408] [main/DEBUG] [mixin/]: Selecting config ferritecore.threaddetec.mixin.json
[28May2025 18:20:49.410] [main/DEBUG] [mixin/]: Selecting config ferritecore.modelsides.mixin.json
[28May2025 18:20:49.412] [main/DEBUG] [mixin/]: Selecting config sodium-extra.mixins.json
[28May2025 18:20:49.422] [main/INFO] [Embeddium Extra/]: Loaded configuration file for Sodium Extra: 35 options available, 0 override(s) found
[28May2025 18:20:49.425] [main/DEBUG] [mixin/]: Selecting config cupboard.mixins.json
[28May2025 18:20:49.426] [main/DEBUG] [mixin/]: Selecting config playerrevive.mixins.json
[28May2025 18:20:49.428] [main/DEBUG] [mixin/]: Selecting config cdmoveset.mixins.json
[28May2025 18:20:49.431] [main/DEBUG] [mixin/]: Selecting config mixins.epicfight.json
[28May2025 18:20:49.433] [main/DEBUG] [mixin/]: Selecting config tlskincape-mixins.json
[28May2025 18:20:49.435] [main/DEBUG] [mixin/]: Preparing mowziesmobs.mixins.json (1)
[28May2025 18:20:49.466] [main/DEBUG] [mixin/]: Preparing mixins.netherexp.json (36)
[28May2025 18:20:49.641] [main/DEBUG] [net.minecraftforge.coremod.transformer.CoreModBaseTransformer/COREMOD]: Transforming net/minecraft/world/entity/monster/Strider
[28May2025 18:20:49.878] [main/DEBUG] [net.minecraftforge.coremod.transformer.CoreModBaseTransformer/COREMOD]: Transforming net/minecraft/world/item/BucketItem
[28May2025 18:20:49.903] [main/DEBUG] [net.minecraftforge.coremod.transformer.CoreModBaseTransformer/COREMOD]: Transforming net/minecraft/world/item/ItemStack
[28May2025 18:20:49.918] [main/DEBUG] [net.minecraftforge.coremod.transformer.CoreModBaseTransformer/COREMOD]: Transforming getEnchantmentLevel with desc (Lnet/minecraft/world/item/enchantment/Enchantment;)I
[28May2025 18:20:49.929] [main/INFO] [net.minecraftforge.coremod.CoreMod.placebo/COREMODLOG]: Patching IForgeItemStack#getEnchantmentLevel
[28May2025 18:20:49.943] [main/DEBUG] [net.minecraftforge.coremod.transformer.CoreModBaseTransformer/COREMOD]: Transforming getAllEnchantments with desc ()Ljava/util/Map;
[28May2025 18:20:49.949] [main/INFO] [net.minecraftforge.coremod.CoreMod.placebo/COREMODLOG]: Patching IForgeItemStack#getEnchantmentLevel
[28May2025 18:20:49.967] [main/DEBUG] [mixin/]: Preparing mixins.epicironcompat.json (5)
[28May2025 18:20:49.983] [main/DEBUG] [mixin/]: Preparing geckolib.mixins.json (1)
[28May2025 18:20:49.983] [main/DEBUG] [mixin/]: Preparing playerAnimator-common.mixins.json (14)
[28May2025 18:20:49.983] [main/DEBUG] [mixin/]: Preparing mixins.elysium_api.json (11)
[28May2025 18:20:50.012] [main/DEBUG] [mixin/]: Preparing caelus.mixins.json (4)
[28May2025 18:20:50.013] [main/DEBUG] [mixin/]: Preparing journeymap.mixins.json (3)
[28May2025 18:20:50.013] [main/DEBUG] [mixin/]: Preparing placebo.mixins.json (6)
[28May2025 18:20:50.025] [main/DEBUG] [mixin/]: Preparing modernfix-common.mixins.json (102)
[28May2025 18:20:50.045] [main/DEBUG] [ModernFix/]: No rules matched mixin 'perf.compact_mojang_registries.MappedRegistryMixin', treating as foreign and disabling!
[28May2025 18:20:50.180] [main/DEBUG] [net.minecraftforge.coremod.transformer.CoreModBaseTransformer/COREMOD]: Transforming net/minecraft/world/level/biome/Biome
[28May2025 18:20:50.193] [main/DEBUG] [mixin/]: Preparing modernfix-forge.mixins.json (48)
[28May2025 18:20:50.254] [main/DEBUG] [mixin/]: Preparing citadel.mixins.json (15)
[28May2025 18:20:50.282] [main/DEBUG] [mixin/]: Preparing mixins.travelersbackpack.json (1)
[28May2025 18:20:50.283] [main/DEBUG] [mixin/]: Preparing mixinextras.init.mixins.json (0)
[28May2025 18:20:50.283] [main/DEBUG] [mixin/]: Preparing relics.mixins.json (15)
[28May2025 18:20:50.302] [main/ERROR] [net.minecraftforge.fml.loading.RuntimeDistCleaner/DISTXFORM]: Attempted to load class net/minecraft/client/gui/screens/Screen for invalid dist DEDICATED_SERVER
[28May2025 18:20:50.303] [main/WARN] [mixin/]: Error loading class: net/minecraft/client/gui/screens/Screen (java.lang.RuntimeException: Attempted to load class net/minecraft/client/gui/screens/Screen for invalid dist DEDICATED_SERVER)
[28May2025 18:20:50.303] [main/WARN] [mixin/]: @Mixin target net.minecraft.client.gui.screens.Screen was not found relics.mixins.json:ScreenMixin
[28May2025 18:20:50.303] [main/DEBUG] [mixin/]: Preparing dynview.mixins.json (1)
[28May2025 18:20:50.305] [main/DEBUG] [mixin/]: Preparing memoryleakfix.mixins.json (7)
[28May2025 18:20:50.313] [main/DEBUG] [mixin/]: Preparing embeddium.mixins.json (0)
[28May2025 18:20:50.313] [main/DEBUG] [mixin/]: Preparing alexscaves.mixins.json (52)
[28May2025 18:20:50.371] [main/DEBUG] [net.minecraftforge.coremod.transformer.CoreModBaseTransformer/COREMOD]: Transforming net/minecraft/world/level/NaturalSpawner
[28May2025 18:20:50.476] [main/DEBUG] [net.minecraftforge.coremod.transformer.CoreModBaseTransformer/COREMOD]: Transforming net/minecraft/world/level/levelgen/structure/structures/SwampHutPiece
[28May2025 18:20:50.505] [main/DEBUG] [mixin/]: Preparing mixins.mofus_better_end_.json (6)
[28May2025 18:20:50.516] [main/DEBUG] [mixin/]: Preparing creativecore.mixins.json (8)
[28May2025 18:20:50.533] [main/DEBUG] [mixin/]: Preparing creativecore.forge.mixins.json (3)
[28May2025 18:20:50.534] [main/DEBUG] [mixin/]: Preparing eeeabsmobs.mixins.json (1)
[28May2025 18:20:50.534] [main/DEBUG] [mixin/]: Preparing servercore.common.mixins.json (61)
[28May2025 18:20:50.592] [main/DEBUG] [net.minecraftforge.coremod.transformer.CoreModBaseTransformer/COREMOD]: Transforming net/minecraft/world/entity/animal/frog/Tadpole
[28May2025 18:20:50.640] [main/DEBUG] [net.minecraftforge.coremod.transformer.CoreModBaseTransformer/COREMOD]: Transforming net/minecraft/world/entity/npc/Villager
[28May2025 18:20:50.825] [main/DEBUG] [net.minecraftforge.coremod.transformer.CoreModBaseTransformer/COREMOD]: Transforming net/minecraft/world/entity/monster/Zombie
[28May2025 18:20:50.948] [main/DEBUG] [mixin/]: Preparing lionfishapi.mixins.json (2)
[28May2025 18:20:50.949] [main/DEBUG] [mixin/]: Preparing cataclysm.mixins.json (21)
[28May2025 18:20:50.971] [main/DEBUG] [net.minecraftforge.coremod.transformer.CoreModBaseTransformer/COREMOD]: Transforming net/minecraft/world/level/levelgen/structure/templatesystem/StructureTemplate
[28May2025 18:20:51.166] [main/DEBUG] [mixin/]: Preparing curios.mixins.json (13)
[28May2025 18:20:51.184] [main/DEBUG] [mixin/]: Preparing legendary_monsters.mixins.json (3)
[28May2025 18:20:51.185] [main/DEBUG] [mixin/]: Preparing mixins.irons_spellbooks.json (20)
[28May2025 18:20:51.215] [main/DEBUG] [mixin/]: Preparing attributeslib.mixins.json (17)
[28May2025 18:20:51.235] [main/DEBUG] [mixin/]: Preparing entityculling.mixins.json (6)
[28May2025 18:20:51.235] [main/DEBUG] [mixin/]: Preparing canary.mixins.json (203)
[28May2025 18:20:51.357] [main/DEBUG] [net.minecraftforge.coremod.transformer.CoreModBaseTransformer/COREMOD]: Transforming net/minecraft/world/entity/raid/Raid
[28May2025 18:20:51.609] [main/DEBUG] [mixin/]: @Mixin target net/minecraft/world/level/chunk/LevelChunk$RebindableTickingBlockEntityWrapper is public in canary.mixins.json:world.block_entity_ticking.sleeping.RebindableTickingBlockEntityWrapperAccessor and should be specified in value
[28May2025 18:20:51.615] [main/DEBUG] [mixin/]: @Mixin target net/minecraft/world/level/chunk/LevelChunk$BoundTickingBlockEntity is public in canary.mixins.json:world.block_entity_ticking.world_border.BoundTickingBlockEntityMixin and should be specified in value
[28May2025 18:20:51.622] [main/DEBUG] [mixin/]: Preparing tombstone.mixins.json (27)
[28May2025 18:20:51.677] [main/DEBUG] [mixin/]: Preparing architectury.mixins.json (9)
[28May2025 18:20:51.686] [main/DEBUG] [mixin/]: Preparing architectury-common.mixins.json (10)
[28May2025 18:20:51.692] [main/DEBUG] [net.minecraftforge.coremod.transformer.CoreModBaseTransformer/COREMOD]: Transforming net/minecraft/world/entity/EntityType
[28May2025 18:20:51.800] [main/DEBUG] [net.minecraftforge.coremod.transformer.CoreModBaseTransformer/COREMOD]: Transforming net/minecraft/world/level/block/LiquidBlock
[28May2025 18:20:51.807] [main/DEBUG] [mixin/]: Preparing nerb-common.mixins.json (6)
[28May2025 18:20:51.812] [main/DEBUG] [mixin/]: Preparing ferritecore.predicates.mixin.json (3)
[28May2025 18:20:51.812] [main/DEBUG] [mixin/]: Preparing ferritecore.fastmap.mixin.json (1)
[28May2025 18:20:51.815] [main/DEBUG] [mixin/]: Preparing ferritecore.mrl.mixin.json (2)
[28May2025 18:20:51.815] [main/DEBUG] [mixin/]: Preparing ferritecore.dedupmultipart.mixin.json (2)
[28May2025 18:20:51.815] [main/DEBUG] [mixin/]: Preparing ferritecore.blockstatecache.mixin.json (8)
[28May2025 18:20:51.824] [main/DEBUG] [mixin/]: @Mixin target net/minecraft/world/level/block/state/BlockBehaviour$BlockStateBase$Cache is public in ferritecore.blockstatecache.mixin.json:BlockStateCacheMixin and should be specified in value
[28May2025 18:20:51.828] [main/DEBUG] [mixin/]: Preparing ferritecore.dedupbakedquad.mixin.json (2)
[28May2025 18:20:51.828] [main/DEBUG] [mixin/]: Preparing ferritecore.threaddetec.mixin.json (1)
[28May2025 18:20:51.829] [main/DEBUG] [mixin/]: Preparing ferritecore.modelsides.mixin.json (1)
[28May2025 18:20:51.829] [main/DEBUG] [mixin/]: Preparing sodium-extra.mixins.json (45)
[28May2025 18:20:51.829] [main/DEBUG] [mixin/]: Preparing cupboard.mixins.json (5)
[28May2025 18:20:51.835] [main/DEBUG] [mixin/]: Preparing playerrevive.mixins.json (5)
[28May2025 18:20:51.838] [main/DEBUG] [mixin/]: Preparing cdmoveset.mixins.json (8)
[28May2025 18:20:51.853] [main/DEBUG] [mixin/]: Preparing mixins.epicfight.json (25)
[28May2025 18:20:51.866] [main/DEBUG] [mixin/]: Preparing tlskincape-mixins.json (4)
[28May2025 18:20:51.869] [main/ERROR] [net.minecraftforge.fml.loading.RuntimeDistCleaner/DISTXFORM]: Attempted to load class net/minecraft/client/player/AbstractClientPlayer for invalid dist DEDICATED_SERVER
[28May2025 18:20:51.869] [main/WARN] [mixin/]: Error loading class: net/minecraft/client/player/AbstractClientPlayer (java.lang.RuntimeException: Attempted to load class net/minecraft/client/player/AbstractClientPlayer for invalid dist DEDICATED_SERVER)
[28May2025 18:20:51.869] [main/WARN] [mixin/]: @Mixin target net.minecraft.client.player.AbstractClientPlayer was not found tlskincape-mixins.json:MixinAbstractPlayer
[28May2025 18:20:51.871] [main/ERROR] [net.minecraftforge.fml.loading.RuntimeDistCleaner/DISTXFORM]: Attempted to load class net/minecraft/client/gui/screens/TitleScreen for invalid dist DEDICATED_SERVER
[28May2025 18:20:51.871] [main/WARN] [mixin/]: Error loading class: net/minecraft/client/gui/screens/TitleScreen (java.lang.RuntimeException: Attempted to load class net/minecraft/client/gui/screens/TitleScreen for invalid dist DEDICATED_SERVER)
[28May2025 18:20:51.871] [main/WARN] [mixin/]: @Mixin target net.minecraft.client.gui.screens.TitleScreen was not found tlskincape-mixins.json:MixinMainMenu
[28May2025 18:20:51.872] [main/WARN] [mixin/]: Error loading class: net/minecraft/client/model/PlayerModel (java.lang.ClassNotFoundException: net.minecraft.client.model.PlayerModel)
[28May2025 18:20:51.873] [main/WARN] [mixin/]: @Mixin target net.minecraft.client.model.PlayerModel was not found tlskincape-mixins.json:MixinPlayerModel
[28May2025 18:20:51.874] [main/INFO] [memoryleakfix/]: [MemoryLeakFix] Will be applying 1 memory leak fixes!
[28May2025 18:20:51.874] [main/INFO] [memoryleakfix/]: [MemoryLeakFix] Currently enabled memory leak fixes: [biomeTemperatureLeak]
[28May2025 18:20:52.049] [main/DEBUG] [mixin/]: Inner class com/abdelaziz/canary/mixin/ai/poi/SectionStorageMixin$1 in com/abdelaziz/canary/mixin/ai/poi/SectionStorageMixin on net/minecraft/world/level/chunk/storage/SectionStorage gets unique name net/minecraft/world/level/chunk/storage/SectionStorage$Anonymous$58bb22076a404d6e8d5ae68cc1c3e508
[28May2025 18:20:52.059] [main/DEBUG] [mixin/]: Inner class com/abdelaziz/canary/mixin/chunk/palette/PalettedContainerMixin$1 in com/abdelaziz/canary/mixin/chunk/palette/PalettedContainerMixin on net/minecraft/world/level/chunk/PalettedContainer$Strategy gets unique name net/minecraft/world/level/chunk/PalettedContainer$Strategy$Anonymous$32f1b69e65e04c43a04e9f990db337d5
[28May2025 18:20:52.059] [main/DEBUG] [mixin/]: Inner class com/abdelaziz/canary/mixin/chunk/palette/PalettedContainerMixin$2 in com/abdelaziz/canary/mixin/chunk/palette/PalettedContainerMixin on net/minecraft/world/level/chunk/PalettedContainer$Strategy gets unique name net/minecraft/world/level/chunk/PalettedContainer$Strategy$Anonymous$21a63f6fc88646cba7f577c42d2055d1
[28May2025 18:20:52.099] [main/DEBUG] [mixin/]: Prepared 520 mixins in 3.166 sec (6.1ms avg) (0ms load, 0ms transform, 0ms plugin)
[28May2025 18:20:52.110] [main/INFO] [MixinExtras|Service/]: Initializing MixinExtras via com.llamalad7.mixinextras.service.MixinExtrasServiceImpl(version=0.4.1).
[28May2025 18:20:52.111] [main/DEBUG] [mixin/]: Registering new injector for @SugarWrapper with com.llamalad7.mixinextras.sugar.impl.SugarWrapperInjectionInfo
[28May2025 18:20:52.112] [main/DEBUG] [mixin/]: Registering new injector for @FactoryRedirectWrapper with com.llamalad7.mixinextras.wrapper.factory.FactoryRedirectWrapperInjectionInfo
[28May2025 18:20:52.116] [main/DEBUG] [mixin/]: Mixing features.misc.MinecraftServerMixin from servercore.common.mixins.json into net.minecraft.server.MinecraftServer
[28May2025 18:20:52.117] [main/DEBUG] [mixin/]: servercore.common.mixins.json:features.misc.MinecraftServerMixin: Class version 61 required is higher than the class version supported by the current version of Mixin (JAVA_16 supports class version 60)
[28May2025 18:20:52.122] [main/DEBUG] [mixin/]: Mixing core.MinecraftServerMixin from modernfix-common.mixins.json into net.minecraft.server.MinecraftServer
[28May2025 18:20:52.125] [main/DEBUG] [mixin/]: Mixing perf.dedicated_reload_executor.MinecraftServerMixin from modernfix-common.mixins.json into net.minecraft.server.MinecraftServer
[28May2025 18:20:52.126] [main/DEBUG] [mixin/]: Mixing MinecraftServerMixin from citadel.mixins.json into net.minecraft.server.MinecraftServer
[28May2025 18:20:52.129] [main/DEBUG] [mixin/]: Mixing MinecraftServerMixin from servercore.common.mixins.json into net.minecraft.server.MinecraftServer
[28May2025 18:20:52.130] [main/DEBUG] [mixin/]: servercore.common.mixins.json:MinecraftServerMixin: Class version 61 required is higher than the class version supported by the current version of Mixin (JAVA_16 supports class version 60)
[28May2025 18:20:52.212] [main/DEBUG] [mixin/]: Mixing perf.fix_loop_spin_waiting.BlockableEventLoopMixin from modernfix-common.mixins.json into net.minecraft.util.thread.BlockableEventLoop
[28May2025 18:20:52.222] [main/DEBUG] [mixin/]: Mixing DedicatedServerMixin from tombstone.mixins.json into net.minecraft.server.dedicated.DedicatedServer
[28May2025 18:20:52.247] [main/DEBUG] [io.netty.util.internal.logging.InternalLoggerFactory/]: Using SLF4J as the default logging framework
[28May2025 18:20:52.250] [main/DEBUG] [io.netty.util.ResourceLeakDetector/]: -Dio.netty.leakDetection.level: simple
[28May2025 18:20:52.250] [main/DEBUG] [io.netty.util.ResourceLeakDetector/]: -Dio.netty.leakDetection.targetRecords: 4
[28May2025 18:20:52.335] [main/DEBUG] [mixin/]: Mixing perf.tag_id_caching.TagOrElementLocationMixin from modernfix-forge.mixins.json into net.minecraft.util.ExtraCodecs$TagOrElementLocation
[28May2025 18:20:52.426] [main/DEBUG] [oshi.util.FileUtil/]: No oshi.properties file found from ClassLoader cpw.mods.modlauncher.TransformingClassLoader@1f95881a
[28May2025 18:20:52.427] [main/DEBUG] [oshi.util.FileUtil/]: No oshi.properties file found from ClassLoader jdk.internal.loader.ClassLoaders$AppClassLoader@76ed5528
[28May2025 18:20:52.489] [main/DEBUG] [oshi.util.FileUtil/]: Reading file /proc/self/auxv
[28May2025 18:20:52.489] [main/DEBUG] [oshi.util.FileUtil/]: Reading file /proc/self/auxv
[28May2025 18:20:52.495] [main/DEBUG] [oshi.util.FileUtil/]: Reading file /proc/stat
[28May2025 18:20:52.503] [main/DEBUG] [oshi.util.FileUtil/]: Reading file /sys/devices/system/cpu/cpu0/topology/core_id
[28May2025 18:20:52.503] [main/DEBUG] [oshi.util.FileUtil/]: Reading file /sys/devices/system/cpu/cpu0/topology/core_id
[28May2025 18:20:52.503] [main/DEBUG] [oshi.util.FileUtil/]: Reading file /sys/devices/system/cpu/cpu0/topology/physical_package_id
[28May2025 18:20:52.503] [main/DEBUG] [oshi.util.FileUtil/]: Reading file /sys/devices/system/cpu/cpu0/topology/physical_package_id
[28May2025 18:20:52.503] [main/DEBUG] [oshi.util.FileUtil/]: Reading file /sys/devices/system/cpu/cpu0/cpu_capacity
[28May2025 18:20:52.505] [main/DEBUG] [oshi.util.FileUtil/]: Reading file /sys/devices/system/cpu/cpu1/topology/core_id
[28May2025 18:20:52.505] [main/DEBUG] [oshi.util.FileUtil/]: Reading file /sys/devices/system/cpu/cpu1/topology/core_id
[28May2025 18:20:52.505] [main/DEBUG] [oshi.util.FileUtil/]: Reading file /sys/devices/system/cpu/cpu1/topology/physical_package_id
[28May2025 18:20:52.505] [main/DEBUG] [oshi.util.FileUtil/]: Reading file /sys/devices/system/cpu/cpu1/topology/physical_package_id
[28May2025 18:20:52.505] [main/DEBUG] [oshi.util.FileUtil/]: Reading file /sys/devices/system/cpu/cpu1/cpu_capacity
[28May2025 18:20:52.506] [main/DEBUG] [oshi.util.FileUtil/]: Reading file /sys/devices/system/cpu/cpu2/topology/core_id
[28May2025 18:20:52.506] [main/DEBUG] [oshi.util.FileUtil/]: Reading file /sys/devices/system/cpu/cpu2/topology/core_id
[28May2025 18:20:52.506] [main/DEBUG] [oshi.util.FileUtil/]: Reading file /sys/devices/system/cpu/cpu2/topology/physical_package_id
[28May2025 18:20:52.506] [main/DEBUG] [oshi.util.FileUtil/]: Reading file /sys/devices/system/cpu/cpu2/topology/physical_package_id
[28May2025 18:20:52.506] [main/DEBUG] [oshi.util.FileUtil/]: Reading file /sys/devices/system/cpu/cpu2/cpu_capacity
[28May2025 18:20:52.506] [main/DEBUG] [oshi.util.FileUtil/]: Reading file /sys/devices/system/cpu/cpu3/topology/core_id
[28May2025 18:20:52.507] [main/DEBUG] [oshi.util.FileUtil/]: Reading file /sys/devices/system/cpu/cpu3/topology/core_id
[28May2025 18:20:52.507] [main/DEBUG] [oshi.util.FileUtil/]: Reading file /sys/devices/system/cpu/cpu3/topology/physical_package_id
[28May2025 18:20:52.507] [main/DEBUG] [oshi.util.FileUtil/]: Reading file /sys/devices/system/cpu/cpu3/topology/physical_package_id
[28May2025 18:20:52.507] [main/DEBUG] [oshi.util.FileUtil/]: Reading file /sys/devices/system/cpu/cpu3/cpu_capacity
[28May2025 18:20:52.509] [main/DEBUG] [oshi.util.FileUtil/]: Reading file /proc/cpuinfo
[28May2025 18:20:52.519] [main/DEBUG] [oshi.util.FileUtil/]: Reading file /proc/self/auxv
[28May2025 18:20:52.521] [main/DEBUG] [oshi.util.FileUtil/]: No oshi.architecture.properties file found from ClassLoader cpw.mods.modlauncher.TransformingClassLoader@1f95881a
[28May2025 18:20:52.522] [main/DEBUG] [oshi.util.FileUtil/]: No oshi.architecture.properties file found from ClassLoader jdk.internal.loader.ClassLoaders$AppClassLoader@76ed5528
[28May2025 18:20:52.540] [main/DEBUG] [oshi.util.FileUtil/]: Reading file /proc/meminfo
[28May2025 18:20:52.541] [main/DEBUG] [oshi.util.FileUtil/]: Reading file /proc/meminfo
[28May2025 18:20:52.545] [main/DEBUG] [mixin/]: Mixing perf.thread_priorities.UtilMixin from modernfix-common.mixins.json into net.minecraft.Util
[28May2025 18:20:52.545] [main/DEBUG] [mixin/]: Renaming synthetic method lambda$adjustPriorityOfThreadFactory$0(Ljava/util/concurrent/ForkJoinPool$ForkJoinWorkerThreadFactory;Ljava/util/concurrent/ForkJoinPool;)Ljava/util/concurrent/ForkJoinWorkerThread; to mde990a2$lambda$adjustPriorityOfThreadFactory$0$0 in modernfix-common.mixins.json:perf.thread_priorities.UtilMixin
[28May2025 18:20:52.549] [main/DEBUG] [mixin/]: Mixing UtilMixin from cdmoveset.mixins.json into net.minecraft.Util
[28May2025 18:20:52.578] [main/DEBUG] [mixin/]: Mixing math.sine_lut.MthMixin from canary.mixins.json into net.minecraft.util.Mth
[28May2025 18:20:52.616] [main/DEBUG] [mixin/]: Mixing feature.measure_time.BootstrapMixin from modernfix-common.mixins.json into net.minecraft.server.Bootstrap
[28May2025 18:20:52.620] [main/DEBUG] [mixin/]: Mixing core.BootstrapMixin from modernfix-forge.mixins.json into net.minecraft.server.Bootstrap
[28May2025 18:20:52.645] [main/INFO] [net.minecraft.server.Bootstrap/]: ModernFix reached bootstrap stage (12.08 s after launch)
[28May2025 18:20:52.655] [main/DEBUG] [mixin/]: Mixing perf.mojang_registry_size.MappedRegistryMixin from modernfix-common.mixins.json into net.minecraft.core.MappedRegistry
[28May2025 18:20:52.674] [main/DEBUG] [mixin/]: Mixing perf.mojang_registry_size.ResourceKeyMixin from modernfix-common.mixins.json into net.minecraft.resources.ResourceKey
[28May2025 18:20:52.674] [main/DEBUG] [mixin/]: Renaming synthetic method lambda$createEfficient$0(Lnet/minecraft/resources/ResourceLocation;)Ljava/util/Map; to mde990a2$lambda$createEfficient$0$0 in modernfix-common.mixins.json:perf.mojang_registry_size.ResourceKeyMixin
[28May2025 18:20:52.730] [main/DEBUG] [mixin/]: Mixing inject.MixinGameEvent from architectury-common.mixins.json into net.minecraft.world.level.gameevent.GameEvent
[28May2025 18:20:52.743] [main/DEBUG] [mixin/]: Mixing perf.reduce_blockstate_cache_rebuilds.GameDataMixin from modernfix-forge.mixins.json into net.minecraftforge.registries.GameData
[28May2025 18:20:52.768] [main/DEBUG] [mixin/]: Mixing perf.forge_registry_alloc.ForgeRegistryMixin from modernfix-forge.mixins.json into net.minecraftforge.registries.ForgeRegistry
[28May2025 18:20:52.787] [main/DEBUG] [mixin/]: Mixing perf.fast_registry_validation.ForgeRegistryMixin from modernfix-forge.mixins.json into net.minecraftforge.registries.ForgeRegistry
[28May2025 18:20:52.795] [main/WARN] [mixin/]: @Final field delegatesByName:Ljava/util/Map; in modernfix-forge.mixins.json:perf.forge_registry_alloc.ForgeRegistryMixin should be final
[28May2025 18:20:52.796] [main/WARN] [mixin/]: @Final field delegatesByValue:Ljava/util/Map; in modernfix-forge.mixins.json:perf.forge_registry_alloc.ForgeRegistryMixin should be final
[28May2025 18:20:52.831] [main/DEBUG] [mixin/]: Mixing perf.reduce_blockstate_cache_rebuilds.BlockCallbacksMixin from modernfix-forge.mixins.json into net.minecraftforge.registries.GameData$BlockCallbacks
[28May2025 18:20:52.840] [main/DEBUG] [mixin/]: Mixing perf.forge_registry_alloc.DelegateHolderMixin from modernfix-forge.mixins.json into net.minecraft.world.level.block.Block
[28May2025 18:20:52.842] [main/DEBUG] [mixin/]: Mixing shapes.blockstate_cache.BlockMixin from canary.mixins.json into net.minecraft.world.level.block.Block
[28May2025 18:20:52.842] [main/DEBUG] [mixin/]: Renaming synthetic method lambda$static$0(Lnet/minecraft/world/phys/shapes/VoxelShape;)Z to mde990a2$lambda$static$0$0 in canary.mixins.json:shapes.blockstate_cache.BlockMixin
[28May2025 18:20:52.845] [main/DEBUG] [mixin/]: Mixing inject.MixinBlock from architectury-common.mixins.json into net.minecraft.world.level.block.Block
[28May2025 18:20:52.845] [main/DEBUG] [mixin/]: Mixing block.BlockMixin from mixins.elysium_api.json into net.minecraft.world.level.block.Block
[28May2025 18:20:52.845] [main/DEBUG] [mixin/]: Renaming synthetic method lambda$elysium$soundTransformer$0(Lnet/minecraft/world/level/block/state/BlockState;Lnet/jadenxgamer/elysium_api/impl/sound_transformer/SoundTransformer;)Z to mde990a2$lambda$elysium$soundTransformer$0$1 in mixins.elysium_api.json:block.BlockMixin
[28May2025 18:20:52.872] [main/DEBUG] [mixin/]: Mixing math.fast_blockpos.BlockPosMixin from canary.mixins.json into net.minecraft.core.BlockPos
[28May2025 18:20:52.892] [main/DEBUG] [mixin/]: Mixing bugfix.chunk_deadlock.BlockStateBaseMixin from modernfix-common.mixins.json into net.minecraft.world.level.block.state.BlockBehaviour$BlockStateBase
[28May2025 18:20:52.893] [main/DEBUG] [mixin/]: Mixing perf.reduce_blockstate_cache_rebuilds.BlockStateBaseMixin from modernfix-common.mixins.json into net.minecraft.world.level.block.state.BlockBehaviour$BlockStateBase
[28May2025 18:20:52.899] [main/DEBUG] [mixin/]: Mixing ai.pathing.BlockStateBaseMixin from canary.mixins.json into net.minecraft.world.level.block.state.BlockBehaviour$BlockStateBase
[28May2025 18:20:52.906] [main/DEBUG] [mixin/]: Mixing BlockStateBaseMixin from ferritecore.blockstatecache.mixin.json into net.minecraft.world.level.block.state.BlockBehaviour$BlockStateBase
[28May2025 18:20:52.930] [main/INFO] [ModernFix/]: Injecting BlockStateBase cache population hook into getNeighborPathNodeType from com.abdelaziz.canary.mixin.ai.pathing.BlockStateBaseMixin
[28May2025 18:20:52.930] [main/INFO] [ModernFix/]: Injecting BlockStateBase cache population hook into getPathNodeType from com.abdelaziz.canary.mixin.ai.pathing.BlockStateBaseMixin
[28May2025 18:20:52.936] [main/DEBUG] [mixin/]: Mixing FastMapStateHolderMixin from ferritecore.fastmap.mixin.json into net.minecraft.world.level.block.state.StateHolder
[28May2025 18:20:52.958] [main/DEBUG] [mixin/]: Mixing EntityLoadMixin from cupboard.mixins.json into net.minecraft.world.entity.Entity
[28May2025 18:20:52.972] [main/DEBUG] [mixin/]: Mixing bugfix.chunk_deadlock.EntityMixin from modernfix-common.mixins.json into net.minecraft.world.entity.Entity
[28May2025 18:20:52.976] [main/DEBUG] [mixin/]: Mixing EntityMixin from relics.mixins.json into net.minecraft.world.entity.Entity
[28May2025 18:20:52.977] [main/DEBUG] [mixin/]: relics.mixins.json:EntityMixin: Class version 61 required is higher than the class version supported by the current version of Mixin (JAVA_8 supports class version 52)
[28May2025 18:20:53.004] [main/DEBUG] [mixin/]: Mixing EntityMixin from alexscaves.mixins.json into net.minecraft.world.entity.Entity
[28May2025 18:20:53.076] [main/DEBUG] [mixin/]: Mixing features.activation_range.EntityMixin from servercore.common.mixins.json into net.minecraft.world.entity.Entity
[28May2025 18:20:53.076] [main/DEBUG] [mixin/]: servercore.common.mixins.json:features.activation_range.EntityMixin: Class version 61 required is higher than the class version supported by the current version of Mixin (JAVA_16 supports class version 60)
[28May2025 18:20:53.089] [main/DEBUG] [mixin/]: Mixing features.misc.EntityMixin from servercore.common.mixins.json into net.minecraft.world.entity.Entity
[28May2025 18:20:53.089] [main/DEBUG] [mixin/]: servercore.common.mixins.json:features.misc.EntityMixin: Class version 61 required is higher than the class version supported by the current version of Mixin (JAVA_16 supports class version 60)
[28May2025 18:20:53.091] [main/DEBUG] [mixin/]: Mixing EntityMixin from lionfishapi.mixins.json into net.minecraft.world.entity.Entity
[28May2025 18:20:53.106] [main/DEBUG] [mixin/]: Mixing AccessorEntity from curios.mixins.json into net.minecraft.world.entity.Entity
[28May2025 18:20:53.111] [main/DEBUG] [mixin/]: Mixing EntityMixin from mixins.irons_spellbooks.json into net.minecraft.world.entity.Entity
[28May2025 18:20:53.125] [main/DEBUG] [mixin/]: Mixing EntityMixin from attributeslib.mixins.json into net.minecraft.world.entity.Entity
[28May2025 18:20:53.129] [main/DEBUG] [mixin/]: Mixing alloc.deep_passengers.EntityMixin from canary.mixins.json into net.minecraft.world.entity.Entity
[28May2025 18:20:53.145] [main/DEBUG] [mixin/]: Mixing collections.fluid_submersion.EntityMixin from canary.mixins.json into net.minecraft.world.entity.Entity
[28May2025 18:20:53.151] [main/DEBUG] [mixin/]: Mixing entity.collisions.movement.EntityMixin from canary.mixins.json into net.minecraft.world.entity.Entity
[28May2025 18:20:53.170] [main/DEBUG] [mixin/]: Mixing entity.collisions.suffocation.EntityMixin from canary.mixins.json into net.minecraft.world.entity.Entity
[28May2025 18:20:53.179] [main/DEBUG] [mixin/]: Mixing entity.collisions.unpushable_cramming.EntityMixin from canary.mixins.json into net.minecraft.world.entity.Entity
[28May2025 18:20:53.181] [main/DEBUG] [mixin/]: Mixing entity.skip_fire_check.EntityMixin from canary.mixins.json into net.minecraft.world.entity.Entity
[28May2025 18:20:53.191] [main/DEBUG] [mixin/]: Mixing EntityMixin from tombstone.mixins.json into net.minecraft.world.entity.Entity
[28May2025 18:20:53.415] [main/DEBUG] [mixin/]: Mixing IForgeEntityMixin from attributeslib.mixins.json into net.minecraftforge.common.extensions.IForgeEntity
[28May2025 18:20:53.434] [main/DEBUG] [mixin/]: Mixing entity.LivingEntityMixin from mixins.netherexp.json into net.minecraft.world.entity.LivingEntity
[28May2025 18:20:53.465] [main/DEBUG] [mixin/]: Mixing entity.LivingEntityMixin from mixins.elysium_api.json into net.minecraft.world.entity.LivingEntity
[28May2025 18:20:53.468] [main/DEBUG] [mixin/]: Mixing MixinLivingEntity from caelus.mixins.json into net.minecraft.world.entity.LivingEntity
[28May2025 18:20:53.470] [main/DEBUG] [mixin/]: Mixing perf.forge_cap_retrieval.LivingEntityMixin from modernfix-forge.mixins.json into net.minecraft.world.entity.LivingEntity
[28May2025 18:20:53.471] [main/DEBUG] [mixin/]: Mixing LivingEntityMixin from citadel.mixins.json into net.minecraft.world.entity.LivingEntity
[28May2025 18:20:53.475] [main/DEBUG] [mixin/]: Mixing LivingEntityMixin from relics.mixins.json into net.minecraft.world.entity.LivingEntity
[28May2025 18:20:53.475] [main/DEBUG] [mixin/]: relics.mixins.json:LivingEntityMixin: Class version 61 required is higher than the class version supported by the current version of Mixin (JAVA_8 supports class version 52)
[28May2025 18:20:53.480] [main/DEBUG] [mixin/]: Mixing LivingEntityMixin from alexscaves.mixins.json into net.minecraft.world.entity.LivingEntity
[28May2025 18:20:53.489] [main/DEBUG] [net.minecraftforge.coremod.transformer.CoreModBaseTransformer/COREMOD]: Transforming net/minecraft/world/effect/MobEffectInstance
[28May2025 18:20:53.502] [main/DEBUG] [mixin/]: Mixing features.activation_range.inactive_ticks.LivingEntityMixin from servercore.common.mixins.json into net.minecraft.world.entity.LivingEntity
[28May2025 18:20:53.502] [main/DEBUG] [mixin/]: servercore.common.mixins.json:features.activation_range.inactive_ticks.LivingEntityMixin: Class version 61 required is higher than the class version supported by the current version of Mixin (JAVA_16 supports class version 60)
[28May2025 18:20:53.503] [main/DEBUG] [mixin/]: Mixing LivingEntityMixin from cataclysm.mixins.json into net.minecraft.world.entity.LivingEntity
[28May2025 18:20:53.505] [main/DEBUG] [mixin/]: Mixing MixinLivingEntity from curios.mixins.json into net.minecraft.world.entity.LivingEntity
[28May2025 18:20:53.507] [main/DEBUG] [mixin/]: Mixing LivingEntityMixin from legendary_monsters.mixins.json into net.minecraft.world.entity.LivingEntity
[28May2025 18:20:53.509] [main/DEBUG] [mixin/]: Mixing LivingEntityMixin from mixins.irons_spellbooks.json into net.minecraft.world.entity.LivingEntity
[28May2025 18:20:53.510] [main/DEBUG] [mixin/]: Renaming synthetic method lambda$static$1(Lnet/minecraft/world/entity/ai/attributes/Attribute;)Z to mde990a2$lambda$static$1$0 in mixins.irons_spellbooks.json:LivingEntityMixin
[28May2025 18:20:53.510] [main/DEBUG] [mixin/]: Renaming synthetic method lambda$static$0(Lnet/minecraft/world/entity/ai/attributes/Attribute;)Z to mde990a2$lambda$static$0$1 in mixins.irons_spellbooks.json:LivingEntityMixin
[28May2025 18:20:53.517] [main/DEBUG] [net.minecraftforge.coremod.transformer.CoreModBaseTransformer/COREMOD]: Transforming getEnchantmentLevel with desc (Lnet/minecraft/world/item/enchantment/Enchantment;)I
[28May2025 18:20:53.518] [main/INFO] [net.minecraftforge.coremod.CoreMod.placebo/COREMODLOG]: Patching IForgeItemStack#getEnchantmentLevel
[28May2025 18:20:53.518] [main/DEBUG] [net.minecraftforge.coremod.transformer.CoreModBaseTransformer/COREMOD]: Transforming getAllEnchantments with desc ()Ljava/util/Map;
[28May2025 18:20:53.519] [main/INFO] [net.minecraftforge.coremod.CoreMod.placebo/COREMODLOG]: Patching IForgeItemStack#getEnchantmentLevel
[28May2025 18:20:53.532] [main/DEBUG] [mixin/]: Mixing LivingEntityMixin from attributeslib.mixins.json into net.minecraft.world.entity.LivingEntity
[28May2025 18:20:53.539] [main/DEBUG] [mixin/]: Mixing alloc.enum_values.living_entity.LivingEntityMixin from canary.mixins.json into net.minecraft.world.entity.LivingEntity
[28May2025 18:20:53.540] [main/DEBUG] [mixin/]: Mixing entity.collisions.unpushable_cramming.LivingEntityMixin from canary.mixins.json into net.minecraft.world.entity.LivingEntity
[28May2025 18:20:53.548] [main/DEBUG] [mixin/]: Mixing entity.fast_elytra_check.LivingEntityMixin from canary.mixins.json into net.minecraft.world.entity.LivingEntity
[28May2025 18:20:53.549] [main/DEBUG] [mixin/]: Mixing entity.fast_hand_swing.LivingEntityMixin from canary.mixins.json into net.minecraft.world.entity.LivingEntity
[28May2025 18:20:53.550] [main/DEBUG] [mixin/]: Mixing entity.fast_powder_snow_check.LivingEntityMixin from canary.mixins.json into net.minecraft.world.entity.LivingEntity
[28May2025 18:20:53.551] [main/DEBUG] [mixin/]: Mixing entity.skip_equipment_change_check.LivingEntityMixin from canary.mixins.json into net.minecraft.world.entity.LivingEntity
[28May2025 18:20:53.552] [main/DEBUG] [mixin/]: Renaming synthetic method lambda$static$0(Lnet/minecraft/world/item/ItemStack;)Z to mde990a2$lambda$static$0$2 in canary.mixins.json:entity.skip_equipment_change_check.LivingEntityMixin
[28May2025 18:20:53.565] [main/DEBUG] [mixin/]: Mixing LivingEntityMixin from tombstone.mixins.json into net.minecraft.world.entity.LivingEntity
[28May2025 18:20:53.574] [main/DEBUG] [mixin/]: Mixing MixinLivingEntity from mixins.epicfight.json into net.minecraft.world.entity.LivingEntity
[28May2025 18:20:53.768] [main/DEBUG] [mixin/]: Mixing perf.model_optimizations.PropertyMixin from modernfix-common.mixins.json into net.minecraft.world.level.block.state.properties.Property
[28May2025 18:20:53.777] [main/DEBUG] [mixin/]: Mixing perf.model_optimizations.BooleanPropertyMixin from modernfix-common.mixins.json into net.minecraft.world.level.block.state.properties.BooleanProperty
[28May2025 18:20:53.783] [main/DEBUG] [mixin/]: Mixing LevelMixin from citadel.mixins.json into net.minecraft.world.level.Level
[28May2025 18:20:53.786] [main/DEBUG] [mixin/]: Mixing alloc.chunk_random.LevelMixin from canary.mixins.json into net.minecraft.world.level.Level
[28May2025 18:20:53.787] [main/DEBUG] [mixin/]: Mixing entity.collisions.intersection.LevelMixin from canary.mixins.json into net.minecraft.world.level.Level
[28May2025 18:20:53.790] [main/DEBUG] [mixin/]: Mixing util.block_entity_retrieval.LevelMixin from canary.mixins.json into net.minecraft.world.level.Level
[28May2025 18:20:53.794] [main/DEBUG] [mixin/]: Mixing world.block_entity_ticking.sleeping.LevelMixin from canary.mixins.json into net.minecraft.world.level.Level
[28May2025 18:20:53.795] [main/DEBUG] [mixin/]: Mixing world.chunk_access.LevelMixin from canary.mixins.json into net.minecraft.world.level.Level
[28May2025 18:20:53.797] [main/DEBUG] [mixin/]: Mixing world.inline_block_access.LevelMixin from canary.mixins.json into net.minecraft.world.level.Level
[28May2025 18:20:53.802] [main/DEBUG] [mixin/]: Mixing world.inline_height.LevelMixin from canary.mixins.json into net.minecraft.world.level.Level
[28May2025 18:20:53.835] [main/DEBUG] [mixin/]: Mixing util.chunk_access.LevelReaderMixin from canary.mixins.json into net.minecraft.world.level.LevelReader
[28May2025 18:20:53.845] [main/DEBUG] [mixin/]: Mixing ServerAddEntityMixin from cupboard.mixins.json into net.minecraft.server.level.ServerLevel
[28May2025 18:20:53.856] [main/DEBUG] [mixin/]: Mixing optimizations.ticking.chunk.random.ServerLevelMixin from servercore.common.mixins.json into net.minecraft.server.level.ServerLevel
[28May2025 18:20:53.856] [main/DEBUG] [mixin/]: servercore.common.mixins.json:optimizations.ticking.chunk.random.ServerLevelMixin: Class version 61 required is higher than the class version supported by the current version of Mixin (JAVA_16 supports class version 60)
[28May2025 18:20:53.859] [main/DEBUG] [mixin/]: Mixing bugfix.chunk_deadlock.ServerLevelMixin from modernfix-common.mixins.json into net.minecraft.server.level.ServerLevel
[28May2025 18:20:53.860] [main/DEBUG] [mixin/]: Mixing perf.cache_strongholds.ServerLevelMixin from modernfix-common.mixins.json into net.minecraft.server.level.ServerLevel
[28May2025 18:20:53.860] [main/DEBUG] [mixin/]: Discarding sythetic bridge method synthetic in m_6325_ because existing method in modernfix-common.mixins.json:perf.cache_strongholds.ServerLevelMixin is compatible
[28May2025 18:20:53.864] [main/DEBUG] [mixin/]: Mixing perf.faster_structure_location.ServerLevelMixin from modernfix-common.mixins.json into net.minecraft.server.level.ServerLevel
[28May2025 18:20:53.865] [main/DEBUG] [mixin/]: Mixing ServerLevelMixin from citadel.mixins.json into net.minecraft.server.level.ServerLevel
[28May2025 18:20:53.866] [main/DEBUG] [mixin/]: Mixing features.activation_range.ServerLevelMixin from servercore.common.mixins.json into net.minecraft.server.level.ServerLevel
[28May2025 18:20:53.866] [main/DEBUG] [mixin/]: servercore.common.mixins.json:features.activation_range.ServerLevelMixin: Class version 61 required is higher than the class version supported by the current version of Mixin (JAVA_16 supports class version 60)
[28May2025 18:20:53.870] [main/DEBUG] [mixin/]: Mixing features.spawn_chunks.ServerLevelMixin from servercore.common.mixins.json into net.minecraft.server.level.ServerLevel
[28May2025 18:20:53.870] [main/DEBUG] [mixin/]: servercore.common.mixins.json:features.spawn_chunks.ServerLevelMixin: Class version 61 required is higher than the class version supported by the current version of Mixin (JAVA_16 supports class version 60)
[28May2025 18:20:53.871] [main/DEBUG] [mixin/]: Mixing optimizations.sync_loads.ServerLevelMixin from servercore.common.mixins.json into net.minecraft.server.level.ServerLevel
[28May2025 18:20:53.871] [main/DEBUG] [mixin/]: servercore.common.mixins.json:optimizations.sync_loads.ServerLevelMixin: Class version 61 required is higher than the class version supported by the current version of Mixin (JAVA_16 supports class version 60)
[28May2025 18:20:53.871] [main/DEBUG] [mixin/]: Discarding sythetic bridge method synthetic in m_6325_ because existing method in servercore.common.mixins.json:optimizations.sync_loads.ServerLevelMixin is compatible
[28May2025 18:20:53.875] [main/DEBUG] [mixin/]: Mixing alloc.chunk_random.ServerLevelMixin from canary.mixins.json into net.minecraft.server.level.ServerLevel
[28May2025 18:20:53.877] [main/DEBUG] [mixin/]: Mixing chunk.replace_streams.ServerLevelMixin from canary.mixins.json into net.minecraft.server.level.ServerLevel
[28May2025 18:20:53.882] [main/DEBUG] [mixin/]: Mixing entity.inactive_navigations.ServerLevelMixin from canary.mixins.json into net.minecraft.server.level.ServerLevel
[28May2025 18:20:53.891] [main/DEBUG] [mixin/]: Mixing profiler.ServerLevelMixin from canary.mixins.json into net.minecraft.server.level.ServerLevel
[28May2025 18:20:53.892] [main/DEBUG] [mixin/]: Mixing util.accessors.ServerLevelAccessor from canary.mixins.json into net.minecraft.server.level.ServerLevel
[28May2025 18:20:53.892] [main/DEBUG] [mixin/]: Mixing world.block_entity_ticking.sleeping.ServerLevelMixin from canary.mixins.json into net.minecraft.server.level.ServerLevel
[28May2025 18:20:53.967] [main/DEBUG] [mixin/]: Mixing features.activation_range.inactive_ticks.ItemEntityMixin from servercore.common.mixins.json into net.minecraft.world.entity.item.ItemEntity
[28May2025 18:20:53.967] [main/DEBUG] [mixin/]: servercore.common.mixins.json:features.activation_range.inactive_ticks.ItemEntityMixin: Class version 61 required is higher than the class version supported by the current version of Mixin (JAVA_16 supports class version 60)
[28May2025 18:20:53.970] [main/DEBUG] [mixin/]: Mixing features.merging.ItemEntityMixin from servercore.common.mixins.json into net.minecraft.world.entity.item.ItemEntity
[28May2025 18:20:53.970] [main/DEBUG] [mixin/]: servercore.common.mixins.json:features.merging.ItemEntityMixin: Class version 61 required is higher than the class version supported by the current version of Mixin (JAVA_16 supports class version 60)
[28May2025 18:20:53.970] [main/DEBUG] [mixin/]: Mixing ItemMixin from cataclysm.mixins.json into net.minecraft.world.entity.item.ItemEntity
[28May2025 18:20:53.985] [main/DEBUG] [mixin/]: Mixing entity.PlayerMixin from mixins.netherexp.json into net.minecraft.world.entity.player.Player
[28May2025 18:20:53.987] [main/DEBUG] [mixin/]: Mixing PlayerMixin from mixins.travelersbackpack.json into net.minecraft.world.entity.player.Player
[28May2025 18:20:53.992] [main/DEBUG] [mixin/]: Mixing PlayerMixin from alexscaves.mixins.json into net.minecraft.world.entity.player.Player
[28May2025 18:20:53.999] [main/DEBUG] [mixin/]: Mixing PlayerMixin from mixins.irons_spellbooks.json into net.minecraft.world.entity.player.Player
[28May2025 18:20:54.000] [main/DEBUG] [mixin/]: Mixing PlayerMixin from attributeslib.mixins.json into net.minecraft.world.entity.player.Player
[28May2025 18:20:54.003] [main/DEBUG] [mixin/]: Mixing PlayerMixin from playerrevive.mixins.json into net.minecraft.world.entity.player.Player
[28May2025 18:20:54.008] [main/DEBUG] [mixin/]: Mixing MixinPlayer from mixins.epicfight.json into net.minecraft.world.entity.player.Player
[28May2025 18:20:54.010] [main/DEBUG] [mixin/]: Mixing MixinPlayer from tlskincape-mixins.json into net.minecraft.world.entity.player.Player
[28May2025 18:20:54.010] [main/DEBUG] [mixin/]: tlskincape-mixins.json:MixinPlayer: Class version 61 required is higher than the class version supported by the current version of Mixin (JAVA_16 supports class version 60)
[28May2025 18:20:54.099] [main/DEBUG] [mixin/]: Mixing perf.fast_forge_dummies.NamespacedHolderHelperMixin from modernfix-forge.mixins.json into net.minecraftforge.registries.NamespacedWrapper
[28May2025 18:20:54.112] [main/DEBUG] [mixin/]: Mixing inject.MixinFluid from architectury-common.mixins.json into net.minecraft.world.level.material.Fluid
[28May2025 18:20:54.116] [main/DEBUG] [mixin/]: Mixing item.ItemMixin from mixins.netherexp.json into net.minecraft.world.item.Item
[28May2025 18:20:54.117] [main/DEBUG] [mixin/]: Mixing perf.forge_registry_alloc.DelegateHolderMixin from modernfix-forge.mixins.json into net.minecraft.world.item.Item
[28May2025 18:20:54.118] [main/DEBUG] [mixin/]: Mixing ItemMixin from relics.mixins.json into net.minecraft.world.item.Item
[28May2025 18:20:54.118] [main/DEBUG] [mixin/]: relics.mixins.json:ItemMixin: Class version 61 required is higher than the class version supported by the current version of Mixin (JAVA_8 supports class version 52)
[28May2025 18:20:54.125] [main/DEBUG] [mixin/]: Mixing ItemMixin from mixins.irons_spellbooks.json into net.minecraft.world.item.Item
[28May2025 18:20:54.127] [main/DEBUG] [mixin/]: Mixing ItemMixin from tombstone.mixins.json into net.minecraft.world.item.Item
[28May2025 18:20:54.128] [main/DEBUG] [mixin/]: Renaming synthetic method lambda$methodIsFoil$1(Lnet/minecraft/world/item/ItemStack;Lovh/corail/tombstone/api/capability/ISoulConsumer;)Ljava/lang/Boolean; to mde990a2$lambda$methodIsFoil$1$0 in tombstone.mixins.json:ItemMixin
[28May2025 18:20:54.128] [main/DEBUG] [mixin/]: Renaming synthetic method lambda$methodGetName$0(Lnet/minecraft/world/item/ItemStack;Lovh/corail/tombstone/api/capability/ISoulConsumer;)Ljava/lang/Boolean; to mde990a2$lambda$methodGetName$0$1 in tombstone.mixins.json:ItemMixin
[28May2025 18:20:54.136] [main/DEBUG] [mixin/]: Mixing inject.MixinItem from architectury-common.mixins.json into net.minecraft.world.item.Item
[28May2025 18:20:54.161] [main/DEBUG] [mixin/]: Mixing IForgeItemMixin from attributeslib.mixins.json into net.minecraftforge.common.extensions.IForgeItem
[28May2025 18:20:54.171] [main/DEBUG] [net.minecraftforge.coremod.transformer.CoreModBaseTransformer/COREMOD]: Transforming net/minecraft/world/entity/EntityType
[28May2025 18:20:54.226] [main/DEBUG] [mixin/]: Mixing inject.MixinEntityType from architectury-common.mixins.json into net.minecraft.world.entity.EntityType
[28May2025 18:20:54.237] [main/DEBUG] [mixin/]: Mixing MobEffectMixin from mixins.irons_spellbooks.json into net.minecraft.world.effect.MobEffect
[28May2025 18:20:54.244] [main/DEBUG] [mixin/]: Mixing item.EnchantmentMixin from mixins.netherexp.json into net.minecraft.world.item.enchantment.Enchantment
[28May2025 18:20:54.251] [main/DEBUG] [mixin/]: Mixing entity.BlockEntityTypeMixin from mixins.netherexp.json into net.minecraft.world.level.block.entity.BlockEntityType
[28May2025 18:20:54.253] [main/DEBUG] [mixin/]: Mixing perf.dynamic_dfu.BlockEntityTypeMixin from modernfix-common.mixins.json into net.minecraft.world.level.block.entity.BlockEntityType
[28May2025 18:20:54.261] [main/DEBUG] [mixin/]: Mixing ChunkStatusMixin from alexscaves.mixins.json into net.minecraft.world.level.chunk.ChunkStatus
[28May2025 18:20:54.273] [main/DEBUG] [mixin/]: Mixing AttributeMixin from attributeslib.mixins.json into net.minecraft.world.entity.ai.attributes.Attribute
[28May2025 18:20:54.280] [main/DEBUG] [mixin/]: Mixing ai.poi.PoiTypesMixin from canary.mixins.json into net.minecraft.world.entity.ai.village.poi.PoiTypes
[28May2025 18:20:54.315] [main/DEBUG] [mixin/]: Mixing entity.DecoratedPotPatternsMixin from mixins.netherexp.json into net.minecraft.world.level.block.entity.DecoratedPotPatterns
[28May2025 18:20:54.330] [main/DEBUG] [mixin/]: Mixing perf.memoize_creative_tab_build.CreativeModeTabMixin from modernfix-common.mixins.json into net.minecraft.world.item.CreativeModeTab
[28May2025 18:20:54.346] [main/DEBUG] [mixin/]: Mixing block.BaseFireBlockMixin from mixins.netherexp.json into net.minecraft.world.level.block.BaseFireBlock
[28May2025 18:20:54.363] [main/DEBUG] [mixin/]: Mixing math.fast_blockpos.DirectionMixin from canary.mixins.json into net.minecraft.core.Direction
[28May2025 18:20:54.363] [main/DEBUG] [mixin/]: Mixing math.fast_util.DirectionMixin from canary.mixins.json into net.minecraft.core.Direction
[28May2025 18:20:54.387] [main/DEBUG] [mixin/]: Mixing VoxelShapeAccessor from creativecore.mixins.json into net.minecraft.world.phys.shapes.VoxelShape
[28May2025 18:20:54.387] [main/DEBUG] [mixin/]: Mixing block.moving_block_shapes.VoxelShapeMixin from canary.mixins.json into net.minecraft.world.phys.shapes.VoxelShape
[28May2025 18:20:54.388] [main/DEBUG] [mixin/]: Mixing shapes.specialized_shapes.VoxelShapeMixin from canary.mixins.json into net.minecraft.world.phys.shapes.VoxelShape
[28May2025 18:20:54.396] [main/DEBUG] [mixin/]: Mixing VoxelShapeAccess from ferritecore.blockstatecache.mixin.json into net.minecraft.world.phys.shapes.VoxelShape
[28May2025 18:20:54.402] [main/DEBUG] [mixin/]: Unexpected: Registered method setShape(Lnet/minecraft/world/phys/shapes/DiscreteVoxelShape;)V in net.minecraft.world.phys.shapes.VoxelShape was not merged
[28May2025 18:20:54.407] [main/DEBUG] [mixin/]: Mixing ShapesMixin from creativecore.mixins.json into net.minecraft.world.phys.shapes.Shapes
[28May2025 18:20:54.427] [main/DEBUG] [mixin/]: Mixing shapes.optimized_matching.ShapesMixin from canary.mixins.json into net.minecraft.world.phys.shapes.Shapes
[28May2025 18:20:54.428] [main/DEBUG] [mixin/]: Mixing shapes.shape_merging.ShapesMixin from canary.mixins.json into net.minecraft.world.phys.shapes.Shapes
[28May2025 18:20:54.429] [main/DEBUG] [mixin/]: Mixing shapes.specialized_shapes.ShapesMixin from canary.mixins.json into net.minecraft.world.phys.shapes.Shapes
[28May2025 18:20:54.448] [main/DEBUG] [mixin/]: Mixing DiscreteVSAccess from ferritecore.blockstatecache.mixin.json into net.minecraft.world.phys.shapes.DiscreteVoxelShape
[28May2025 18:20:54.451] [main/DEBUG] [mixin/]: Mixing BitSetDVSAccess from ferritecore.blockstatecache.mixin.json into net.minecraft.world.phys.shapes.BitSetDiscreteVoxelShape
[28May2025 18:20:54.453] [main/DEBUG] [mixin/]: Mixing ArrayVSAccess from ferritecore.blockstatecache.mixin.json into net.minecraft.world.phys.shapes.ArrayVoxelShape
[28May2025 18:20:54.456] [main/DEBUG] [mixin/]: Mixing shapes.precompute_shape_arrays.CubeVoxelShapeMixin from canary.mixins.json into net.minecraft.world.phys.shapes.CubeVoxelShape
[28May2025 18:20:54.467] [main/DEBUG] [mixin/]: Mixing SliceShapeAccess from ferritecore.blockstatecache.mixin.json into net.minecraft.world.phys.shapes.SliceShape
[28May2025 18:20:54.470] [main/DEBUG] [mixin/]: Mixing shapes.precompute_shape_arrays.CubePointRangeMixin from canary.mixins.json into net.minecraft.world.phys.shapes.CubePointRange
[28May2025 18:20:54.577] [main/DEBUG] [mixin/]: Mixing block.BlocksMixin from mixins.netherexp.json into net.minecraft.world.level.block.Blocks
[28May2025 18:20:54.578] [main/DEBUG] [mixin/]: Mixing perf.reduce_blockstate_cache_rebuilds.BlocksMixin from modernfix-common.mixins.json into net.minecraft.world.level.block.Blocks
[28May2025 18:20:54.579] [main/DEBUG] [mixin/]: Renaming synthetic method lambda$getEmptyConsumer$0(Ljava/lang/Object;)V to mde990a2$lambda$getEmptyConsumer$0$0 in modernfix-common.mixins.json:perf.reduce_blockstate_cache_rebuilds.BlocksMixin
[28May2025 18:20:54.640] [main/DEBUG] [net.minecraftforge.coremod.transformer.CoreModBaseTransformer/COREMOD]: Transforming net/minecraft/world/level/block/LiquidBlock
[28May2025 18:20:54.641] [main/DEBUG] [mixin/]: Mixing inject.MixinLiquidBlock from architectury-common.mixins.json into net.minecraft.world.level.block.LiquidBlock
[28May2025 18:20:54.659] [main/DEBUG] [mixin/]: Mixing alloc.enum_values.piston_block.PistonBaseBlockMixin from canary.mixins.json into net.minecraft.world.level.block.piston.PistonBaseBlock
[28May2025 18:20:54.672] [main/DEBUG] [mixin/]: Mixing block.SoulFireBlockMixin from mixins.elysium_api.json into net.minecraft.world.level.block.SoulFireBlock
[28May2025 18:20:54.675] [main/DEBUG] [net.minecraftforge.coremod.transformer.CoreModBaseTransformer/COREMOD]: Transforming net/minecraft/world/level/block/StairBlock
[28May2025 18:20:54.682] [main/DEBUG] [mixin/]: Mixing ChestBlockMixin from tombstone.mixins.json into net.minecraft.world.level.block.ChestBlock
[28May2025 18:20:54.688] [main/DEBUG] [mixin/]: Mixing alloc.enum_values.redstone_wire.RedStoneWireBlockMixin from canary.mixins.json into net.minecraft.world.level.block.RedStoneWireBlock
[28May2025 18:20:54.689] [main/DEBUG] [mixin/]: Mixing block.redstone_wire.RedStoneWireBlockMixin from canary.mixins.json into net.minecraft.world.level.block.RedStoneWireBlock
[28May2025 18:20:54.728] [main/DEBUG] [mixin/]: Mixing features.mob_spawning.NetherPortalBlockMixin from servercore.common.mixins.json into net.minecraft.world.level.block.NetherPortalBlock
[28May2025 18:20:54.729] [main/DEBUG] [mixin/]: servercore.common.mixins.json:features.mob_spawning.NetherPortalBlockMixin: Class version 61 required is higher than the class version supported by the current version of Mixin (JAVA_16 supports class version 60)
[28May2025 18:20:54.743] [main/DEBUG] [mixin/]: Mixing block.StemBlockMixin from mixins.netherexp.json into net.minecraft.world.level.block.StemBlock
[28May2025 18:20:54.754] [main/DEBUG] [mixin/]: Mixing block.NetherWartBlockMixin from mixins.elysium_api.json into net.minecraft.world.level.block.NetherWartBlock
[28May2025 18:20:54.769] [main/DEBUG] [mixin/]: Mixing perf.deduplicate_wall_shapes.WallBlockMixin from modernfix-common.mixins.json into net.minecraft.world.level.block.WallBlock
[28May2025 18:20:54.778] [main/DEBUG] [net.minecraftforge.coremod.transformer.CoreModBaseTransformer/COREMOD]: Transforming net/minecraft/world/level/block/FlowerPotBlock
[28May2025 18:20:54.790] [main/DEBUG] [mixin/]: Mixing AnvilBlockMixin from placebo.mixins.json into net.minecraft.world.level.block.AnvilBlock
[28May2025 18:20:54.795] [main/DEBUG] [mixin/]: Mixing util.inventory_comparator_tracking.ComparatorBlockMixin from canary.mixins.json into net.minecraft.world.level.block.ComparatorBlock
[28May2025 18:20:54.812] [main/DEBUG] [mixin/]: Mixing block.TorchflowerCropBlockMixin from mixins.netherexp.json into net.minecraft.world.level.block.TorchflowerCropBlock
[28May2025 18:20:54.856] [main/DEBUG] [mixin/]: Mixing block.RootsBlockMixin from mixins.elysium_api.json into net.minecraft.world.level.block.RootsBlock
[28May2025 18:20:54.861] [main/DEBUG] [mixin/]: Mixing block.NetherSproutsBlockMixin from mixins.elysium_api.json into net.minecraft.world.level.block.NetherSproutsBlock
[28May2025 18:20:54.862] [main/DEBUG] [mixin/]: Mixing block.WeepingVinesMixin from mixins.netherexp.json into net.minecraft.world.level.block.WeepingVinesBlock
[28May2025 18:20:54.864] [main/DEBUG] [mixin/]: Renaming synthetic method lambda$use$0(Lnet/minecraft/world/InteractionHand;Lnet/minecraft/world/entity/player/Player;)V to mde990a2$lambda$use$0$0 in mixins.netherexp.json:block.WeepingVinesMixin
[28May2025 18:20:54.878] [main/DEBUG] [mixin/]: Mixing block.TwistingVinesMixin from mixins.netherexp.json into net.minecraft.world.level.block.TwistingVinesBlock
[28May2025 18:20:54.879] [main/DEBUG] [mixin/]: Renaming synthetic method lambda$use$0(Lnet/minecraft/world/InteractionHand;Lnet/minecraft/world/entity/player/Player;)V to mde990a2$lambda$use$0$0 in mixins.netherexp.json:block.TwistingVinesMixin
[28May2025 18:20:54.906] [main/DEBUG] [mixin/]: Mixing PowderSnowBlockMixin from relics.mixins.json into net.minecraft.world.level.block.PowderSnowBlock
[28May2025 18:20:54.906] [main/DEBUG] [mixin/]: relics.mixins.json:PowderSnowBlockMixin: Class version 61 required is higher than the class version supported by the current version of Mixin (JAVA_8 supports class version 52)
[28May2025 18:20:54.906] [main/DEBUG] [mixin/]: Mixing MixinPowderSnowBlock from curios.mixins.json into net.minecraft.world.level.block.PowderSnowBlock
[28May2025 18:20:54.946] [main/DEBUG] [mixin/]: Mixing BlockBehaviourMixin from mowziesmobs.mixins.json into net.minecraft.world.level.block.state.BlockBehaviour$Properties
[28May2025 18:20:54.964] [main/DEBUG] [mixin/]: Mixing perf.state_definition_construct.StateDefinitionMixin from modernfix-common.mixins.json into net.minecraft.world.level.block.state.StateDefinition
[28May2025 18:20:54.984] [main/DEBUG] [mixin/]: Mixing FlowingFluidMixin from alexscaves.mixins.json into net.minecraft.world.level.material.FlowingFluid
[28May2025 18:20:54.992] [main/DEBUG] [mixin/]: Mixing block.flatten_states.FluidStateMixin from canary.mixins.json into net.minecraft.world.level.material.FluidState
[28May2025 18:20:55.085] [main/INFO] [net.minecraft.server.Bootstrap/]: Vanilla bootstrap took 2436 milliseconds
[28May2025 18:20:55.105] [main/DEBUG] [io.netty.util.internal.PlatformDependent0/]: -Dio.netty.noUnsafe: false
[28May2025 18:20:55.105] [main/DEBUG] [io.netty.util.internal.PlatformDependent0/]: Java version: 17
[28May2025 18:20:55.106] [main/DEBUG] [io.netty.util.internal.PlatformDependent0/]: sun.misc.Unsafe.theUnsafe: available
[28May2025 18:20:55.106] [main/DEBUG] [io.netty.util.internal.PlatformDependent0/]: sun.misc.Unsafe.copyMemory: available
[28May2025 18:20:55.106] [main/DEBUG] [io.netty.util.internal.PlatformDependent0/]: sun.misc.Unsafe.storeFence: available
[28May2025 18:20:55.107] [main/DEBUG] [io.netty.util.internal.PlatformDependent0/]: java.nio.Buffer.address: available
[28May2025 18:20:55.107] [main/DEBUG] [io.netty.util.internal.PlatformDependent0/]: direct buffer constructor: unavailable
java.lang.UnsupportedOperationException: Reflective setAccessible(true) disabled
	at io.netty.util.internal.ReflectionUtil.trySetAccessible(ReflectionUtil.java:31) ~[netty-common-4.1.82.Final.jar%2382!/:4.1.82.Final]
	at io.netty.util.internal.PlatformDependent0$5.run(PlatformDependent0.java:288) ~[netty-common-4.1.82.Final.jar%2382!/:4.1.82.Final]
	at java.security.AccessController.doPrivileged(AccessController.java:318) ~[?:?]
	at io.netty.util.internal.PlatformDependent0.<clinit>(PlatformDependent0.java:282) ~[netty-common-4.1.82.Final.jar%2382!/:4.1.82.Final]
	at io.netty.util.internal.PlatformDependent.isAndroid(PlatformDependent.java:333) ~[netty-common-4.1.82.Final.jar%2382!/:4.1.82.Final]
	at io.netty.util.internal.PlatformDependent.<clinit>(PlatformDependent.java:88) ~[netty-common-4.1.82.Final.jar%2382!/:4.1.82.Final]
	at io.netty.util.ConstantPool.<init>(ConstantPool.java:34) ~[netty-common-4.1.82.Final.jar%2382!/:4.1.82.Final]
	at io.netty.util.AttributeKey$1.<init>(AttributeKey.java:27) ~[netty-common-4.1.82.Final.jar%2382!/:4.1.82.Final]
	at io.netty.util.AttributeKey.<clinit>(AttributeKey.java:27) ~[netty-common-4.1.82.Final.jar%2382!/:4.1.82.Final]
	at net.minecraftforge.network.NetworkConstants.<clinit>(NetworkConstants.java:34) ~[forge-1.20.1-47.3.7-universal.jar%23210!/:?]
	at net.minecraft.server.Bootstrap.handler$zen000$doClassloadHack(Bootstrap.java:1034) ~[server-1.20.1-20230612.114412-srg.jar%23205!/:?]
	at net.minecraft.server.Bootstrap.m_135870_(Bootstrap.java:64) ~[server-1.20.1-20230612.114412-srg.jar%23205!/:?]
	at net.minecraftforge.registries.ForgeRegistries.init(ForgeRegistries.java:212) ~[forge-1.20.1-47.3.7-universal.jar%23210!/:?]
	at net.minecraftforge.registries.ForgeRegistries.<clinit>(ForgeRegistries.java:65) ~[forge-1.20.1-47.3.7-universal.jar%23210!/:?]
	at net.minecraft.world.level.block.LiquidBlock.<init>(LiquidBlock.java:53) ~[server-1.20.1-20230612.114412-srg.jar%23205!/:?]
	at net.minecraft.world.level.block.Blocks.<clinit>(Blocks.java:77) ~[server-1.20.1-20230612.114412-srg.jar%23205!/:?]
	at net.minecraft.world.level.block.FireBlock.m_53484_(FireBlock.java:301) ~[server-1.20.1-20230612.114412-srg.jar%23205!/:?]
	at net.minecraft.server.Bootstrap.m_135870_(Bootstrap.java:46) ~[server-1.20.1-20230612.114412-srg.jar%23205!/:?]
	at net.minecraft.server.Main.main(Main.java:121) ~[server-1.20.1-20230612.114412-srg.jar%23205!/:?]
	at jdk.internal.reflect.NativeMethodAccessorImpl.invoke0(Native Method) ~[?:?]
	at jdk.internal.reflect.NativeMethodAccessorImpl.invoke(NativeMethodAccessorImpl.java:77) ~[?:?]
	at jdk.internal.reflect.DelegatingMethodAccessorImpl.invoke(DelegatingMethodAccessorImpl.java:43) ~[?:?]
	at java.lang.reflect.Method.invoke(Method.java:569) ~[?:?]
	at net.minecraftforge.fml.loading.targets.CommonLaunchHandler.runTarget(CommonLaunchHandler.java:111) ~[fmlloader-1.20.1-47.3.7.jar%2369!/:?]
	at net.minecraftforge.fml.loading.targets.CommonLaunchHandler.serverService(CommonLaunchHandler.java:103) ~[fmlloader-1.20.1-47.3.7.jar%2369!/:?]
	at net.minecraftforge.fml.loading.targets.CommonServerLaunchHandler.lambda$makeService$0(CommonServerLaunchHandler.java:27) ~[fmlloader-1.20.1-47.3.7.jar%2369!/:?]
	at cpw.mods.modlauncher.LaunchServiceHandlerDecorator.launch(LaunchServiceHandlerDecorator.java:30) ~[modlauncher-10.0.9.jar%2355!/:?]
	at cpw.mods.modlauncher.LaunchServiceHandler.launch(LaunchServiceHandler.java:53) ~[modlauncher-10.0.9.jar%2355!/:?]
	at cpw.mods.modlauncher.LaunchServiceHandler.launch(LaunchServiceHandler.java:71) ~[modlauncher-10.0.9.jar%2355!/:?]
	at cpw.mods.modlauncher.Launcher.run(Launcher.java:108) ~[modlauncher-10.0.9.jar%2355!/:?]
	at cpw.mods.modlauncher.Launcher.main(Launcher.java:78) ~[modlauncher-10.0.9.jar%2355!/:?]
	at cpw.mods.modlauncher.BootstrapLaunchConsumer.accept(BootstrapLaunchConsumer.java:26) ~[modlauncher-10.0.9.jar%2355!/:?]
	at cpw.mods.modlauncher.BootstrapLaunchConsumer.accept(BootstrapLaunchConsumer.java:23) ~[modlauncher-10.0.9.jar%2355!/:?]
	at cpw.mods.bootstraplauncher.BootstrapLauncher.main(BootstrapLauncher.java:141) ~[bootstraplauncher-1.1.2.jar:?]
[28May2025 18:20:55.108] [main/DEBUG] [io.netty.util.internal.PlatformDependent0/]: java.nio.Bits.unaligned: available, true
[28May2025 18:20:55.110] [main/DEBUG] [io.netty.util.internal.PlatformDependent0/]: jdk.internal.misc.Unsafe.allocateUninitializedArray(int): unavailable
java.lang.IllegalAccessException: class io.netty.util.internal.PlatformDependent0$7 (in module io.netty.common) cannot access class jdk.internal.misc.Unsafe (in module java.base) because module java.base does not export jdk.internal.misc to module io.netty.common
	at jdk.internal.reflect.Reflection.newIllegalAccessException(Reflection.java:392) ~[?:?]
	at java.lang.reflect.AccessibleObject.checkAccess(AccessibleObject.java:674) ~[?:?]
	at java.lang.reflect.Method.invoke(Method.java:561) ~[?:?]
	at io.netty.util.internal.PlatformDependent0$7.run(PlatformDependent0.java:410) ~[netty-common-4.1.82.Final.jar%2382!/:4.1.82.Final]
	at java.security.AccessController.doPrivileged(AccessController.java:318) ~[?:?]
	at io.netty.util.internal.PlatformDependent0.<clinit>(PlatformDependent0.java:401) ~[netty-common-4.1.82.Final.jar%2382!/:4.1.82.Final]
	at io.netty.util.internal.PlatformDependent.isAndroid(PlatformDependent.java:333) ~[netty-common-4.1.82.Final.jar%2382!/:4.1.82.Final]
	at io.netty.util.internal.PlatformDependent.<clinit>(PlatformDependent.java:88) ~[netty-common-4.1.82.Final.jar%2382!/:4.1.82.Final]
	at io.netty.util.ConstantPool.<init>(ConstantPool.java:34) ~[netty-common-4.1.82.Final.jar%2382!/:4.1.82.Final]
	at io.netty.util.AttributeKey$1.<init>(AttributeKey.java:27) ~[netty-common-4.1.82.Final.jar%2382!/:4.1.82.Final]
	at io.netty.util.AttributeKey.<clinit>(AttributeKey.java:27) ~[netty-common-4.1.82.Final.jar%2382!/:4.1.82.Final]
	at net.minecraftforge.network.NetworkConstants.<clinit>(NetworkConstants.java:34) ~[forge-1.20.1-47.3.7-universal.jar%23210!/:?]
	at net.minecraft.server.Bootstrap.handler$zen000$doClassloadHack(Bootstrap.java:1034) ~[server-1.20.1-20230612.114412-srg.jar%23205!/:?]
	at net.minecraft.server.Bootstrap.m_135870_(Bootstrap.java:64) ~[server-1.20.1-20230612.114412-srg.jar%23205!/:?]
	at net.minecraftforge.registries.ForgeRegistries.init(ForgeRegistries.java:212) ~[forge-1.20.1-47.3.7-universal.jar%23210!/:?]
	at net.minecraftforge.registries.ForgeRegistries.<clinit>(ForgeRegistries.java:65) ~[forge-1.20.1-47.3.7-universal.jar%23210!/:?]
	at net.minecraft.world.level.block.LiquidBlock.<init>(LiquidBlock.java:53) ~[server-1.20.1-20230612.114412-srg.jar%23205!/:?]
	at net.minecraft.world.level.block.Blocks.<clinit>(Blocks.java:77) ~[server-1.20.1-20230612.114412-srg.jar%23205!/:?]
	at net.minecraft.world.level.block.FireBlock.m_53484_(FireBlock.java:301) ~[server-1.20.1-20230612.114412-srg.jar%23205!/:?]
	at net.minecraft.server.Bootstrap.m_135870_(Bootstrap.java:46) ~[server-1.20.1-20230612.114412-srg.jar%23205!/:?]
	at net.minecraft.server.Main.main(Main.java:121) ~[server-1.20.1-20230612.114412-srg.jar%23205!/:?]
	at jdk.internal.reflect.NativeMethodAccessorImpl.invoke0(Native Method) ~[?:?]
	at jdk.internal.reflect.NativeMethodAccessorImpl.invoke(NativeMethodAccessorImpl.java:77) ~[?:?]
	at jdk.internal.reflect.DelegatingMethodAccessorImpl.invoke(DelegatingMethodAccessorImpl.java:43) ~[?:?]
	at java.lang.reflect.Method.invoke(Method.java:569) ~[?:?]
	at net.minecraftforge.fml.loading.targets.CommonLaunchHandler.runTarget(CommonLaunchHandler.java:111) ~[fmlloader-1.20.1-47.3.7.jar%2369!/:?]
	at net.minecraftforge.fml.loading.targets.CommonLaunchHandler.serverService(CommonLaunchHandler.java:103) ~[fmlloader-1.20.1-47.3.7.jar%2369!/:?]
	at net.minecraftforge.fml.loading.targets.CommonServerLaunchHandler.lambda$makeService$0(CommonServerLaunchHandler.java:27) ~[fmlloader-1.20.1-47.3.7.jar%2369!/:?]
	at cpw.mods.modlauncher.LaunchServiceHandlerDecorator.launch(LaunchServiceHandlerDecorator.java:30) ~[modlauncher-10.0.9.jar%2355!/:?]
	at cpw.mods.modlauncher.LaunchServiceHandler.launch(LaunchServiceHandler.java:53) ~[modlauncher-10.0.9.jar%2355!/:?]
	at cpw.mods.modlauncher.LaunchServiceHandler.launch(LaunchServiceHandler.java:71) ~[modlauncher-10.0.9.jar%2355!/:?]
	at cpw.mods.modlauncher.Launcher.run(Launcher.java:108) ~[modlauncher-10.0.9.jar%2355!/:?]
	at cpw.mods.modlauncher.Launcher.main(Launcher.java:78) ~[modlauncher-10.0.9.jar%2355!/:?]
	at cpw.mods.modlauncher.BootstrapLaunchConsumer.accept(BootstrapLaunchConsumer.java:26) ~[modlauncher-10.0.9.jar%2355!/:?]
	at cpw.mods.modlauncher.BootstrapLaunchConsumer.accept(BootstrapLaunchConsumer.java:23) ~[modlauncher-10.0.9.jar%2355!/:?]
	at cpw.mods.bootstraplauncher.BootstrapLauncher.main(BootstrapLauncher.java:141) ~[bootstraplauncher-1.1.2.jar:?]
[28May2025 18:20:55.111] [main/DEBUG] [io.netty.util.internal.PlatformDependent0/]: java.nio.DirectByteBuffer.<init>(long, int): unavailable
[28May2025 18:20:55.111] [main/DEBUG] [io.netty.util.internal.PlatformDependent/]: sun.misc.Unsafe: available
[28May2025 18:20:55.112] [main/DEBUG] [io.netty.util.internal.PlatformDependent/]: maxDirectMemory: 12884901888 bytes (maybe)
[28May2025 18:20:55.112] [main/DEBUG] [io.netty.util.internal.PlatformDependent/]: -Dio.netty.tmpdir: /tmp (java.io.tmpdir)
[28May2025 18:20:55.112] [main/DEBUG] [io.netty.util.internal.PlatformDependent/]: -Dio.netty.bitMode: 64 (sun.arch.data.model)
[28May2025 18:20:55.113] [main/DEBUG] [io.netty.util.internal.PlatformDependent/]: -Dio.netty.maxDirectMemory: -1 bytes
[28May2025 18:20:55.113] [main/DEBUG] [io.netty.util.internal.PlatformDependent/]: -Dio.netty.uninitializedArrayAllocationThreshold: -1
[28May2025 18:20:55.114] [main/DEBUG] [io.netty.util.internal.CleanerJava9/]: java.nio.ByteBuffer.cleaner(): available
[28May2025 18:20:55.114] [main/DEBUG] [io.netty.util.internal.PlatformDependent/]: -Dio.netty.noPreferDirect: false
[28May2025 18:20:55.283] [main/DEBUG] [mixin/]: Mixing util.inventory_change_listening.BlockEntityMixin from canary.mixins.json into net.minecraft.world.level.block.entity.BlockEntity
[28May2025 18:20:55.285] [main/DEBUG] [mixin/]: Mixing util.inventory_comparator_tracking.BlockEntityMixin from canary.mixins.json into net.minecraft.world.level.block.entity.BlockEntity
[28May2025 18:20:55.291] [main/DEBUG] [mixin/]: Mixing BrushableBlockEntityMixin from tombstone.mixins.json into net.minecraft.world.level.block.entity.BrushableBlockEntity
[28May2025 18:20:55.307] [main/DEBUG] [mixin/]: Mixing FallingBlockEntityMixin from alexscaves.mixins.json into net.minecraft.world.entity.item.FallingBlockEntity
[28May2025 18:20:55.309] [main/DEBUG] [mixin/]: Mixing MixinFallingBlockEntity from architectury.mixins.json into net.minecraft.world.entity.item.FallingBlockEntity
[28May2025 18:20:55.347] [main/DEBUG] [mixin/]: Mixing util.inventory_change_listening.StackListReplacementTracking$InventoryChangeTrackingDispenserBlockEntity from canary.mixins.json into net.minecraft.world.level.block.entity.DispenserBlockEntity
[28May2025 18:20:55.352] [main/DEBUG] [mixin/]: Mixing util.inventory_change_listening.RandomizableContainerBlockEntityMixin from canary.mixins.json into net.minecraft.world.level.block.entity.RandomizableContainerBlockEntity
[28May2025 18:20:55.359] [main/DEBUG] [mixin/]: Mixing util.inventory_change_listening.StackListReplacementTracking$StackListReplacementTrackingBaseContainerBlockEntity from canary.mixins.json into net.minecraft.world.level.block.entity.BaseContainerBlockEntity
[28May2025 18:20:55.388] [main/DEBUG] [mixin/]: Mixing math.fast_util.AxisCycleDirectionMixin$ForwardMixin from canary.mixins.json into net.minecraft.core.AxisCycle$2
[28May2025 18:20:55.390] [main/DEBUG] [mixin/]: Mixing math.fast_util.AxisCycleDirectionMixin$BackwardMixin from canary.mixins.json into net.minecraft.core.AxisCycle$3
[28May2025 18:20:55.425] [main/DEBUG] [mixin/]: Mixing features.activation_range.fixes.PistonMovingBlockEntityMixin from servercore.common.mixins.json into net.minecraft.world.level.block.piston.PistonMovingBlockEntity
[28May2025 18:20:55.425] [main/DEBUG] [mixin/]: servercore.common.mixins.json:features.activation_range.fixes.PistonMovingBlockEntityMixin: Class version 61 required is higher than the class version supported by the current version of Mixin (JAVA_16 supports class version 60)
[28May2025 18:20:55.425] [main/DEBUG] [mixin/]: Mixing block.moving_block_shapes.PistonMovingBlockEntityMixin from canary.mixins.json into net.minecraft.world.level.block.piston.PistonMovingBlockEntity
[28May2025 18:20:55.441] [main/DEBUG] [mixin/]: Mixing optimizations.players.ServerPlayerMixin from servercore.common.mixins.json into net.minecraft.server.level.ServerPlayer
[28May2025 18:20:55.441] [main/DEBUG] [mixin/]: servercore.common.mixins.json:optimizations.players.ServerPlayerMixin: Class version 61 required is higher than the class version supported by the current version of Mixin (JAVA_16 supports class version 60)
[28May2025 18:20:55.441] [main/DEBUG] [mixin/]: Mixing ServerPlayerMixin from nerb-common.mixins.json into net.minecraft.server.level.ServerPlayer
[28May2025 18:20:55.442] [main/DEBUG] [mixin/]: Mixing ServerPlayerMixin from playerrevive.mixins.json into net.minecraft.server.level.ServerPlayer
[28May2025 18:20:55.442] [main/DEBUG] [mixin/]: Mixing ServerPlayerMixin from tombstone.mixins.json into net.minecraft.server.level.ServerPlayer
[28May2025 18:20:55.457] [main/DEBUG] [mixin/]: Mixing AttributesMixin from mixins.irons_spellbooks.json into net.minecraft.world.entity.ai.attributes.Attributes
[28May2025 18:20:55.531] [main/DEBUG] [mixin/]: Mixing util.inventory_change_listening.ChestBlockEntityMixin from canary.mixins.json into net.minecraft.world.level.block.entity.ChestBlockEntity
[28May2025 18:20:55.531] [main/DEBUG] [mixin/]: Mixing util.inventory_change_listening.StackListReplacementTracking$InventoryChangeTrackingChestBlockEntity from canary.mixins.json into net.minecraft.world.level.block.entity.ChestBlockEntity
[28May2025 18:20:55.556] [main/DEBUG] [mixin/]: Mixing AbstractContainerMenuInvoker from placebo.mixins.json into net.minecraft.world.inventory.AbstractContainerMenu
[28May2025 18:20:55.556] [main/DEBUG] [mixin/]: Mixing AbstractContainerMenuMixin from relics.mixins.json into net.minecraft.world.inventory.AbstractContainerMenu
[28May2025 18:20:55.556] [main/DEBUG] [mixin/]: relics.mixins.json:AbstractContainerMenuMixin: Class version 61 required is higher than the class version supported by the current version of Mixin (JAVA_8 supports class version 52)
[28May2025 18:20:55.568] [main/DEBUG] [mixin/]: Mixing world.block_entity_ticking.sleeping.furnace.AbstractFurnaceBlockEntityMixin from canary.mixins.json into net.minecraft.world.level.block.entity.AbstractFurnaceBlockEntity
[28May2025 18:20:55.608] [main/DEBUG] [mixin/]: Mixing math.fast_util.AABBMixin from canary.mixins.json into net.minecraft.world.phys.AABB
[28May2025 18:20:55.615] [main/DEBUG] [mixin/]: Mixing entity.AbstractArrowMixin from mixins.netherexp.json into net.minecraft.world.entity.projectile.AbstractArrow
[28May2025 18:20:55.615] [main/DEBUG] [mixin/]: Mixing AbstractArrowMixin from alexscaves.mixins.json into net.minecraft.world.entity.projectile.AbstractArrow
[28May2025 18:20:55.625] [main/DEBUG] [mixin/]: Mixing entity.ProjectileMixin from mixins.netherexp.json into net.minecraft.world.entity.projectile.Projectile
[28May2025 18:20:55.625] [main/DEBUG] [mixin/]: Renaming synthetic method lambda$netherexp$entityCollisionCheck$0(Lnet/minecraft/world/entity/LivingEntity;)V to mde990a2$lambda$netherexp$entityCollisionCheck$0$0 in mixins.netherexp.json:entity.ProjectileMixin
[28May2025 18:20:55.647] [main/DEBUG] [mixin/]: Mixing entity.MobMixin from mixins.netherexp.json into net.minecraft.world.entity.Mob
[28May2025 18:20:55.648] [main/DEBUG] [mixin/]: Mixing MobMixin from alexscaves.mixins.json into net.minecraft.world.entity.Mob
[28May2025 18:20:55.649] [main/DEBUG] [mixin/]: Mixing MobMixin from eeeabsmobs.mixins.json into net.minecraft.world.entity.Mob
[28May2025 18:20:55.650] [main/DEBUG] [mixin/]: Mixing features.activation_range.inactive_ticks.MobMixin from servercore.common.mixins.json into net.minecraft.world.entity.Mob
[28May2025 18:20:55.650] [main/DEBUG] [mixin/]: servercore.common.mixins.json:features.activation_range.inactive_ticks.MobMixin: Class version 61 required is higher than the class version supported by the current version of Mixin (JAVA_16 supports class version 60)
[28May2025 18:20:55.650] [main/DEBUG] [mixin/]: Mixing entity.inactive_navigations.MobMixin from canary.mixins.json into net.minecraft.world.entity.Mob
[28May2025 18:20:55.652] [main/DEBUG] [mixin/]: Mixing entity.skip_equipment_change_check.MobMixin from canary.mixins.json into net.minecraft.world.entity.Mob
[28May2025 18:20:55.652] [main/DEBUG] [mixin/]: Mixing MobMixin from tombstone.mixins.json into net.minecraft.world.entity.Mob
[28May2025 18:20:55.653] [main/DEBUG] [mixin/]: Renaming synthetic method lambda$methodSetTarget$2(Lnet/minecraft/world/entity/LivingEntity;Ljava/util/UUID;)Ljava/lang/Boolean; to mde990a2$lambda$methodSetTarget$2$0 in tombstone.mixins.json:MobMixin
[28May2025 18:20:55.654] [main/DEBUG] [mixin/]: Renaming synthetic method lambda$methodCanBeLeashed$1(Lnet/minecraft/world/entity/player/Player;Ljava/util/UUID;)Ljava/lang/Boolean; to mde990a2$lambda$methodCanBeLeashed$1$1 in tombstone.mixins.json:MobMixin
[28May2025 18:20:55.654] [main/DEBUG] [mixin/]: Renaming synthetic method lambda$methodTick$0(Lnet/minecraft/world/entity/Mob;Lovh/corail/tombstone/api/capability/ISpellCaster;)V to mde990a2$lambda$methodTick$0$2 in tombstone.mixins.json:MobMixin
[28May2025 18:20:55.657] [main/DEBUG] [mixin/]: Mixing MixinMob from mixins.epicfight.json into net.minecraft.world.entity.Mob
[28May2025 18:20:55.690] [main/DEBUG] [mixin/]: Mixing MonsterMixin from alexscaves.mixins.json into net.minecraft.world.entity.monster.Monster
[28May2025 18:20:55.693] [main/DEBUG] [mixin/]: Mixing MonsterMixin from tombstone.mixins.json into net.minecraft.world.entity.monster.Monster
[28May2025 18:20:55.733] [main/DEBUG] [mixin/]: Mixing brewing.BrewingStandBlockEntityMixin from mixins.netherexp.json into net.minecraft.world.level.block.entity.BrewingStandBlockEntity
[28May2025 18:20:55.734] [main/DEBUG] [mixin/]: Mixing world.block_entity_ticking.sleeping.brewing_stand.BrewingStandBlockEntityMixin from canary.mixins.json into net.minecraft.world.level.block.entity.BrewingStandBlockEntity
[28May2025 18:20:55.744] [main/DEBUG] [net.minecraftforge.coremod.transformer.CoreModBaseTransformer/COREMOD]: Transforming net/minecraft/world/item/ItemStack
[28May2025 18:20:55.745] [main/DEBUG] [mixin/]: Mixing item.ItemStackMixin from mixins.netherexp.json into net.minecraft.world.item.ItemStack
[28May2025 18:20:55.746] [main/DEBUG] [mixin/]: Mixing ItemStackMixin from placebo.mixins.json into net.minecraft.world.item.ItemStack
[28May2025 18:20:55.747] [main/DEBUG] [mixin/]: Renaming synthetic method lambda$getOrCreate$0(Ljava/util/function/Function;Ljava/util/function/ToIntFunction;Lnet/minecraft/resources/ResourceLocation;)Ldev/shadowsoffire/placebo/util/CachedObject; to mde990a2$lambda$getOrCreate$0$0 in placebo.mixins.json:ItemStackMixin
[28May2025 18:20:55.748] [main/DEBUG] [mixin/]: Mixing ItemStackMixin from relics.mixins.json into net.minecraft.world.item.ItemStack
[28May2025 18:20:55.748] [main/DEBUG] [mixin/]: relics.mixins.json:ItemStackMixin: Class version 61 required is higher than the class version supported by the current version of Mixin (JAVA_8 supports class version 52)
[28May2025 18:20:55.749] [main/DEBUG] [mixin/]: Mixing ItemStackMixin from mixins.irons_spellbooks.json into net.minecraft.world.item.ItemStack
[28May2025 18:20:55.750] [main/DEBUG] [mixin/]: Mixing ItemStackMixin from attributeslib.mixins.json into net.minecraft.world.item.ItemStack
[28May2025 18:20:55.750] [main/DEBUG] [mixin/]: Mixing util.item_stack_tracking.ItemStackMixin from canary.mixins.json into net.minecraft.world.item.ItemStack
[28May2025 18:20:55.752] [main/DEBUG] [mixin/]: Mixing ItemStackMixin from tombstone.mixins.json into net.minecraft.world.item.ItemStack
[28May2025 18:20:55.772] [main/DEBUG] [net.minecraftforge.coremod.transformer.CoreModBaseTransformer/COREMOD]: Transforming getEnchantmentLevel with desc (Lnet/minecraft/world/item/enchantment/Enchantment;)I
[28May2025 18:20:55.772] [main/INFO] [net.minecraftforge.coremod.CoreMod.placebo/COREMODLOG]: Patching IForgeItemStack#getEnchantmentLevel
[28May2025 18:20:55.773] [main/DEBUG] [net.minecraftforge.coremod.transformer.CoreModBaseTransformer/COREMOD]: Transforming getAllEnchantments with desc ()Ljava/util/Map;
[28May2025 18:20:55.773] [main/INFO] [net.minecraftforge.coremod.CoreMod.placebo/COREMODLOG]: Patching IForgeItemStack#getEnchantmentLevel
[28May2025 18:20:55.830] [main/DEBUG] [mixin/]: Mixing MixinWitherBoss from mixins.epicfight.json into net.minecraft.world.entity.boss.wither.WitherBoss
[28May2025 18:20:55.831] [main/DEBUG] [mixin/]: Renaming @Unique method m_7515_()Lnet/minecraft/sounds/SoundEvent; to mde990a2$m_7515_$0 in mixins.epicfight.json:MixinWitherBoss
[28May2025 18:20:55.848] [main/WARN] [mixin/]: @Final field f_31427_:[I in mixins.epicfight.json:MixinWitherBoss should be final
[28May2025 18:20:55.848] [main/WARN] [mixin/]: @Final field f_31428_:[I in mixins.epicfight.json:MixinWitherBoss should be final
[28May2025 18:20:55.881] [main/DEBUG] [mixin/]: Mixing entity.hopper_minecart.HopperBlockEntityMixin from canary.mixins.json into net.minecraft.world.level.block.entity.HopperBlockEntity
[28May2025 18:20:55.883] [main/DEBUG] [mixin/]: Mixing util.inventory_change_listening.StackListReplacementTracking$InventoryChangeTrackingHopperBlockEntity from canary.mixins.json into net.minecraft.world.level.block.entity.HopperBlockEntity
[28May2025 18:20:55.883] [main/DEBUG] [mixin/]: Mixing world.block_entity_ticking.sleeping.hopper.HopperBlockEntityMixin from canary.mixins.json into net.minecraft.world.level.block.entity.HopperBlockEntity
[28May2025 18:20:55.989] [main/DEBUG] [mixin/]: Mixing util.inventory_change_listening.StackListReplacementTracking$InventoryChangeTrackingShulkerBoxBlockEntity from canary.mixins.json into net.minecraft.world.level.block.entity.ShulkerBoxBlockEntity
[28May2025 18:20:55.989] [main/DEBUG] [mixin/]: Mixing world.block_entity_ticking.sleeping.shulker_box.ShulkerBoxBlockEntityMixin from canary.mixins.json into net.minecraft.world.level.block.entity.ShulkerBoxBlockEntity
[28May2025 18:20:56.003] [main/DEBUG] [mixin/]: Mixing features.activation_range.inactive_ticks.AgeableMobMixin from servercore.common.mixins.json into net.minecraft.world.entity.AgeableMob
[28May2025 18:20:56.003] [main/DEBUG] [mixin/]: servercore.common.mixins.json:features.activation_range.inactive_ticks.AgeableMobMixin: Class version 61 required is higher than the class version supported by the current version of Mixin (JAVA_16 supports class version 60)
[28May2025 18:20:56.080] [main/DEBUG] [mixin/]: Mixing util.inventory_change_listening.StackListReplacementTracking$InventoryChangeTrackingBarrelBlockEntity from canary.mixins.json into net.minecraft.world.level.block.entity.BarrelBlockEntity
[28May2025 18:20:56.093] [main/DEBUG] [mixin/]: Mixing SmithingMenuMixin from citadel.mixins.json into net.minecraft.world.inventory.SmithingMenu
[28May2025 18:20:56.101] [main/DEBUG] [mixin/]: Mixing world.block_entity_ticking.sleeping.campfire.CampfireBlockEntityMixin from canary.mixins.json into net.minecraft.world.level.block.entity.CampfireBlockEntity
[28May2025 18:20:56.166] [main/DEBUG] [mixin/]: Mixing MixinLightningBolt from architectury-common.mixins.json into net.minecraft.world.entity.LightningBolt
[28May2025 18:20:56.209] [main/DEBUG] [net.minecraftforge.coremod.transformer.CoreModBaseTransformer/COREMOD]: Transforming net/minecraft/world/entity/animal/frog/Tadpole
[28May2025 18:20:56.223] [main/DEBUG] [mixin/]: Mixing features.activation_range.inactive_ticks.TadpoleMixin from servercore.common.mixins.json into net.minecraft.world.entity.animal.frog.Tadpole
[28May2025 18:20:56.225] [main/DEBUG] [mixin/]: servercore.common.mixins.json:features.activation_range.inactive_ticks.TadpoleMixin: Class version 61 required is higher than the class version supported by the current version of Mixin (JAVA_16 supports class version 60)
[28May2025 18:20:56.241] [main/DEBUG] [mixin/]: Mixing item.BlockItemMixin from mixins.netherexp.json into net.minecraft.world.item.BlockItem
[28May2025 18:20:56.253] [main/DEBUG] [mixin/]: Mixing item.BowItemMixin from mixins.netherexp.json into net.minecraft.world.item.BowItem
[28May2025 18:20:56.267] [main/DEBUG] [net.minecraftforge.coremod.transformer.CoreModBaseTransformer/COREMOD]: Transforming net/minecraft/world/item/BucketItem
[28May2025 18:20:56.267] [main/DEBUG] [mixin/]: Mixing item.BucketItemMixin from mixins.netherexp.json into net.minecraft.world.item.BucketItem
[28May2025 18:20:56.268] [main/DEBUG] [mixin/]: Mixing inject.MixinBucketItem from architectury-common.mixins.json into net.minecraft.world.item.BucketItem
[28May2025 18:20:56.275] [main/DEBUG] [mixin/]: Mixing BundleItemMixin from tombstone.mixins.json into net.minecraft.world.item.BundleItem
[28May2025 18:20:56.275] [main/DEBUG] [mixin/]: Renaming synthetic method lambda$getEnchantmentLevel$0(Lnet/minecraft/world/item/ItemStack;Lovh/corail/tombstone/api/capability/ISoulConsumer;)Ljava/lang/Boolean; to mde990a2$lambda$getEnchantmentLevel$0$0 in tombstone.mixins.json:BundleItemMixin
[28May2025 18:20:56.283] [main/DEBUG] [mixin/]: Mixing optimizations.sync_loads.MapItemMixin from servercore.common.mixins.json into net.minecraft.world.item.MapItem
[28May2025 18:20:56.284] [main/DEBUG] [mixin/]: servercore.common.mixins.json:optimizations.sync_loads.MapItemMixin: Class version 61 required is higher than the class version supported by the current version of Mixin (JAVA_16 supports class version 60)
[28May2025 18:20:56.288] [main/DEBUG] [mixin/]: Mixing MixinShearsItem from curios.mixins.json into net.minecraft.world.item.ShearsItem
[28May2025 18:20:56.291] [main/DEBUG] [mixin/]: Mixing PotionItemMixin from tombstone.mixins.json into net.minecraft.world.item.PotionItem
[28May2025 18:20:56.291] [main/DEBUG] [mixin/]: Renaming synthetic method lambda$methodFinishUsingItemReturn$1(Lnet/minecraft/world/entity/LivingEntity;Lovh/corail/tombstone/api/capability/ITBCapability;)V to mde990a2$lambda$methodFinishUsingItemReturn$1$0 in tombstone.mixins.json:PotionItemMixin
[28May2025 18:20:56.292] [main/DEBUG] [mixin/]: Renaming synthetic method lambda$effectList$0(Lnet/minecraft/world/effect/MobEffectInstance;)Ljava/lang/Integer; to mde990a2$lambda$effectList$0$1 in tombstone.mixins.json:PotionItemMixin
[28May2025 18:20:56.313] [main/DEBUG] [mixin/]: Mixing TridentItemMixin from mixins.irons_spellbooks.json into net.minecraft.world.item.TridentItem
[28May2025 18:20:56.316] [main/DEBUG] [mixin/]: Mixing item.CrossbowItemMixin from mixins.netherexp.json into net.minecraft.world.item.CrossbowItem
[28May2025 18:20:56.316] [main/DEBUG] [mixin/]: Renaming synthetic method lambda$netherexp$crossbowProjectiles$0(Lnet/minecraft/world/item/ItemStack;)Z to mde990a2$lambda$netherexp$crossbowProjectiles$0$0 in mixins.netherexp.json:item.CrossbowItemMixin
[28May2025 18:20:56.327] [main/DEBUG] [mixin/]: Mixing inject.MixinItemProperties from architectury-common.mixins.json into net.minecraft.world.item.Item$Properties
[28May2025 18:20:56.346] [main/DEBUG] [mixin/]: Mixing AbstractMinecartMixin from alexscaves.mixins.json into net.minecraft.world.entity.vehicle.AbstractMinecart
[28May2025 18:20:56.361] [main/DEBUG] [mixin/]: Mixing entity.collisions.unpushable_cramming.AbstractMinecartMixin from canary.mixins.json into net.minecraft.world.entity.vehicle.AbstractMinecart
[28May2025 18:20:56.361] [main/DEBUG] [mixin/]: Mixing entity.replace_entitytype_predicates.AbstractMinecartMixin from canary.mixins.json into net.minecraft.world.entity.vehicle.AbstractMinecart
[28May2025 18:20:56.361] [main/DEBUG] [mixin/]: Renaming synthetic method lambda$getOtherAbstractMinecarts$0(Lnet/minecraft/world/entity/Entity;Lnet/minecraft/world/entity/vehicle/AbstractMinecart;)Z to mde990a2$lambda$getOtherAbstractMinecarts$0$0 in canary.mixins.json:entity.replace_entitytype_predicates.AbstractMinecartMixin
[28May2025 18:20:56.387] [main/DEBUG] [mixin/]: Mixing features.breeding_cap.AllayMixin from servercore.common.mixins.json into net.minecraft.world.entity.animal.allay.Allay
[28May2025 18:20:56.388] [main/DEBUG] [mixin/]: servercore.common.mixins.json:features.breeding_cap.AllayMixin: Class version 61 required is higher than the class version supported by the current version of Mixin (JAVA_16 supports class version 60)
[28May2025 18:20:56.414] [main/DEBUG] [mixin/]: Mixing entity.inactive_navigations.PathNavigationMixin from canary.mixins.json into net.minecraft.world.entity.ai.navigation.PathNavigation
[28May2025 18:20:56.419] [main/DEBUG] [mixin/]: Mixing optimizations.sync_loads.GroundPathNavigationMixin from servercore.common.mixins.json into net.minecraft.world.entity.ai.navigation.GroundPathNavigation
[28May2025 18:20:56.419] [main/DEBUG] [mixin/]: servercore.common.mixins.json:optimizations.sync_loads.GroundPathNavigationMixin: Class version 61 required is higher than the class version supported by the current version of Mixin (JAVA_16 supports class version 60)
[28May2025 18:20:56.423] [main/DEBUG] [mixin/]: Mixing entity.replace_entitytype_predicates.HangingEntityMixin from canary.mixins.json into net.minecraft.world.entity.decoration.HangingEntity
[28May2025 18:20:56.423] [main/DEBUG] [mixin/]: Renaming synthetic method lambda$getAbstractDecorationEntities$0(Lnet/minecraft/world/entity/Entity;Lnet/minecraft/world/entity/decoration/HangingEntity;)Z to mde990a2$lambda$getAbstractDecorationEntities$0$0 in canary.mixins.json:entity.replace_entitytype_predicates.HangingEntityMixin
[28May2025 18:20:56.431] [main/DEBUG] [mixin/]: Mixing features.dynamic.MobCategoryMixin from servercore.common.mixins.json into net.minecraft.world.entity.MobCategory
[28May2025 18:20:56.431] [main/DEBUG] [mixin/]: servercore.common.mixins.json:features.dynamic.MobCategoryMixin: Class version 61 required is higher than the class version supported by the current version of Mixin (JAVA_16 supports class version 60)
[28May2025 18:20:56.436] [main/DEBUG] [mixin/]: Mixing perf.dynamic_dfu.EntityTypeBuilderMixin from modernfix-common.mixins.json into net.minecraft.world.entity.EntityType$Builder
[28May2025 18:20:56.444] [main/DEBUG] [mixin/]: Mixing features.activation_range.inactive_ticks.AreaEffectCloudMixin from servercore.common.mixins.json into net.minecraft.world.entity.AreaEffectCloud
[28May2025 18:20:56.444] [main/DEBUG] [mixin/]: servercore.common.mixins.json:features.activation_range.inactive_ticks.AreaEffectCloudMixin: Class version 61 required is higher than the class version supported by the current version of Mixin (JAVA_16 supports class version 60)
[28May2025 18:20:56.447] [main/DEBUG] [mixin/]: Mixing entity.replace_entitytype_predicates.ArmorStandMixin from canary.mixins.json into net.minecraft.world.entity.decoration.ArmorStand
[28May2025 18:20:56.447] [main/DEBUG] [mixin/]: Renaming synthetic method lambda$getMinecartsDirectly$0(Lnet/minecraft/world/entity/Entity;Lnet/minecraft/world/entity/Entity;)Z to mde990a2$lambda$getMinecartsDirectly$0$0 in canary.mixins.json:entity.replace_entitytype_predicates.ArmorStandMixin
[28May2025 18:20:56.448] [main/DEBUG] [mixin/]: Mixing entity.skip_equipment_change_check.ArmorStandMixin from canary.mixins.json into net.minecraft.world.entity.decoration.ArmorStand
[28May2025 18:20:56.455] [main/DEBUG] [mixin/]: Mixing features.activation_range.inactive_ticks.ArrowMixin from servercore.common.mixins.json into net.minecraft.world.entity.projectile.Arrow
[28May2025 18:20:56.455] [main/DEBUG] [mixin/]: servercore.common.mixins.json:features.activation_range.inactive_ticks.ArrowMixin: Class version 61 required is higher than the class version supported by the current version of Mixin (JAVA_16 supports class version 60)
[28May2025 18:20:56.462] [main/DEBUG] [mixin/]: Mixing features.merging.ExperienceOrbMixin from servercore.common.mixins.json into net.minecraft.world.entity.ExperienceOrb
[28May2025 18:20:56.462] [main/DEBUG] [mixin/]: servercore.common.mixins.json:features.merging.ExperienceOrbMixin: Class version 61 required is higher than the class version supported by the current version of Mixin (JAVA_16 supports class version 60)
[28May2025 18:20:56.469] [main/DEBUG] [mixin/]: Mixing perf.ticking_chunk_alloc.BatMixin from modernfix-common.mixins.json into net.minecraft.world.entity.ambient.Bat
[28May2025 18:20:56.480] [main/DEBUG] [mixin/]: Mixing features.activation_range.inactive_ticks.BeeMixin from servercore.common.mixins.json into net.minecraft.world.entity.animal.Bee
[28May2025 18:20:56.481] [main/DEBUG] [mixin/]: servercore.common.mixins.json:features.activation_range.inactive_ticks.BeeMixin: Class version 61 required is higher than the class version supported by the current version of Mixin (JAVA_16 supports class version 60)
[28May2025 18:20:56.482] [main/DEBUG] [mixin/]: Mixing optimizations.sync_loads.BeeMixin from servercore.common.mixins.json into net.minecraft.world.entity.animal.Bee
[28May2025 18:20:56.482] [main/DEBUG] [mixin/]: servercore.common.mixins.json:optimizations.sync_loads.BeeMixin: Class version 61 required is higher than the class version supported by the current version of Mixin (JAVA_16 supports class version 60)
[28May2025 18:20:56.488] [main/DEBUG] [mixin/]: Mixing features.breeding_cap.tasks.BreedGoalMixin from servercore.common.mixins.json into net.minecraft.world.entity.ai.goal.BreedGoal
[28May2025 18:20:56.489] [main/DEBUG] [mixin/]: servercore.common.mixins.json:features.breeding_cap.tasks.BreedGoalMixin: Class version 61 required is higher than the class version supported by the current version of Mixin (JAVA_16 supports class version 60)
[28May2025 18:20:56.495] [main/DEBUG] [mixin/]: Mixing HurtByTargetGoalMixin from tombstone.mixins.json into net.minecraft.world.entity.ai.goal.target.HurtByTargetGoal
[28May2025 18:20:56.497] [main/DEBUG] [mixin/]: Mixing accessor.TargetGoalAccessor from tombstone.mixins.json into net.minecraft.world.entity.ai.goal.target.TargetGoal
[28May2025 18:20:56.499] [main/DEBUG] [mixin/]: Mixing entity.NearestAttackableTargetGoalMixin from mixins.netherexp.json into net.minecraft.world.entity.ai.goal.target.NearestAttackableTargetGoal
[28May2025 18:20:56.499] [main/DEBUG] [mixin/]: Mixing NearestAttackableTargetGoalMixin from attributeslib.mixins.json into net.minecraft.world.entity.ai.goal.target.NearestAttackableTargetGoal
[28May2025 18:20:56.513] [main/DEBUG] [mixin/]: Mixing entity.collisions.unpushable_cramming.BoatMixin from canary.mixins.json into net.minecraft.world.entity.vehicle.Boat
[28May2025 18:20:56.530] [main/DEBUG] [mixin/]: Mixing features.activation_range.fixes.CatMixin from servercore.common.mixins.json into net.minecraft.world.entity.animal.Cat
[28May2025 18:20:56.531] [main/DEBUG] [mixin/]: servercore.common.mixins.json:features.activation_range.fixes.CatMixin: Class version 61 required is higher than the class version supported by the current version of Mixin (JAVA_16 supports class version 60)
[28May2025 18:20:56.544] [main/DEBUG] [net.minecraftforge.coremod.transformer.CoreModBaseTransformer/COREMOD]: Transforming net/minecraft/world/entity/monster/Spider
[28May2025 18:20:56.582] [main/DEBUG] [mixin/]: Mixing features.activation_range.inactive_ticks.ChickenMixin from servercore.common.mixins.json into net.minecraft.world.entity.animal.Chicken
[28May2025 18:20:56.582] [main/DEBUG] [mixin/]: servercore.common.mixins.json:features.activation_range.inactive_ticks.ChickenMixin: Class version 61 required is higher than the class version supported by the current version of Mixin (JAVA_16 supports class version 60)
[28May2025 18:20:56.593] [main/DEBUG] [mixin/]: Mixing CreeperMixin from mixins.irons_spellbooks.json into net.minecraft.world.entity.monster.Creeper
[28May2025 18:20:56.602] [main/DEBUG] [mixin/]: Mixing AbstractChestedHorseMixin from relics.mixins.json into net.minecraft.world.entity.animal.horse.AbstractChestedHorse
[28May2025 18:20:56.604] [main/DEBUG] [mixin/]: relics.mixins.json:AbstractChestedHorseMixin: Class version 61 required is higher than the class version supported by the current version of Mixin (JAVA_8 supports class version 52)
[28May2025 18:20:56.608] [main/DEBUG] [mixin/]: Mixing entity.AbstractHurtingProjectileMixin from mixins.netherexp.json into net.minecraft.world.entity.projectile.AbstractHurtingProjectile
[28May2025 18:20:56.613] [main/DEBUG] [mixin/]: Mixing entity.inactive_navigations.DrownedMixin from canary.mixins.json into net.minecraft.world.entity.monster.Drowned
[28May2025 18:20:56.616] [main/DEBUG] [net.minecraftforge.coremod.transformer.CoreModBaseTransformer/COREMOD]: Transforming net/minecraft/world/entity/monster/Zombie
[28May2025 18:20:56.675] [main/DEBUG] [mixin/]: Mixing features.mob_spawning.ZombieMixin from servercore.common.mixins.json into net.minecraft.world.entity.monster.Zombie
[28May2025 18:20:56.675] [main/DEBUG] [mixin/]: servercore.common.mixins.json:features.mob_spawning.ZombieMixin: Class version 61 required is higher than the class version supported by the current version of Mixin (JAVA_16 supports class version 60)
[28May2025 18:20:56.687] [main/DEBUG] [net.minecraftforge.coremod.transformer.CoreModBaseTransformer/COREMOD]: Transforming net/minecraft/world/entity/monster/ZombieVillager
[28May2025 18:20:56.725] [main/DEBUG] [mixin/]: Mixing optimizations.sync_loads.RemoveBlockGoalMixin from servercore.common.mixins.json into net.minecraft.world.entity.ai.goal.RemoveBlockGoal
[28May2025 18:20:56.725] [main/DEBUG] [mixin/]: servercore.common.mixins.json:optimizations.sync_loads.RemoveBlockGoalMixin: Class version 61 required is higher than the class version supported by the current version of Mixin (JAVA_16 supports class version 60)
[28May2025 18:20:56.731] [main/DEBUG] [mixin/]: Mixing ThrownTridentMixin from attributeslib.mixins.json into net.minecraft.world.entity.projectile.ThrownTrident
[28May2025 18:20:56.731] [main/DEBUG] [mixin/]: Mixing MixinThrownTrident from mixins.epicfight.json into net.minecraft.world.entity.projectile.ThrownTrident
[28May2025 18:20:56.739] [main/DEBUG] [mixin/]: Mixing entity.inactive_navigations.DrownedGoToBeachGoalMixin from canary.mixins.json into net.minecraft.world.entity.monster.Drowned$DrownedGoToBeachGoal
[28May2025 18:20:56.742] [main/DEBUG] [mixin/]: Mixing features.breeding_cap.ThrownEggMixin from servercore.common.mixins.json into net.minecraft.world.entity.projectile.ThrownEgg
[28May2025 18:20:56.743] [main/DEBUG] [mixin/]: servercore.common.mixins.json:features.breeding_cap.ThrownEggMixin: Class version 61 required is higher than the class version supported by the current version of Mixin (JAVA_16 supports class version 60)
[28May2025 18:20:56.753] [main/DEBUG] [mixin/]: Mixing MixinEndCrystal from mixins.epicfight.json into net.minecraft.world.entity.boss.enderdragon.EndCrystal
[28May2025 18:20:56.769] [main/DEBUG] [mixin/]: Mixing EnderManMixin from relics.mixins.json into net.minecraft.world.entity.monster.EnderMan
[28May2025 18:20:56.769] [main/DEBUG] [mixin/]: relics.mixins.json:EnderManMixin: Class version 61 required is higher than the class version supported by the current version of Mixin (JAVA_8 supports class version 52)
[28May2025 18:20:56.777] [main/DEBUG] [mixin/]: Mixing ai.raid.RaiderMixin from canary.mixins.json into net.minecraft.world.entity.raid.Raider
[28May2025 18:20:56.777] [main/DEBUG] [mixin/]: Renaming synthetic method lambda$static$0(Lnet/minecraft/world/entity/item/ItemEntity;)Z to mde990a2$lambda$static$0$0 in canary.mixins.json:ai.raid.RaiderMixin
[28May2025 18:20:56.784] [main/DEBUG] [mixin/]: Mixing ai.raid.ObtainRaidLeaderBannerGoalMixin from canary.mixins.json into net.minecraft.world.entity.raid.Raider$ObtainRaidLeaderBannerGoal
[28May2025 18:20:56.786] [main/DEBUG] [mixin/]: Mixing ai.poi.tasks.RaiderMoveThroughVillageGoalMixin from canary.mixins.json into net.minecraft.world.entity.raid.Raider$RaiderMoveThroughVillageGoal
[28May2025 18:20:56.791] [main/DEBUG] [net.minecraftforge.coremod.transformer.CoreModBaseTransformer/COREMOD]: Transforming net/minecraft/world/entity/monster/Evoker$EvokerSummonSpellGoal
[28May2025 18:20:56.814] [main/DEBUG] [mixin/]: Mixing FrogMixin from alexscaves.mixins.json into net.minecraft.world.entity.animal.frog.Frog
[28May2025 18:20:56.823] [main/DEBUG] [mixin/]: Mixing entity.replace_entitytype_predicates.ItemFrameMixin from canary.mixins.json into net.minecraft.world.entity.decoration.ItemFrame
[28May2025 18:20:56.823] [main/DEBUG] [mixin/]: Renaming synthetic method lambda$getAbstractDecorationEntities$0(Lnet/minecraft/world/entity/Entity;Lnet/minecraft/world/entity/decoration/HangingEntity;)Z to mde990a2$lambda$getAbstractDecorationEntities$0$0 in canary.mixins.json:entity.replace_entitytype_predicates.ItemFrameMixin
[28May2025 18:20:56.841] [main/DEBUG] [mixin/]: Mixing entity.replace_entitytype_predicates.GolemRandomStrollInVillageGoalMixin from canary.mixins.json into net.minecraft.world.entity.ai.goal.GolemRandomStrollInVillageGoal
[28May2025 18:20:56.849] [main/DEBUG] [mixin/]: Mixing entity.replace_entitytype_predicates.LlamaFollowCaravanGoalMixin from canary.mixins.json into net.minecraft.world.entity.ai.goal.LlamaFollowCaravanGoal
[28May2025 18:20:56.849] [main/DEBUG] [mixin/]: Renaming synthetic method lambda$getLlamasForCaravan$0(Lnet/minecraft/world/entity/Entity;Lnet/minecraft/world/entity/animal/horse/Llama;)Z to mde990a2$lambda$getLlamasForCaravan$0$0 in canary.mixins.json:entity.replace_entitytype_predicates.LlamaFollowCaravanGoalMixin
[28May2025 18:20:56.858] [main/DEBUG] [mixin/]: Mixing features.activation_range.fixes.OcelotMixin from servercore.common.mixins.json into net.minecraft.world.entity.animal.Ocelot
[28May2025 18:20:56.858] [main/DEBUG] [mixin/]: servercore.common.mixins.json:features.activation_range.fixes.OcelotMixin: Class version 61 required is higher than the class version supported by the current version of Mixin (JAVA_16 supports class version 60)
[28May2025 18:20:56.904] [main/DEBUG] [mixin/]: Mixing features.activation_range.inactive_ticks.SkeletonHorseMixin from servercore.common.mixins.json into net.minecraft.world.entity.animal.horse.SkeletonHorse
[28May2025 18:20:56.905] [main/DEBUG] [mixin/]: servercore.common.mixins.json:features.activation_range.inactive_ticks.SkeletonHorseMixin: Class version 61 required is higher than the class version supported by the current version of Mixin (JAVA_16 supports class version 60)
[28May2025 18:20:56.907] [main/DEBUG] [net.minecraftforge.coremod.transformer.CoreModBaseTransformer/COREMOD]: Transforming net/minecraft/world/entity/animal/horse/SkeletonTrapGoal
[28May2025 18:20:56.919] [main/DEBUG] [mixin/]: Mixing features.mob_spawning.BaseSpawnerMixin from servercore.common.mixins.json into net.minecraft.world.level.BaseSpawner
[28May2025 18:20:56.919] [main/DEBUG] [mixin/]: servercore.common.mixins.json:features.mob_spawning.BaseSpawnerMixin: Class version 61 required is higher than the class version supported by the current version of Mixin (JAVA_16 supports class version 60)
[28May2025 18:20:56.922] [main/DEBUG] [mixin/]: Mixing features.activation_range.inactive_ticks.SpectralArrowMixin from servercore.common.mixins.json into net.minecraft.world.entity.projectile.SpectralArrow
[28May2025 18:20:56.922] [main/DEBUG] [mixin/]: servercore.common.mixins.json:features.activation_range.inactive_ticks.SpectralArrowMixin: Class version 61 required is higher than the class version supported by the current version of Mixin (JAVA_16 supports class version 60)
[28May2025 18:20:56.925] [main/DEBUG] [net.minecraftforge.coremod.transformer.CoreModBaseTransformer/COREMOD]: Transforming net/minecraft/world/entity/monster/Strider
[28May2025 18:20:56.949] [main/DEBUG] [mixin/]: Mixing entity.StriderMixin from mixins.netherexp.json into net.minecraft.world.entity.monster.Strider
[28May2025 18:20:56.968] [main/DEBUG] [mixin/]: Mixing entity.data_tracker.use_arrays.SynchedEntityDataMixin from canary.mixins.json into net.minecraft.network.syncher.SynchedEntityData
[28May2025 18:20:56.972] [main/DEBUG] [mixin/]: Mixing entity.data_tracker.no_locks.SynchedEntityDataMixin from canary.mixins.json into net.minecraft.network.syncher.SynchedEntityData
[28May2025 18:20:56.982] [main/DEBUG] [mixin/]: Mixing MixinHurtableEntityPatch from cdmoveset.mixins.json into yesman.epicfight.world.capabilities.entitypatch.HurtableEntityPatch
[28May2025 18:20:56.988] [main/WARN] [net.minecraft.network.syncher.SynchedEntityData/]: defineId called for: class net.minecraft.world.entity.LivingEntity from class yesman.epicfight.world.capabilities.entitypatch.LivingEntityPatch
[28May2025 18:20:56.988] [main/WARN] [net.minecraft.network.syncher.SynchedEntityData/]: defineId called for: class net.minecraft.world.entity.LivingEntity from class yesman.epicfight.world.capabilities.entitypatch.LivingEntityPatch
[28May2025 18:20:56.989] [main/WARN] [net.minecraft.network.syncher.SynchedEntityData/]: defineId called for: class net.minecraft.world.entity.LivingEntity from class yesman.epicfight.world.capabilities.entitypatch.LivingEntityPatch
[28May2025 18:20:56.989] [main/WARN] [net.minecraft.network.syncher.SynchedEntityData/]: defineId called for: class net.minecraft.world.entity.LivingEntity from class yesman.epicfight.world.capabilities.entitypatch.LivingEntityPatch
[28May2025 18:20:57.000] [main/DEBUG] [mixin/]: Mixing ai.sensor.secondary_poi.SecondaryPoiSensorMixin from canary.mixins.json into net.minecraft.world.entity.ai.sensing.SecondaryPoiSensor
[28May2025 18:20:57.013] [main/DEBUG] [mixin/]: Mixing util.world_border_listener.WorldBorderMixin from canary.mixins.json into net.minecraft.world.level.border.WorldBorder
[28May2025 18:20:57.021] [main/DEBUG] [mixin/]: Mixing perf.ticking_chunk_alloc.ChunkAccessMixin from modernfix-common.mixins.json into net.minecraft.world.level.chunk.ChunkAccess
[28May2025 18:20:57.026] [main/DEBUG] [mixin/]: Mixing world.inline_block_access.LevelChunkMixin from canary.mixins.json into net.minecraft.world.level.chunk.LevelChunk
[28May2025 18:20:57.027] [main/DEBUG] [mixin/]: Mixing optimizations.ticking.chunk.random.LevelChunkMixin from servercore.common.mixins.json into net.minecraft.world.level.chunk.LevelChunk
[28May2025 18:20:57.027] [main/DEBUG] [mixin/]: servercore.common.mixins.json:optimizations.ticking.chunk.random.LevelChunkMixin: Class version 61 required is higher than the class version supported by the current version of Mixin (JAVA_16 supports class version 60)
[28May2025 18:20:57.027] [main/DEBUG] [mixin/]: Mixing world.block_entity_ticking.sleeping.LevelChunkMixin from canary.mixins.json into net.minecraft.world.level.chunk.LevelChunk
[28May2025 18:20:57.028] [main/DEBUG] [mixin/]: Mixing world.combined_heightmap_update.LevelChunkMixin from canary.mixins.json into net.minecraft.world.level.chunk.LevelChunk
[28May2025 18:20:57.030] [main/DEBUG] [mixin/]: Mixing world.inline_height.LevelChunkMixin from canary.mixins.json into net.minecraft.world.level.chunk.LevelChunk
[28May2025 18:20:57.061] [main/DEBUG] [net.minecraftforge.coremod.transformer.CoreModBaseTransformer/COREMOD]: Transforming net/minecraft/world/entity/npc/Villager
[28May2025 18:20:57.146] [main/DEBUG] [mixin/]: Mixing features.activation_range.inactive_ticks.VillagerMixin from servercore.common.mixins.json into net.minecraft.world.entity.npc.Villager
[28May2025 18:20:57.147] [main/DEBUG] [mixin/]: servercore.common.mixins.json:features.activation_range.inactive_ticks.VillagerMixin: Class version 61 required is higher than the class version supported by the current version of Mixin (JAVA_16 supports class version 60)
[28May2025 18:20:57.148] [main/DEBUG] [mixin/]: Mixing features.ticking.VillagerMixin from servercore.common.mixins.json into net.minecraft.world.entity.npc.Villager
[28May2025 18:20:57.148] [main/DEBUG] [mixin/]: servercore.common.mixins.json:features.ticking.VillagerMixin: Class version 61 required is higher than the class version supported by the current version of Mixin (JAVA_16 supports class version 60)
[28May2025 18:20:57.150] [main/DEBUG] [mixin/]: Mixing accessor.VillagerAccessor from tombstone.mixins.json into net.minecraft.world.entity.npc.Villager
[28May2025 18:20:57.185] [main/DEBUG] [mixin/]: Mixing entity.collisions.unpushable_cramming.EntitySelectorMixin from canary.mixins.json into net.minecraft.world.entity.EntitySelector
[28May2025 18:20:57.196] [main/DEBUG] [mixin/]: Mixing inject.MixinFoodPropertiesBuilder from architectury-common.mixins.json into net.minecraft.world.food.FoodProperties$Builder
[28May2025 18:20:57.198] [main/DEBUG] [net.minecraftforge.coremod.transformer.CoreModBaseTransformer/COREMOD]: Transforming net/minecraft/world/effect/MobEffectInstance
[28May2025 18:20:57.222] [main/DEBUG] [mixin/]: Mixing bugfix.forge_vehicle_packets.ServerGamePacketListenerImplMixin from modernfix-forge.mixins.json into net.minecraft.server.network.ServerGamePacketListenerImpl
[28May2025 18:20:57.223] [main/DEBUG] [mixin/]: Mixing features.misc.ServerGamePacketListenerImplMixin from servercore.common.mixins.json into net.minecraft.server.network.ServerGamePacketListenerImpl
[28May2025 18:20:57.223] [main/DEBUG] [mixin/]: servercore.common.mixins.json:features.misc.ServerGamePacketListenerImplMixin: Class version 61 required is higher than the class version supported by the current version of Mixin (JAVA_16 supports class version 60)
[28May2025 18:20:57.225] [main/DEBUG] [mixin/]: Mixing MixinServerGamePacketListenerImpl from mixins.epicfight.json into net.minecraft.server.network.ServerGamePacketListenerImpl
[28May2025 18:20:57.241] [main/DEBUG] [mixin/]: Mixing brewing.PotionBrewingAccessor from mixins.netherexp.json into net.minecraft.world.item.alchemy.PotionBrewing
[28May2025 18:20:57.241] [main/DEBUG] [mixin/]: Renaming @Invoker method netherexp$addMix(Lnet/minecraft/world/item/alchemy/Potion;Lnet/minecraft/world/item/Item;Lnet/minecraft/world/item/alchemy/Potion;)V to netherexp$addMix_$md$e990a2$0 in mixins.netherexp.json:brewing.PotionBrewingAccessor
[28May2025 18:20:57.241] [main/DEBUG] [mixin/]: Mixing brewing.PotionBrewingMixin from mixins.netherexp.json into net.minecraft.world.item.alchemy.PotionBrewing
[28May2025 18:20:57.248] [main/DEBUG] [mixin/]: Mixing perf.nbt_memory_usage.CompoundTagMixin from modernfix-common.mixins.json into net.minecraft.nbt.CompoundTag
[28May2025 18:20:57.248] [main/DEBUG] [mixin/]: Mixing alloc.nbt.CompoundTagMixin from canary.mixins.json into net.minecraft.nbt.CompoundTag
[28May2025 18:20:57.300] [main/DEBUG] [mixin/]: Mixing perf.nbt_memory_usage.CompoundTag1Mixin from modernfix-common.mixins.json into net.minecraft.nbt.CompoundTag$1
[28May2025 18:20:57.300] [main/DEBUG] [mixin/]: Mixing alloc.nbt.CompoundTagMixin$Type from canary.mixins.json into net.minecraft.nbt.CompoundTag$1
[28May2025 18:20:57.366] [main/DEBUG] [mixin/]: Mixing StructureProcessorAccessor from cataclysm.mixins.json into net.minecraft.world.level.levelgen.structure.templatesystem.StructureProcessor
[28May2025 18:20:57.367] [main/DEBUG] [mixin/]: Mixing StructureProcessorAccessor from legendary_monsters.mixins.json into net.minecraft.world.level.levelgen.structure.templatesystem.StructureProcessor
[28May2025 18:20:57.367] [main/DEBUG] [mixin/]: Unexpected: Registered method callGetType()Lnet/minecraft/world/level/levelgen/structure/templatesystem/StructureProcessorType; in net.minecraft.world.level.levelgen.structure.templatesystem.StructureProcessor was not merged
[28May2025 18:20:57.387] [main/DEBUG] [mixin/]: Mixing world.combined_heightmap_update.HeightmapAccessor from canary.mixins.json into net.minecraft.world.level.levelgen.Heightmap
[28May2025 18:20:57.390] [main/DEBUG] [mixin/]: Mixing perf.dynamic_structure_manager.StructureManagerMixin from modernfix-common.mixins.json into net.minecraft.world.level.levelgen.structure.templatesystem.StructureTemplateManager
[28May2025 18:20:57.391] [main/DEBUG] [mixin/]: Mixing perf.cache_upgraded_structures.StructureManagerMixin from modernfix-common.mixins.json into net.minecraft.world.level.levelgen.structure.templatesystem.StructureTemplateManager
[28May2025 18:20:57.399] [main/DEBUG] [mixin/]: Mixing ChunkGeneratorMixin from citadel.mixins.json into net.minecraft.world.level.chunk.ChunkGenerator
[28May2025 18:20:57.400] [main/DEBUG] [mixin/]: Mixing optimizations.tickets.ChunkGeneratorMixin from servercore.common.mixins.json into net.minecraft.world.level.chunk.ChunkGenerator
[28May2025 18:20:57.400] [main/DEBUG] [mixin/]: servercore.common.mixins.json:optimizations.tickets.ChunkGeneratorMixin: Class version 61 required is higher than the class version supported by the current version of Mixin (JAVA_16 supports class version 60)
[28May2025 18:20:57.430] [main/DEBUG] [mixin/]: Mixing MixinInventory from curios.mixins.json into net.minecraft.world.entity.player.Inventory
[28May2025 18:20:57.439] [main/DEBUG] [mixin/]: Mixing brewing.PotionSlotMixin from mixins.netherexp.json into net.minecraft.world.inventory.BrewingStandMenu$PotionSlot
[28May2025 18:20:57.453] [main/DEBUG] [mixin/]: Mixing accessor.ShapedRecipeAccessor from tombstone.mixins.json into net.minecraft.world.item.crafting.ShapedRecipe
[28May2025 18:20:57.527] [main/DEBUG] [mixin/]: Mixing EnchantRandomlyFunctionMixin from alexscaves.mixins.json into net.minecraft.world.level.storage.loot.functions.EnchantRandomlyFunction
[28May2025 18:20:57.528] [main/DEBUG] [mixin/]: Renaming synthetic method lambda$ac_enchantItem$0(ZLnet/minecraft/world/item/ItemStack;Lnet/minecraft/world/item/enchantment/Enchantment;)Z to mde990a2$lambda$ac_enchantItem$0$0 in alexscaves.mixins.json:EnchantRandomlyFunctionMixin
[28May2025 18:20:57.544] [main/DEBUG] [mixin/]: Mixing MixinApplyBonusCount from curios.mixins.json into net.minecraft.world.level.storage.loot.functions.ApplyBonusCount
[28May2025 18:20:57.576] [main/DEBUG] [mixin/]: Mixing collections.mob_spawning.WeightedRandomListMixin from canary.mixins.json into net.minecraft.util.random.WeightedRandomList
[28May2025 18:20:57.636] [main/DEBUG] [mixin/]: Mixing MultifaceGrowthFeatureMixin from alexscaves.mixins.json into net.minecraft.world.level.levelgen.feature.MultifaceGrowthFeature
[28May2025 18:20:57.637] [main/DEBUG] [mixin/]: Mixing NoMultifaceGrowthFeatureInStructuresMixin from cataclysm.mixins.json into net.minecraft.world.level.levelgen.feature.MultifaceGrowthFeature
[28May2025 18:20:57.640] [main/DEBUG] [mixin/]: Mixing NoMagmaBlockInStructuresMixin from cataclysm.mixins.json into net.minecraft.world.level.levelgen.feature.UnderwaterMagmaFeature
[28May2025 18:20:57.644] [main/DEBUG] [mixin/]: Mixing NoLakesInStructuresMixin from cataclysm.mixins.json into net.minecraft.world.level.levelgen.feature.LakeFeature
[28May2025 18:20:57.647] [main/DEBUG] [mixin/]: Mixing NoOreInStructuresMixin from cataclysm.mixins.json into net.minecraft.world.level.levelgen.feature.OreFeature
[28May2025 18:20:57.650] [main/DEBUG] [mixin/]: Mixing SeagrassFeatureMixin from alexscaves.mixins.json into net.minecraft.world.level.levelgen.feature.SeagrassFeature
[28May2025 18:20:57.651] [main/DEBUG] [mixin/]: Mixing KelpFeatureMixin from alexscaves.mixins.json into net.minecraft.world.level.levelgen.feature.KelpFeature
[28May2025 18:20:57.653] [main/DEBUG] [mixin/]: Mixing CoralFeatureMixin from alexscaves.mixins.json into net.minecraft.world.level.levelgen.feature.CoralFeature
[28May2025 18:20:57.657] [main/DEBUG] [mixin/]: Mixing worldgen.BasaltColumnsFeatureMixin from mixins.netherexp.json into net.minecraft.world.level.levelgen.feature.BasaltColumnsFeature
[28May2025 18:20:57.657] [main/DEBUG] [mixin/]: Mixing NoBasaltColumnsInStructuresMixin from cataclysm.mixins.json into net.minecraft.world.level.levelgen.feature.BasaltColumnsFeature
[28May2025 18:20:57.659] [main/DEBUG] [mixin/]: Mixing worldgen.DeltaFeatureMixin from mixins.netherexp.json into net.minecraft.world.level.levelgen.feature.DeltaFeature
[28May2025 18:20:57.659] [main/DEBUG] [mixin/]: Mixing NoDeltasInStructuresMixin from cataclysm.mixins.json into net.minecraft.world.level.levelgen.feature.DeltaFeature
[28May2025 18:20:57.665] [main/DEBUG] [mixin/]: Mixing NoGeodeInStructuresMixin from cataclysm.mixins.json into net.minecraft.world.level.levelgen.feature.GeodeFeature
[28May2025 18:20:57.756] [main/DEBUG] [net.minecraftforge.coremod.transformer.CoreModBaseTransformer/COREMOD]: Transforming net/minecraft/world/level/levelgen/structure/Structure
[28May2025 18:20:57.790] [main/DEBUG] [net.minecraftforge.coremod.transformer.CoreModBaseTransformer/COREMOD]: Transforming net/minecraft/world/level/levelgen/structure/structures/OceanRuinPieces$OceanRuinPiece
[28May2025 18:20:57.810] [main/DEBUG] [net.minecraftforge.coremod.transformer.CoreModBaseTransformer/COREMOD]: Transforming net/minecraft/world/level/levelgen/structure/structures/SwampHutPiece
[28May2025 18:20:57.825] [main/DEBUG] [mixin/]: Mixing SwampHutPieceMixin from alexscaves.mixins.json into net.minecraft.world.level.levelgen.structure.structures.SwampHutPiece
[28May2025 18:20:57.829] [main/WARN] [mixin/]: Mixin alexscaves.mixins.json:SwampHutPieceMixin has multiple constructors, (Lnet/minecraft/world/level/levelgen/structure/pieces/StructurePieceType;IIIIIILnet/minecraft/core/Direction;)V was selected

[28May2025 18:20:57.834] [main/DEBUG] [net.minecraftforge.coremod.transformer.CoreModBaseTransformer/COREMOD]: Transforming net/minecraft/world/level/levelgen/structure/structures/OceanMonumentPieces$OceanMonumentPiece
[28May2025 18:20:57.862] [main/DEBUG] [net.minecraftforge.coremod.transformer.CoreModBaseTransformer/COREMOD]: Transforming net/minecraft/world/level/levelgen/structure/structures/WoodlandMansionPieces$WoodlandMansionPiece
[28May2025 18:20:57.877] [main/DEBUG] [mixin/]: Mixing collections.mob_spawning.MobSpawnSettingsMixin from canary.mixins.json into net.minecraft.world.level.biome.MobSpawnSettings
[28May2025 18:20:57.889] [main/DEBUG] [mixin/]: Mixing JigsawStructureMixin from alexscaves.mixins.json into net.minecraft.world.level.levelgen.structure.structures.JigsawStructure
[28May2025 18:20:57.889] [main/DEBUG] [net.minecraftforge.coremod.transformer.CoreModBaseTransformer/COREMOD]: Transforming net/minecraft/world/level/levelgen/structure/Structure
[28May2025 18:20:57.893] [main/DEBUG] [mixin/]: Mixing accessor.StructureTemplatePoolAccessor from cataclysm.mixins.json into net.minecraft.world.level.levelgen.structure.pools.StructureTemplatePool
[28May2025 18:20:57.902] [main/DEBUG] [mixin/]: Mixing OceanMonumentStructureMixin from alexscaves.mixins.json into net.minecraft.world.level.levelgen.structure.structures.OceanMonumentStructure
[28May2025 18:20:57.909] [main/DEBUG] [mixin/]: Mixing ShipwreckStructureMixin from alexscaves.mixins.json into net.minecraft.world.level.levelgen.structure.structures.ShipwreckStructure
[28May2025 18:20:57.958] [main/DEBUG] [mixin/]: Mixing biome.BiomeSourceMixin from mixins.elysium_api.json into net.minecraft.world.level.biome.BiomeSource
[28May2025 18:20:57.959] [main/DEBUG] [mixin/]: Mixing BiomeSourceMixin from alexscaves.mixins.json into net.minecraft.world.level.biome.BiomeSource
[28May2025 18:20:57.960] [main/DEBUG] [mixin/]: Mixing BiomeSourceMixin from mixins.mofus_better_end_.json into net.minecraft.world.level.biome.BiomeSource
[28May2025 18:20:57.964] [main/DEBUG] [net.minecraftforge.coremod.transformer.CoreModBaseTransformer/COREMOD]: Transforming net/minecraft/world/level/biome/Biome
[28May2025 18:20:57.965] [main/DEBUG] [mixin/]: Mixing perf.remove_biome_temperature_cache.BiomeMixin from modernfix-common.mixins.json into net.minecraft.world.level.biome.Biome
[28May2025 18:20:57.966] [main/DEBUG] [mixin/]: Mixing biomeTemperatureLeak.Biome_threadLocalMixin from memoryleakfix.mixins.json into net.minecraft.world.level.biome.Biome
[28May2025 18:20:57.966] [main/DEBUG] [mixin/]: Mixing world.chunk_ticking.spread_ice.BiomeMixin from canary.mixins.json into net.minecraft.world.level.biome.Biome
[28May2025 18:20:58.005] [main/DEBUG] [mixin/]: Mixing MultiNoiseBiomeSourceMixin from alexscaves.mixins.json into net.minecraft.world.level.biome.MultiNoiseBiomeSource
[28May2025 18:20:58.007] [main/DEBUG] [mixin/]: Mixing biome.MultiNoiseBiomeSourceMixin from mixins.elysium_api.json into net.minecraft.world.level.biome.MultiNoiseBiomeSource
[28May2025 18:20:58.027] [main/DEBUG] [mixin/]: Mixing TheEndBiomeSourceMixin from mixins.mofus_better_end_.json into net.minecraft.world.level.biome.TheEndBiomeSource
[28May2025 18:20:58.028] [main/DEBUG] [mixin/]: Renaming synthetic method lambda$init$1(Lnet/minecraft/core/HolderGetter;)Ljava/lang/Object; to mde990a2$lambda$init$1$0 in mixins.mofus_better_end_.json:TheEndBiomeSourceMixin
[28May2025 18:20:58.028] [main/DEBUG] [mixin/]: Renaming synthetic method lambda$modifyCodec$0(Lcom/mojang/serialization/codecs/RecordCodecBuilder$Instance;)Lcom/mojang/datafixers/kinds/App; to mde990a2$lambda$modifyCodec$0$1 in mixins.mofus_better_end_.json:TheEndBiomeSourceMixin
[28May2025 18:20:58.045] [main/DEBUG] [mixin/]: Mixing NoiseBasedChunkGeneratorMixin from citadel.mixins.json into net.minecraft.world.level.levelgen.NoiseBasedChunkGenerator
[28May2025 18:20:58.053] [main/DEBUG] [mixin/]: Mixing biome.NoiseGeneratorSettingsAccessor from mixins.elysium_api.json into net.minecraft.world.level.levelgen.NoiseGeneratorSettings
[28May2025 18:20:58.054] [main/DEBUG] [mixin/]: Mixing NoiseGeneratorSettingsAccess from mixins.mofus_better_end_.json into net.minecraft.world.level.levelgen.NoiseGeneratorSettings
[28May2025 18:20:58.127] [main/DEBUG] [mixin/]: Mixing accessor.SinglePoolElementAccessor from cataclysm.mixins.json into net.minecraft.world.level.levelgen.structure.pools.SinglePoolElement
[28May2025 18:20:58.131] [main/DEBUG] [mixin/]: Mixing accessor.ListPoolElementAccessor from cataclysm.mixins.json into net.minecraft.world.level.levelgen.structure.pools.ListPoolElement
[28May2025 18:20:58.132] [main/DEBUG] [mixin/]: Mixing accessor.FeaturePoolElementAccessor from cataclysm.mixins.json into net.minecraft.world.level.levelgen.structure.pools.FeaturePoolElement
[28May2025 18:20:58.223] [main/DEBUG] [net.minecraftforge.common.ForgeI18n/CORE]: Loading I18N data entries: 6430
[28May2025 18:20:58.240] [main/DEBUG] [net.minecraftforge.fml.ModWorkManager/LOADING]: Using 4 threads for parallel mod-loading
[28May2025 18:20:58.247] [main/DEBUG] [net.minecraftforge.fml.javafmlmod.FMLJavaModLanguageProvider/LOADING]: Loading FMLModContainer from classloader cpw.mods.modlauncher.TransformingClassLoader@1f95881a - got cpw.mods.cl.ModuleClassLoader@7906578e
[28May2025 18:20:58.247] [main/DEBUG] [net.minecraftforge.fml.javafmlmod.FMLModContainer/LOADING]: Creating FMLModContainer instance for com.bobmowzie.mowziesmobs.MowziesMobs
[28May2025 18:20:58.250] [main/DEBUG] [net.minecraftforge.fml.javafmlmod.FMLJavaModLanguageProvider/LOADING]: Loading FMLModContainer from classloader cpw.mods.modlauncher.TransformingClassLoader@1f95881a - got cpw.mods.cl.ModuleClassLoader@7906578e
[28May2025 18:20:58.250] [main/DEBUG] [net.minecraftforge.fml.javafmlmod.FMLModContainer/LOADING]: Creating FMLModContainer instance for net.jadenxgamer.netherexp.NetherExp
[28May2025 18:20:58.250] [main/DEBUG] [net.minecraftforge.fml.javafmlmod.FMLJavaModLanguageProvider/LOADING]: Loading FMLModContainer from classloader cpw.mods.modlauncher.TransformingClassLoader@1f95881a - got cpw.mods.cl.ModuleClassLoader@7906578e
[28May2025 18:20:58.250] [main/DEBUG] [net.minecraftforge.fml.javafmlmod.FMLModContainer/LOADING]: Creating FMLModContainer instance for com.yukami.epicironcompat.EpicFightIronCompat
[28May2025 18:20:58.251] [main/DEBUG] [net.minecraftforge.fml.javafmlmod.FMLJavaModLanguageProvider/LOADING]: Loading FMLModContainer from classloader cpw.mods.modlauncher.TransformingClassLoader@1f95881a - got cpw.mods.cl.ModuleClassLoader@7906578e
[28May2025 18:20:58.251] [main/DEBUG] [net.minecraftforge.fml.javafmlmod.FMLModContainer/LOADING]: Creating FMLModContainer instance for software.bernie.example.GeckoLibMod
[28May2025 18:20:58.251] [main/DEBUG] [net.minecraftforge.fml.javafmlmod.FMLJavaModLanguageProvider/LOADING]: Loading FMLModContainer from classloader cpw.mods.modlauncher.TransformingClassLoader@1f95881a - got cpw.mods.cl.ModuleClassLoader@7906578e
[28May2025 18:20:58.251] [main/DEBUG] [net.minecraftforge.fml.javafmlmod.FMLModContainer/LOADING]: Creating FMLModContainer instance for dev.kosmx.playerAnim.forge.ForgeModInterface
[28May2025 18:20:58.252] [main/DEBUG] [net.minecraftforge.fml.javafmlmod.FMLJavaModLanguageProvider/LOADING]: Loading FMLModContainer from classloader cpw.mods.modlauncher.TransformingClassLoader@1f95881a - got cpw.mods.cl.ModuleClassLoader@7906578e
[28May2025 18:20:58.252] [main/DEBUG] [net.minecraftforge.fml.javafmlmod.FMLModContainer/LOADING]: Creating FMLModContainer instance for net.jadenxgamer.elysium_api.Elysium
[28May2025 18:20:58.252] [main/DEBUG] [net.minecraftforge.fml.javafmlmod.FMLJavaModLanguageProvider/LOADING]: Loading FMLModContainer from classloader cpw.mods.modlauncher.TransformingClassLoader@1f95881a - got cpw.mods.cl.ModuleClassLoader@7906578e
[28May2025 18:20:58.252] [main/DEBUG] [net.minecraftforge.fml.javafmlmod.FMLModContainer/LOADING]: Creating FMLModContainer instance for net.temporal.mowzies_cataclysm.MowziesCataclysm
[28May2025 18:20:58.253] [main/DEBUG] [net.minecraftforge.fml.javafmlmod.FMLJavaModLanguageProvider/LOADING]: Loading FMLModContainer from classloader cpw.mods.modlauncher.TransformingClassLoader@1f95881a - got cpw.mods.cl.ModuleClassLoader@7906578e
[28May2025 18:20:58.253] [main/DEBUG] [net.minecraftforge.fml.javafmlmod.FMLModContainer/LOADING]: Creating FMLModContainer instance for top.theillusivec4.caelus.Caelus
[28May2025 18:20:58.253] [main/DEBUG] [net.minecraftforge.fml.javafmlmod.FMLJavaModLanguageProvider/LOADING]: Loading FMLModContainer from classloader cpw.mods.modlauncher.TransformingClassLoader@1f95881a - got cpw.mods.cl.ModuleClassLoader@7906578e
[28May2025 18:20:58.254] [main/DEBUG] [net.minecraftforge.fml.javafmlmod.FMLModContainer/LOADING]: Creating FMLModContainer instance for journeymap.common.Journeymap
[28May2025 18:20:58.254] [main/DEBUG] [net.minecraftforge.fml.javafmlmod.FMLJavaModLanguageProvider/LOADING]: Loading FMLModContainer from classloader cpw.mods.modlauncher.TransformingClassLoader@1f95881a - got cpw.mods.cl.ModuleClassLoader@7906578e
[28May2025 18:20:58.255] [main/DEBUG] [net.minecraftforge.fml.javafmlmod.FMLModContainer/LOADING]: Creating FMLModContainer instance for dev.shadowsoffire.placebo.Placebo
[28May2025 18:20:58.255] [main/DEBUG] [net.minecraftforge.fml.javafmlmod.FMLJavaModLanguageProvider/LOADING]: Loading FMLModContainer from classloader cpw.mods.modlauncher.TransformingClassLoader@1f95881a - got cpw.mods.cl.ModuleClassLoader@7906578e
[28May2025 18:20:58.255] [main/DEBUG] [net.minecraftforge.fml.javafmlmod.FMLModContainer/LOADING]: Creating FMLModContainer instance for org.embeddedt.modernfix.forge.init.ModernFixForge
[28May2025 18:20:58.256] [main/DEBUG] [net.minecraftforge.fml.javafmlmod.FMLJavaModLanguageProvider/LOADING]: Loading FMLModContainer from classloader cpw.mods.modlauncher.TransformingClassLoader@1f95881a - got cpw.mods.cl.ModuleClassLoader@7906578e
[28May2025 18:20:58.256] [main/DEBUG] [net.minecraftforge.fml.javafmlmod.FMLModContainer/LOADING]: Creating FMLModContainer instance for mezz.jei.forge.JustEnoughItems
[28May2025 18:20:58.257] [main/DEBUG] [net.minecraftforge.fml.javafmlmod.FMLJavaModLanguageProvider/LOADING]: Loading FMLModContainer from classloader cpw.mods.modlauncher.TransformingClassLoader@1f95881a - got cpw.mods.cl.ModuleClassLoader@7906578e
[28May2025 18:20:58.257] [main/DEBUG] [net.minecraftforge.fml.javafmlmod.FMLModContainer/LOADING]: Creating FMLModContainer instance for com.github.alexthe666.citadel.Citadel
[28May2025 18:20:58.258] [main/DEBUG] [net.minecraftforge.fml.javafmlmod.FMLJavaModLanguageProvider/LOADING]: Loading FMLModContainer from classloader cpw.mods.modlauncher.TransformingClassLoader@1f95881a - got cpw.mods.cl.ModuleClassLoader@7906578e
[28May2025 18:20:58.258] [main/DEBUG] [net.minecraftforge.fml.javafmlmod.FMLModContainer/LOADING]: Creating FMLModContainer instance for com.tiviacz.travelersbackpack.TravelersBackpack
[28May2025 18:20:58.258] [main/DEBUG] [net.minecraftforge.fml.javafmlmod.FMLJavaModLanguageProvider/LOADING]: Loading FMLModContainer from classloader cpw.mods.modlauncher.TransformingClassLoader@1f95881a - got cpw.mods.cl.ModuleClassLoader@7906578e
[28May2025 18:20:58.259] [main/DEBUG] [net.minecraftforge.fml.javafmlmod.FMLModContainer/LOADING]: Creating FMLModContainer instance for com.llamalad7.mixinextras.platform.forge.MixinExtrasMod
[28May2025 18:20:58.259] [main/DEBUG] [net.minecraftforge.fml.javafmlmod.FMLJavaModLanguageProvider/LOADING]: Loading FMLModContainer from classloader cpw.mods.modlauncher.TransformingClassLoader@1f95881a - got cpw.mods.cl.ModuleClassLoader@7906578e
[28May2025 18:20:58.260] [main/DEBUG] [net.minecraftforge.fml.javafmlmod.FMLModContainer/LOADING]: Creating FMLModContainer instance for it.hurts.sskirillss.relics.Relics
[28May2025 18:20:58.261] [main/DEBUG] [net.minecraftforge.fml.lowcodemod.LowCodeModLanguageProvider.LowCodeModTarget/LOADING]: Loading LowCodeModContainer from classloader cpw.mods.modlauncher.TransformingClassLoader@1f95881a - got cpw.mods.cl.ModuleClassLoader@7906578e
[28May2025 18:20:58.261] [main/DEBUG] [net.minecraftforge.fml.lowcodemod.LowCodeModContainer/LOADING]: Creating LowCodeModContainer for terralith
[28May2025 18:20:58.261] [main/DEBUG] [net.minecraftforge.fml.javafmlmod.FMLJavaModLanguageProvider/LOADING]: Loading FMLModContainer from classloader cpw.mods.modlauncher.TransformingClassLoader@1f95881a - got cpw.mods.cl.ModuleClassLoader@7906578e
[28May2025 18:20:58.261] [main/DEBUG] [net.minecraftforge.fml.javafmlmod.FMLModContainer/LOADING]: Creating FMLModContainer instance for com.dynview.DynView
[28May2025 18:20:58.261] [main/DEBUG] [net.minecraftforge.fml.javafmlmod.FMLJavaModLanguageProvider/LOADING]: Loading FMLModContainer from classloader cpw.mods.modlauncher.TransformingClassLoader@1f95881a - got cpw.mods.cl.ModuleClassLoader@7906578e
[28May2025 18:20:58.262] [main/DEBUG] [net.minecraftforge.fml.javafmlmod.FMLModContainer/LOADING]: Creating FMLModContainer instance for ca.fxco.memoryleakfix.forge.MemoryLeakFixForge
[28May2025 18:20:58.262] [main/DEBUG] [net.minecraftforge.fml.javafmlmod.FMLJavaModLanguageProvider/LOADING]: Loading FMLModContainer from classloader cpw.mods.modlauncher.TransformingClassLoader@1f95881a - got cpw.mods.cl.ModuleClassLoader@7906578e
[28May2025 18:20:58.262] [main/DEBUG] [net.minecraftforge.fml.javafmlmod.FMLModContainer/LOADING]: Creating FMLModContainer instance for jeresources.JEResources
[28May2025 18:20:58.262] [main/DEBUG] [net.minecraftforge.fml.javafmlmod.FMLJavaModLanguageProvider/LOADING]: Loading FMLModContainer from classloader cpw.mods.modlauncher.TransformingClassLoader@1f95881a - got cpw.mods.cl.ModuleClassLoader@7906578e
[28May2025 18:20:58.262] [main/DEBUG] [net.minecraftforge.fml.javafmlmod.FMLModContainer/LOADING]: Creating FMLModContainer instance for net.aurelj.dungeons_arise_seven_seas.DungeonsAriseSevenSeasMain
[28May2025 18:20:58.263] [main/DEBUG] [net.minecraftforge.fml.javafmlmod.FMLJavaModLanguageProvider/LOADING]: Loading FMLModContainer from classloader cpw.mods.modlauncher.TransformingClassLoader@1f95881a - got cpw.mods.cl.ModuleClassLoader@7906578e
[28May2025 18:20:58.263] [main/DEBUG] [net.minecraftforge.fml.javafmlmod.FMLModContainer/LOADING]: Creating FMLModContainer instance for net.minecraftforge.common.ForgeMod
[28May2025 18:20:58.265] [main/DEBUG] [net.minecraftforge.fml.javafmlmod.FMLJavaModLanguageProvider/LOADING]: Loading FMLModContainer from classloader cpw.mods.modlauncher.TransformingClassLoader@1f95881a - got cpw.mods.cl.ModuleClassLoader@7906578e
[28May2025 18:20:58.265] [main/DEBUG] [net.minecraftforge.fml.javafmlmod.FMLModContainer/LOADING]: Creating FMLModContainer instance for org.tlauncher.forge.ForgeMod
[28May2025 18:20:58.266] [main/DEBUG] [net.minecraftforge.fml.javafmlmod.FMLJavaModLanguageProvider/LOADING]: Loading FMLModContainer from classloader cpw.mods.modlauncher.TransformingClassLoader@1f95881a - got cpw.mods.cl.ModuleClassLoader@7906578e
[28May2025 18:20:58.266] [main/DEBUG] [net.minecraftforge.fml.javafmlmod.FMLModContainer/LOADING]: Creating FMLModContainer instance for me.jellysquid.mods.sodium.client.SodiumClientMod
[28May2025 18:20:58.266] [main/DEBUG] [net.minecraftforge.fml.javafmlmod.FMLJavaModLanguageProvider/LOADING]: Loading FMLModContainer from classloader cpw.mods.modlauncher.TransformingClassLoader@1f95881a - got cpw.mods.cl.ModuleClassLoader@7906578e
[28May2025 18:20:58.266] [main/DEBUG] [net.minecraftforge.fml.javafmlmod.FMLModContainer/LOADING]: Creating FMLModContainer instance for me.jellysquid.mods.sodium.client.RubidiumStub
[28May2025 18:20:58.267] [main/DEBUG] [net.minecraftforge.fml.javafmlmod.FMLJavaModLanguageProvider/LOADING]: Loading FMLModContainer from classloader cpw.mods.modlauncher.TransformingClassLoader@1f95881a - got cpw.mods.cl.ModuleClassLoader@7906578e
[28May2025 18:20:58.267] [main/DEBUG] [net.minecraftforge.fml.javafmlmod.FMLModContainer/LOADING]: Creating FMLModContainer instance for net.aurelj.dungeons_arise.DungeonsAriseMain
[28May2025 18:20:58.267] [main/DEBUG] [net.minecraftforge.fml.javafmlmod.FMLJavaModLanguageProvider/LOADING]: Loading FMLModContainer from classloader cpw.mods.modlauncher.TransformingClassLoader@1f95881a - got cpw.mods.cl.ModuleClassLoader@7906578e
[28May2025 18:20:58.267] [main/DEBUG] [net.minecraftforge.fml.javafmlmod.FMLModContainer/LOADING]: Creating FMLModContainer instance for net.mcreator.dungeonsandcombat.DungeonsAndCombatMod
[28May2025 18:20:58.268] [main/DEBUG] [net.minecraftforge.fml.javafmlmod.FMLJavaModLanguageProvider/LOADING]: Loading FMLModContainer from classloader cpw.mods.modlauncher.TransformingClassLoader@1f95881a - got cpw.mods.cl.ModuleClassLoader@7906578e
[28May2025 18:20:58.268] [main/DEBUG] [net.minecraftforge.fml.javafmlmod.FMLModContainer/LOADING]: Creating FMLModContainer instance for com.github.alexmodguy.alexscaves.AlexsCaves
[28May2025 18:20:58.269] [main/DEBUG] [net.minecraftforge.fml.javafmlmod.FMLJavaModLanguageProvider/LOADING]: Loading FMLModContainer from classloader cpw.mods.modlauncher.TransformingClassLoader@1f95881a - got cpw.mods.cl.ModuleClassLoader@7906578e
[28May2025 18:20:58.269] [main/DEBUG] [net.minecraftforge.fml.javafmlmod.FMLModContainer/LOADING]: Creating FMLModContainer instance for com.esm.nightmare.NightmareMain
[28May2025 18:20:58.270] [main/DEBUG] [net.minecraftforge.fml.javafmlmod.FMLJavaModLanguageProvider/LOADING]: Loading FMLModContainer from classloader cpw.mods.modlauncher.TransformingClassLoader@1f95881a - got cpw.mods.cl.ModuleClassLoader@7906578e
[28May2025 18:20:58.270] [main/DEBUG] [net.minecraftforge.fml.javafmlmod.FMLModContainer/LOADING]: Creating FMLModContainer instance for net.mcreator.mofusbetterend.MofusBetterEndMod
[28May2025 18:20:58.270] [main/DEBUG] [net.minecraftforge.fml.javafmlmod.FMLJavaModLanguageProvider/LOADING]: Loading FMLModContainer from classloader cpw.mods.modlauncher.TransformingClassLoader@1f95881a - got cpw.mods.cl.ModuleClassLoader@7906578e
[28May2025 18:20:58.270] [main/DEBUG] [net.minecraftforge.fml.javafmlmod.FMLModContainer/LOADING]: Creating FMLModContainer instance for team.creative.creativecore.CreativeCore
[28May2025 18:20:58.271] [main/DEBUG] [net.minecraftforge.fml.javafmlmod.FMLJavaModLanguageProvider/LOADING]: Loading FMLModContainer from classloader cpw.mods.modlauncher.TransformingClassLoader@1f95881a - got cpw.mods.cl.ModuleClassLoader@7906578e
[28May2025 18:20:58.271] [main/DEBUG] [net.minecraftforge.fml.javafmlmod.FMLModContainer/LOADING]: Creating FMLModContainer instance for org.popcraft.chunky.ChunkyForge
[28May2025 18:20:58.272] [main/DEBUG] [net.minecraftforge.fml.javafmlmod.FMLJavaModLanguageProvider/LOADING]: Loading FMLModContainer from classloader cpw.mods.modlauncher.TransformingClassLoader@1f95881a - got cpw.mods.cl.ModuleClassLoader@7906578e
[28May2025 18:20:58.272] [main/DEBUG] [net.minecraftforge.fml.javafmlmod.FMLModContainer/LOADING]: Creating FMLModContainer instance for com.eeeab.eeeabsmobs.EEEABMobs
[28May2025 18:20:58.272] [main/DEBUG] [net.minecraftforge.fml.javafmlmod.FMLJavaModLanguageProvider/LOADING]: Loading FMLModContainer from classloader cpw.mods.modlauncher.TransformingClassLoader@1f95881a - got cpw.mods.cl.ModuleClassLoader@7906578e
[28May2025 18:20:58.272] [main/DEBUG] [net.minecraftforge.fml.javafmlmod.FMLModContainer/LOADING]: Creating FMLModContainer instance for me.wesley1808.servercore.forge.common.ServerCoreForge
[28May2025 18:20:58.273] [main/DEBUG] [net.minecraftforge.fml.javafmlmod.FMLJavaModLanguageProvider/LOADING]: Loading FMLModContainer from classloader cpw.mods.modlauncher.TransformingClassLoader@1f95881a - got cpw.mods.cl.ModuleClassLoader@7906578e
[28May2025 18:20:58.273] [main/DEBUG] [net.minecraftforge.fml.javafmlmod.FMLModContainer/LOADING]: Creating FMLModContainer instance for com.github.L_Ender.lionfishapi.LionfishAPI
[28May2025 18:20:58.274] [main/DEBUG] [net.minecraftforge.fml.javafmlmod.FMLJavaModLanguageProvider/LOADING]: Loading FMLModContainer from classloader cpw.mods.modlauncher.TransformingClassLoader@1f95881a - got cpw.mods.cl.ModuleClassLoader@7906578e
[28May2025 18:20:58.274] [main/DEBUG] [net.minecraftforge.fml.javafmlmod.FMLModContainer/LOADING]: Creating FMLModContainer instance for com.gametechbc.traveloptics.TravelopticsMod
[28May2025 18:20:58.274] [main/DEBUG] [net.minecraftforge.fml.javafmlmod.FMLJavaModLanguageProvider/LOADING]: Loading FMLModContainer from classloader cpw.mods.modlauncher.TransformingClassLoader@1f95881a - got cpw.mods.cl.ModuleClassLoader@7906578e
[28May2025 18:20:58.274] [main/DEBUG] [net.minecraftforge.fml.javafmlmod.FMLModContainer/LOADING]: Creating FMLModContainer instance for com.github.L_Ender.cataclysm.Cataclysm
[28May2025 18:20:58.275] [main/DEBUG] [net.minecraftforge.fml.javafmlmod.FMLJavaModLanguageProvider/LOADING]: Loading FMLModContainer from classloader cpw.mods.modlauncher.TransformingClassLoader@1f95881a - got cpw.mods.cl.ModuleClassLoader@7906578e
[28May2025 18:20:58.275] [main/DEBUG] [net.minecraftforge.fml.javafmlmod.FMLModContainer/LOADING]: Creating FMLModContainer instance for top.theillusivec4.curios.Curios
[28May2025 18:20:58.276] [main/DEBUG] [net.minecraftforge.fml.javafmlmod.FMLJavaModLanguageProvider/LOADING]: Loading FMLModContainer from classloader cpw.mods.modlauncher.TransformingClassLoader@1f95881a - got cpw.mods.cl.ModuleClassLoader@7906578e
[28May2025 18:20:58.276] [main/DEBUG] [net.minecraftforge.fml.javafmlmod.FMLModContainer/LOADING]: Creating FMLModContainer instance for net.miauczel.legendary_monsters.LegendaryMonsters
[28May2025 18:20:58.276] [main/DEBUG] [net.minecraftforge.fml.javafmlmod.FMLJavaModLanguageProvider/LOADING]: Loading FMLModContainer from classloader cpw.mods.modlauncher.TransformingClassLoader@1f95881a - got cpw.mods.cl.ModuleClassLoader@7906578e
[28May2025 18:20:58.277] [main/DEBUG] [net.minecraftforge.fml.javafmlmod.FMLModContainer/LOADING]: Creating FMLModContainer instance for io.redspace.ironsspellbooks.IronsSpellbooks
[28May2025 18:20:58.277] [main/DEBUG] [net.minecraftforge.fml.javafmlmod.FMLJavaModLanguageProvider/LOADING]: Loading FMLModContainer from classloader cpw.mods.modlauncher.TransformingClassLoader@1f95881a - got cpw.mods.cl.ModuleClassLoader@7906578e
[28May2025 18:20:58.277] [main/DEBUG] [net.minecraftforge.fml.javafmlmod.FMLModContainer/LOADING]: Creating FMLModContainer instance for dev.shadowsoffire.attributeslib.AttributesLib
[28May2025 18:20:58.278] [main/DEBUG] [net.minecraftforge.fml.javafmlmod.FMLJavaModLanguageProvider/LOADING]: Loading FMLModContainer from classloader cpw.mods.modlauncher.TransformingClassLoader@1f95881a - got cpw.mods.cl.ModuleClassLoader@7906578e
[28May2025 18:20:58.278] [main/DEBUG] [net.minecraftforge.fml.javafmlmod.FMLModContainer/LOADING]: Creating FMLModContainer instance for dev.tr7zw.entityculling.EntityCullingBootstrap
[28May2025 18:20:58.278] [main/DEBUG] [net.minecraftforge.fml.javafmlmod.FMLJavaModLanguageProvider/LOADING]: Loading FMLModContainer from classloader cpw.mods.modlauncher.TransformingClassLoader@1f95881a - got cpw.mods.cl.ModuleClassLoader@7906578e
[28May2025 18:20:58.278] [main/DEBUG] [net.minecraftforge.fml.javafmlmod.FMLModContainer/LOADING]: Creating FMLModContainer instance for com.abdelaziz.canary.common.Canary
[28May2025 18:20:58.278] [main/DEBUG] [net.minecraftforge.fml.javafmlmod.FMLJavaModLanguageProvider/LOADING]: Loading FMLModContainer from classloader cpw.mods.modlauncher.TransformingClassLoader@1f95881a - got cpw.mods.cl.ModuleClassLoader@7906578e
[28May2025 18:20:58.278] [main/DEBUG] [net.minecraftforge.fml.javafmlmod.FMLModContainer/LOADING]: Creating FMLModContainer instance for ovh.corail.tombstone.ModTombstone
[28May2025 18:20:58.279] [main/DEBUG] [net.minecraftforge.fml.javafmlmod.FMLJavaModLanguageProvider/LOADING]: Loading FMLModContainer from classloader cpw.mods.modlauncher.TransformingClassLoader@1f95881a - got cpw.mods.cl.ModuleClassLoader@7906578e
[28May2025 18:20:58.279] [main/DEBUG] [net.minecraftforge.fml.javafmlmod.FMLModContainer/LOADING]: Creating FMLModContainer instance for dev.architectury.forge.ArchitecturyForge
[28May2025 18:20:58.279] [main/DEBUG] [net.minecraftforge.fml.javafmlmod.FMLJavaModLanguageProvider/LOADING]: Loading FMLModContainer from classloader cpw.mods.modlauncher.TransformingClassLoader@1f95881a - got cpw.mods.cl.ModuleClassLoader@7906578e
[28May2025 18:20:58.279] [main/DEBUG] [net.minecraftforge.fml.javafmlmod.FMLModContainer/LOADING]: Creating FMLModContainer instance for it.hurts.octostudios.octolib.forge.OctoLibForge
[28May2025 18:20:58.280] [main/DEBUG] [net.minecraftforge.fml.javafmlmod.FMLJavaModLanguageProvider/LOADING]: Loading FMLModContainer from classloader cpw.mods.modlauncher.TransformingClassLoader@1f95881a - got cpw.mods.cl.ModuleClassLoader@7906578e
[28May2025 18:20:58.280] [main/DEBUG] [net.minecraftforge.fml.javafmlmod.FMLModContainer/LOADING]: Creating FMLModContainer instance for it.hurts.octostudios.nerb.forge.NERBForge
[28May2025 18:20:58.280] [main/DEBUG] [net.minecraftforge.fml.javafmlmod.FMLJavaModLanguageProvider/LOADING]: Loading FMLModContainer from classloader cpw.mods.modlauncher.TransformingClassLoader@1f95881a - got cpw.mods.cl.ModuleClassLoader@7906578e
[28May2025 18:20:58.280] [main/DEBUG] [net.minecraftforge.fml.javafmlmod.FMLModContainer/LOADING]: Creating FMLModContainer instance for malte0811.ferritecore.ModMainForge
[28May2025 18:20:58.280] [main/DEBUG] [net.minecraftforge.fml.javafmlmod.FMLJavaModLanguageProvider/LOADING]: Loading FMLModContainer from classloader cpw.mods.modlauncher.TransformingClassLoader@1f95881a - got cpw.mods.cl.ModuleClassLoader@7906578e
[28May2025 18:20:58.280] [main/DEBUG] [net.minecraftforge.fml.javafmlmod.FMLModContainer/LOADING]: Creating FMLModContainer instance for com.builtbroken.ai.improvements.AIImprovements
[28May2025 18:20:58.281] [main/DEBUG] [net.minecraftforge.fml.javafmlmod.FMLJavaModLanguageProvider/LOADING]: Loading FMLModContainer from classloader cpw.mods.modlauncher.TransformingClassLoader@1f95881a - got cpw.mods.cl.ModuleClassLoader@7906578e
[28May2025 18:20:58.281] [main/DEBUG] [net.minecraftforge.fml.javafmlmod.FMLModContainer/LOADING]: Creating FMLModContainer instance for me.flashyreese.mods.sodiumextra.EmbeddiumExtraMod
[28May2025 18:20:58.281] [main/DEBUG] [net.minecraftforge.fml.javafmlmod.FMLJavaModLanguageProvider/LOADING]: Loading FMLModContainer from classloader cpw.mods.modlauncher.TransformingClassLoader@1f95881a - got cpw.mods.cl.ModuleClassLoader@7906578e
[28May2025 18:20:58.281] [main/DEBUG] [net.minecraftforge.fml.javafmlmod.FMLModContainer/LOADING]: Creating FMLModContainer instance for com.cupboard.Cupboard
[28May2025 18:20:58.282] [main/DEBUG] [net.minecraftforge.fml.javafmlmod.FMLJavaModLanguageProvider/LOADING]: Loading FMLModContainer from classloader cpw.mods.modlauncher.TransformingClassLoader@1f95881a - got cpw.mods.cl.ModuleClassLoader@7906578e
[28May2025 18:20:58.282] [main/DEBUG] [net.minecraftforge.fml.javafmlmod.FMLModContainer/LOADING]: Creating FMLModContainer instance for team.creative.playerrevive.PlayerRevive
[28May2025 18:20:58.282] [main/DEBUG] [net.minecraftforge.fml.javafmlmod.FMLJavaModLanguageProvider/LOADING]: Loading FMLModContainer from classloader cpw.mods.modlauncher.TransformingClassLoader@1f95881a - got cpw.mods.cl.ModuleClassLoader@7906578e
[28May2025 18:20:58.282] [main/DEBUG] [net.minecraftforge.fml.javafmlmod.FMLModContainer/LOADING]: Creating FMLModContainer instance for net.corruptdog.cdm.main.CDmoveset
[28May2025 18:20:58.284] [main/DEBUG] [net.minecraftforge.fml.javafmlmod.FMLJavaModLanguageProvider/LOADING]: Loading FMLModContainer from classloader cpw.mods.modlauncher.TransformingClassLoader@1f95881a - got cpw.mods.cl.ModuleClassLoader@7906578e
[28May2025 18:20:58.284] [main/DEBUG] [net.minecraftforge.fml.javafmlmod.FMLModContainer/LOADING]: Creating FMLModContainer instance for yesman.epicfight.main.EpicFightMod
[28May2025 18:20:58.285] [main/DEBUG] [net.minecraftforge.fml.javafmlmod.FMLJavaModLanguageProvider/LOADING]: Loading FMLModContainer from classloader cpw.mods.modlauncher.TransformingClassLoader@1f95881a - got cpw.mods.cl.ModuleClassLoader@7906578e
[28May2025 18:20:58.285] [main/DEBUG] [net.minecraftforge.fml.javafmlmod.FMLModContainer/LOADING]: Creating FMLModContainer instance for reascer.wom.main.WeaponsOfMinecraft
[28May2025 18:20:58.385] [modloading-worker-0/DEBUG] [net.minecraftforge.fml.javafmlmod.AutomaticEventSubscriber/LOADING]: Attempting to inject @EventBusSubscriber classes into the eventbus for geckolib
[28May2025 18:20:58.387] [modloading-worker-0/DEBUG] [net.minecraftforge.fml.config.ConfigTracker/CONFIG]: Config file efiscompat.toml for efiscompat tracking
[28May2025 18:20:58.389] [modloading-worker-0/DEBUG] [net.minecraftforge.fml.javafmlmod.AutomaticEventSubscriber/LOADING]: Auto-subscribing software.bernie.example.GeckoLibMod to FORGE
[28May2025 18:20:58.390] [modloading-worker-0/DEBUG] [net.minecraftforge.fml.javafmlmod.AutomaticEventSubscriber/LOADING]: Attempting to inject @EventBusSubscriber classes into the eventbus for efiscompat
[28May2025 18:20:58.390] [modloading-worker-0/DEBUG] [net.minecraftforge.fml.javafmlmod.AutomaticEventSubscriber/LOADING]: Auto-subscribing com.yukami.epicironcompat.player.PlayerAnimationEvents to FORGE
[28May2025 18:20:58.392] [modloading-worker-0/DEBUG] [net.minecraftforge.fml.javafmlmod.AutomaticEventSubscriber/LOADING]: Auto-subscribing software.bernie.example.CommonListener to MOD
[28May2025 18:20:58.392] [modloading-worker-0/DEBUG] [mixin/]: Mixing perf.forge_registry_lambda.RegistryObjectMixin from modernfix-forge.mixins.json into net.minecraftforge.registries.RegistryObject
[28May2025 18:20:58.399] [modloading-worker-0/DEBUG] [net.minecraftforge.fml.javafmlmod.AutomaticEventSubscriber/LOADING]: Attempting to inject @EventBusSubscriber classes into the eventbus for playeranimator
[28May2025 18:20:58.401] [modloading-worker-0/DEBUG] [net.minecraftforge.fml.javafmlmod.AutomaticEventSubscriber/LOADING]: Auto-subscribing com.yukami.epicironcompat.player.ClientPlayerEvents to FORGE
[28May2025 18:20:58.405] [modloading-worker-0/DEBUG] [net.minecraftforge.fml.config.ConfigTracker/CONFIG]: Config file netherexp-common.toml for netherexp tracking
[28May2025 18:20:58.408] [modloading-worker-0/DEBUG] [mixin/]: Mixing accessor.CriteriaTriggersAccessor from cataclysm.mixins.json into net.minecraft.advancements.CriteriaTriggers
[28May2025 18:20:58.409] [modloading-worker-0/DEBUG] [mixin/]: Renaming @Accessor method getValues()Ljava/util/Map; to getValues_$md$e990a2$0 in cataclysm.mixins.json:accessor.CriteriaTriggersAccessor
[28May2025 18:20:58.411] [modloading-worker-0/DEBUG] [net.minecraftforge.fml.javafmlmod.AutomaticEventSubscriber/LOADING]: Attempting to inject @EventBusSubscriber classes into the eventbus for elysium_api
[28May2025 18:20:58.417] [modloading-worker-0/DEBUG] [net.minecraftforge.fml.javafmlmod.AutomaticEventSubscriber/LOADING]: Auto-subscribing net.jadenxgamer.elysium_api.impl.event.ElysiumEvents to FORGE
[28May2025 18:20:58.416] [modloading-worker-0/DEBUG] [net.minecraftforge.fml.javafmlmod.AutomaticEventSubscriber/LOADING]: Auto-subscribing com.yukami.epicironcompat.config.CommonConfig to MOD
[28May2025 18:20:58.425] [modloading-worker-0/DEBUG] [net.minecraftforge.fml.javafmlmod.AutomaticEventSubscriber/LOADING]: Auto-subscribing net.jadenxgamer.elysium_api.impl.event.ElysiumEvents$ModBusEvents to MOD
[28May2025 18:20:58.431] [modloading-worker-0/DEBUG] [mixin/]: Mixing MixinCaelusApi from caelus.mixins.json into top.theillusivec4.caelus.api.CaelusApi
[28May2025 18:20:58.444] [modloading-worker-0/DEBUG] [net.minecraftforge.fml.javafmlmod.AutomaticEventSubscriber/LOADING]: Attempting to inject @EventBusSubscriber classes into the eventbus for caelus
[28May2025 18:20:58.446] [modloading-worker-0/DEBUG] [net.minecraftforge.fml.javafmlmod.AutomaticEventSubscriber/LOADING]: Attempting to inject @EventBusSubscriber classes into the eventbus for mowzies_cataclysm
[28May2025 18:20:58.453] [modloading-worker-0/DEBUG] [net.minecraftforge.fml.config.ConfigTracker/CONFIG]: Config file journeymap-server.toml for journeymap tracking
[28May2025 18:20:58.458] [modloading-worker-0/DEBUG] [net.minecraftforge.fml.javafmlmod.AutomaticEventSubscriber/LOADING]: Attempting to inject @EventBusSubscriber classes into the eventbus for journeymap
[28May2025 18:20:58.463] [modloading-worker-0/DEBUG] [net.minecraftforge.fml.javafmlmod.AutomaticEventSubscriber/LOADING]: Attempting to inject @EventBusSubscriber classes into the eventbus for placebo
[28May2025 18:20:58.464] [modloading-worker-0/DEBUG] [net.minecraftforge.fml.javafmlmod.AutomaticEventSubscriber/LOADING]: Auto-subscribing dev.shadowsoffire.placebo.util.PlaceboTaskQueue to FORGE
[28May2025 18:20:58.464] [modloading-worker-0/DEBUG] [net.minecraftforge.fml.javafmlmod.AutomaticEventSubscriber/LOADING]: Auto-subscribing journeymap.common.config.forge.ForgeConfig to MOD
[28May2025 18:20:58.468] [modloading-worker-0/DEBUG] [net.minecraftforge.fml.javafmlmod.AutomaticEventSubscriber/LOADING]: Auto-subscribing journeymap.common.Journeymap to FORGE
[28May2025 18:20:58.476] [modloading-worker-0/DEBUG] [net.minecraftforge.fml.config.ConfigTracker/CONFIG]: Config file jei-server.toml for jei tracking
[28May2025 18:20:58.481] [modloading-worker-0/DEBUG] [net.minecraftforge.fml.javafmlmod.AutomaticEventSubscriber/LOADING]: Attempting to inject @EventBusSubscriber classes into the eventbus for jei
[28May2025 18:20:58.482] [modloading-worker-0/DEBUG] [mixin/]: Mixing features.dynamic.PlayerListMixin from servercore.common.mixins.json into net.minecraft.server.players.PlayerList
[28May2025 18:20:58.482] [modloading-worker-0/DEBUG] [mixin/]: servercore.common.mixins.json:features.dynamic.PlayerListMixin: Class version 61 required is higher than the class version supported by the current version of Mixin (JAVA_16 supports class version 60)
[28May2025 18:20:58.483] [modloading-worker-0/DEBUG] [mixin/]: Mixing optimizations.players.PlayerListMixin from servercore.common.mixins.json into net.minecraft.server.players.PlayerList
[28May2025 18:20:58.483] [modloading-worker-0/DEBUG] [mixin/]: servercore.common.mixins.json:optimizations.players.PlayerListMixin: Class version 61 required is higher than the class version supported by the current version of Mixin (JAVA_16 supports class version 60)
[28May2025 18:20:58.503] [modloading-worker-0/DEBUG] [net.minecraftforge.fml.config.ConfigTracker/CONFIG]: Config file modernfix-common.toml for modernfix tracking
[28May2025 18:20:58.509] [modloading-worker-0/DEBUG] [net.minecraftforge.fml.javafmlmod.AutomaticEventSubscriber/LOADING]: Attempting to inject @EventBusSubscriber classes into the eventbus for modernfix
[28May2025 18:20:58.515] [modloading-worker-0/DEBUG] [net.minecraftforge.fml.config.ConfigTracker/CONFIG]: Config file citadel-common.toml for citadel tracking
[28May2025 18:20:58.525] [modloading-worker-0/DEBUG] [net.minecraftforge.fml.javafmlmod.AutomaticEventSubscriber/LOADING]: Attempting to inject @EventBusSubscriber classes into the eventbus for citadel
[28May2025 18:20:58.525] [modloading-worker-0/DEBUG] [net.minecraftforge.fml.javafmlmod.AutomaticEventSubscriber/LOADING]: Auto-subscribing com.github.alexthe666.citadel.ServerProxy to MOD
[28May2025 18:20:58.526] [modloading-worker-0/DEBUG] [net.minecraftforge.fml.javafmlmod.AutomaticEventSubscriber/LOADING]: Attempting to inject @EventBusSubscriber classes into the eventbus for mixinextras
[28May2025 18:20:58.533] [modloading-worker-0/DEBUG] [net.minecraftforge.fml.config.ConfigTracker/CONFIG]: Config file travelersbackpack-server.toml for travelersbackpack tracking
[28May2025 18:20:58.537] [modloading-worker-0/DEBUG] [net.minecraftforge.fml.config.ConfigTracker/CONFIG]: Config file travelersbackpack-common.toml for travelersbackpack tracking
[28May2025 18:20:58.537] [modloading-worker-0/DEBUG] [net.minecraftforge.fml.config.ConfigTracker/CONFIG]: Config file travelersbackpack-client.toml for travelersbackpack tracking
[28May2025 18:20:58.589] [modloading-worker-0/DEBUG] [net.minecraftforge.fml.config.ConfigTracker/CONFIG]: Config file mowziesmobs-common.toml for mowziesmobs tracking
[28May2025 18:20:58.631] [modloading-worker-0/DEBUG] [net.minecraftforge.fml.javafmlmod.AutomaticEventSubscriber/LOADING]: Attempting to inject @EventBusSubscriber classes into the eventbus for relics
[28May2025 18:20:58.632] [modloading-worker-0/DEBUG] [net.minecraftforge.fml.javafmlmod.AutomaticEventSubscriber/LOADING]: Auto-subscribing it.hurts.sskirillss.relics.network.NetworkHandler to MOD
[28May2025 18:20:58.632] [modloading-worker-0/DEBUG] [net.minecraftforge.fml.javafmlmod.AutomaticEventSubscriber/LOADING]: Auto-subscribing it.hurts.sskirillss.relics.items.relics.ring.ChorusInhibitorItem$Events to FORGE
[28May2025 18:20:58.635] [modloading-worker-0/DEBUG] [net.minecraftforge.fml.javafmlmod.AutomaticEventSubscriber/LOADING]: Auto-subscribing it.hurts.sskirillss.relics.items.relics.ring.BastionRingItem$Events to FORGE
[28May2025 18:20:58.639] [modloading-worker-0/DEBUG] [net.minecraftforge.fml.javafmlmod.AutomaticEventSubscriber/LOADING]: Auto-subscribing it.hurts.sskirillss.relics.items.relics.necklace.ReflectionNecklaceItem$ReflectionNecklaceServerEvents to FORGE
[28May2025 18:20:58.640] [modloading-worker-0/DEBUG] [net.minecraftforge.fml.javafmlmod.AutomaticEventSubscriber/LOADING]: Auto-subscribing it.hurts.sskirillss.relics.items.relics.necklace.HolyLocketItem$Events to FORGE
[28May2025 18:20:58.643] [modloading-worker-0/DEBUG] [net.minecraftforge.fml.javafmlmod.AutomaticEventSubscriber/LOADING]: Auto-subscribing it.hurts.sskirillss.relics.items.relics.hands.WoolMittenItem$Events to FORGE
[28May2025 18:20:58.647] [modloading-worker-0/DEBUG] [net.minecraftforge.fml.javafmlmod.AutomaticEventSubscriber/LOADING]: Auto-subscribing it.hurts.sskirillss.relics.items.relics.hands.RageGloveItem$Events to FORGE
[28May2025 18:20:58.648] [modloading-worker-0/DEBUG] [net.minecraftforge.fml.javafmlmod.AutomaticEventSubscriber/LOADING]: Auto-subscribing it.hurts.sskirillss.relics.items.relics.feet.RollerSkatesItem$Events to FORGE
[28May2025 18:20:58.649] [modloading-worker-0/DEBUG] [net.minecraftforge.fml.javafmlmod.AutomaticEventSubscriber/LOADING]: Auto-subscribing it.hurts.sskirillss.relics.items.relics.feet.MagmaWalkerItem to FORGE
[28May2025 18:20:58.662] [modloading-worker-0/DEBUG] [net.minecraftforge.fml.javafmlmod.AutomaticEventSubscriber/LOADING]: Auto-subscribing it.hurts.sskirillss.relics.items.relics.feet.IceBreakerItem$Events to FORGE
[28May2025 18:20:58.664] [modloading-worker-0/DEBUG] [net.minecraftforge.fml.javafmlmod.AutomaticEventSubscriber/LOADING]: Auto-subscribing it.hurts.sskirillss.relics.items.relics.feet.AquaWalkerItem to FORGE
[28May2025 18:20:58.668] [modloading-worker-0/DEBUG] [net.minecraftforge.fml.javafmlmod.AutomaticEventSubscriber/LOADING]: Auto-subscribing it.hurts.sskirillss.relics.items.relics.feet.AmphibianBootItem$Events to FORGE
[28May2025 18:20:58.669] [modloading-worker-0/DEBUG] [net.minecraftforge.fml.javafmlmod.AutomaticEventSubscriber/LOADING]: Auto-subscribing it.hurts.sskirillss.relics.items.relics.charm.SporeSackItem$Events to FORGE
[28May2025 18:20:58.670] [modloading-worker-0/DEBUG] [net.minecraftforge.fml.javafmlmod.AutomaticEventSubscriber/LOADING]: Attempting to inject @EventBusSubscriber classes into the eventbus for mowziesmobs
[28May2025 18:20:58.670] [modloading-worker-0/DEBUG] [net.minecraftforge.fml.javafmlmod.AutomaticEventSubscriber/LOADING]: Auto-subscribing com.bobmowzie.mowziesmobs.server.sound.MMSounds to FORGE
[28May2025 18:20:58.670] [modloading-worker-0/DEBUG] [net.minecraftforge.fml.javafmlmod.AutomaticEventSubscriber/LOADING]: Auto-subscribing com.bobmowzie.mowziesmobs.server.inventory.ContainerHandler to MOD
[28May2025 18:20:58.670] [modloading-worker-0/DEBUG] [net.minecraftforge.fml.javafmlmod.AutomaticEventSubscriber/LOADING]: Auto-subscribing com.bobmowzie.mowziesmobs.server.entity.EntityHandler to MOD
[28May2025 18:20:58.670] [modloading-worker-0/DEBUG] [net.minecraftforge.fml.javafmlmod.AutomaticEventSubscriber/LOADING]: Auto-subscribing com.bobmowzie.mowziesmobs.server.config.ConfigHandler to MOD
[28May2025 18:20:58.671] [modloading-worker-0/DEBUG] [net.minecraftforge.fml.javafmlmod.AutomaticEventSubscriber/LOADING]: Auto-subscribing com.bobmowzie.mowziesmobs.MowziesMobs to FORGE
[28May2025 18:20:58.671] [modloading-worker-0/DEBUG] [net.minecraftforge.fml.javafmlmod.AutomaticEventSubscriber/LOADING]: Auto-subscribing com.bobmowzie.mowziesmobs.datagen.DataGenerators to MOD
[28May2025 18:20:58.671] [modloading-worker-0/DEBUG] [net.minecraftforge.fml.javafmlmod.AutomaticEventSubscriber/LOADING]: Auto-subscribing it.hurts.sskirillss.relics.items.relics.belt.LeatherBeltItem to FORGE
[28May2025 18:20:58.672] [modloading-worker-0/DEBUG] [net.minecraftforge.fml.javafmlmod.AutomaticEventSubscriber/LOADING]: Auto-subscribing it.hurts.sskirillss.relics.items.relics.belt.HunterBeltItem$HunterBeltEvents to FORGE
[28May2025 18:20:58.673] [modloading-worker-0/DEBUG] [net.minecraftforge.fml.javafmlmod.AutomaticEventSubscriber/LOADING]: Auto-subscribing it.hurts.sskirillss.relics.items.relics.belt.DrownedBeltItem$Events to FORGE
[28May2025 18:20:58.677] [modloading-worker-0/DEBUG] [net.minecraftforge.fml.javafmlmod.AutomaticEventSubscriber/LOADING]: Auto-subscribing it.hurts.sskirillss.relics.items.relics.back.MidnightRobeItem$ServerEvents to FORGE
[28May2025 18:20:58.678] [modloading-worker-0/DEBUG] [net.minecraftforge.fml.javafmlmod.AutomaticEventSubscriber/LOADING]: Auto-subscribing it.hurts.sskirillss.relics.items.relics.back.ElytraBoosterItem to FORGE
[28May2025 18:20:58.678] [modloading-worker-0/DEBUG] [net.minecraftforge.fml.javafmlmod.AutomaticEventSubscriber/LOADING]: Auto-subscribing it.hurts.sskirillss.relics.items.relics.back.ArrowQuiverItem$Events to FORGE
[28May2025 18:20:58.683] [modloading-worker-0/DEBUG] [net.minecraftforge.fml.javafmlmod.AutomaticEventSubscriber/LOADING]: Auto-subscribing it.hurts.sskirillss.relics.items.relics.SpatialSignItem$Events to FORGE
[28May2025 18:20:58.685] [modloading-worker-0/DEBUG] [mixin/]: Mixing MixinLevelEvent from architectury.mixins.json into net.minecraftforge.event.level.LevelEvent
[28May2025 18:20:58.686] [modloading-worker-0/DEBUG] [net.minecraftforge.fml.javafmlmod.AutomaticEventSubscriber/LOADING]: Auto-subscribing it.hurts.sskirillss.relics.items.relics.MagicMirrorItem$ServerEvents to FORGE
[28May2025 18:20:58.688] [modloading-worker-0/DEBUG] [net.minecraftforge.fml.javafmlmod.AutomaticEventSubscriber/LOADING]: Auto-subscribing it.hurts.sskirillss.relics.items.relics.InfinityHamItem$Events to FORGE
[28May2025 18:20:58.690] [modloading-worker-0/DEBUG] [net.minecraftforge.fml.javafmlmod.AutomaticEventSubscriber/LOADING]: Attempting to inject @EventBusSubscriber classes into the eventbus for dynview
[28May2025 18:20:58.690] [modloading-worker-0/DEBUG] [net.minecraftforge.fml.javafmlmod.AutomaticEventSubscriber/LOADING]: Auto-subscribing it.hurts.sskirillss.relics.init.CommandRegistry to FORGE
[28May2025 18:20:58.690] [modloading-worker-0/DEBUG] [net.minecraftforge.fml.javafmlmod.AutomaticEventSubscriber/LOADING]: Attempting to inject @EventBusSubscriber classes into the eventbus for memoryleakfix
[28May2025 18:20:58.691] [modloading-worker-0/DEBUG] [net.minecraftforge.fml.javafmlmod.AutomaticEventSubscriber/LOADING]: Auto-subscribing it.hurts.sskirillss.relics.init.CapabilityRegistry to FORGE
[28May2025 18:20:58.696] [modloading-worker-0/DEBUG] [net.minecraftforge.fml.config.ConfigTracker/CONFIG]: Config file jeresources-common.toml for jeresources tracking
[28May2025 18:20:58.698] [modloading-worker-0/DEBUG] [net.minecraftforge.fml.javafmlmod.AutomaticEventSubscriber/LOADING]: Auto-subscribing it.hurts.sskirillss.relics.entities.ArrowRainEntity$Events to FORGE
[28May2025 18:20:58.698] [modloading-worker-0/DEBUG] [jeresources/]: Loaded jeresources.forge.ForgePlatformHelper@1a3717b4 for service interface jeresources.platform.IPlatformHelper
[28May2025 18:20:58.699] [modloading-worker-0/DEBUG] [jeresources/]: Loading config file /workspaces/Server_Mine/servidor_minecraft/config/jeresources.toml
[28May2025 18:20:58.699] [modloading-worker-0/DEBUG] [net.minecraftforge.fml.javafmlmod.AutomaticEventSubscriber/LOADING]: Auto-subscribing it.hurts.sskirillss.relics.effects.BleedingEffect$Events to FORGE
[28May2025 18:20:58.700] [modloading-worker-0/DEBUG] [jeresources/]: Built TOML config for /workspaces/Server_Mine/servidor_minecraft/config/jeresources.toml
[28May2025 18:20:58.700] [modloading-worker-0/DEBUG] [net.minecraftforge.fml.javafmlmod.AutomaticEventSubscriber/LOADING]: Auto-subscribing it.hurts.sskirillss.relics.effects.AntiHealEffect$Events to FORGE
[28May2025 18:20:58.701] [modloading-worker-0/DEBUG] [net.minecraftforge.fml.javafmlmod.AutomaticEventSubscriber/LOADING]: Auto-subscribing it.hurts.sskirillss.relics.capability.handlers.SyncHandler to FORGE
[28May2025 18:20:58.702] [modloading-worker-0/DEBUG] [jeresources/]: Loaded TOML config file /workspaces/Server_Mine/servidor_minecraft/config/jeresources.toml
[28May2025 18:20:58.705] [modloading-worker-0/DEBUG] [net.minecraftforge.fml.javafmlmod.AutomaticEventSubscriber/LOADING]: Attempting to inject @EventBusSubscriber classes into the eventbus for dungeons_arise_seven_seas
[28May2025 18:20:58.706] [modloading-worker-0/DEBUG] [net.minecraftforge.versions.forge.ForgeVersion/CORE]: Forge Version package package net.minecraftforge.versions.forge, Forge, version 47.3 from cpw.mods.modlauncher.TransformingClassLoader@1f95881a
[28May2025 18:20:58.707] [modloading-worker-0/DEBUG] [net.minecraftforge.versions.forge.ForgeVersion/CORE]: Found Forge version 47.3.7
[28May2025 18:20:58.707] [modloading-worker-0/DEBUG] [net.minecraftforge.versions.forge.ForgeVersion/CORE]: Found Forge spec 47.3
[28May2025 18:20:58.707] [modloading-worker-0/DEBUG] [net.minecraftforge.versions.forge.ForgeVersion/CORE]: Found Forge group net.minecraftforge
[28May2025 18:20:58.708] [modloading-worker-0/DEBUG] [net.minecraftforge.versions.mcp.MCPVersion/CORE]: MCP Version package package net.minecraftforge.versions.mcp, Minecraft, version 1.20.1 from cpw.mods.modlauncher.TransformingClassLoader@1f95881a
[28May2025 18:20:58.708] [modloading-worker-0/DEBUG] [net.minecraftforge.versions.mcp.MCPVersion/CORE]: Found MC version information 1.20.1
[28May2025 18:20:58.709] [modloading-worker-0/DEBUG] [net.minecraftforge.versions.mcp.MCPVersion/CORE]: Found MCP version information 20230612.114412
[28May2025 18:20:58.709] [modloading-worker-0/INFO] [net.minecraftforge.common.ForgeMod/FORGEMOD]: Forge mod loading, version 47.3.7, for MC 1.20.1 with MCP 20230612.114412
[28May2025 18:20:58.710] [modloading-worker-0/INFO] [net.minecraftforge.common.MinecraftForge/FORGE]: MinecraftForge v47.3.7 Initialized
[28May2025 18:20:58.723] [modloading-worker-0/DEBUG] [net.minecraftforge.fml.javafmlmod.AutomaticEventSubscriber/LOADING]: Attempting to inject @EventBusSubscriber classes into the eventbus for jeresources
[28May2025 18:20:58.723] [modloading-worker-0/DEBUG] [net.minecraftforge.fml.javafmlmod.AutomaticEventSubscriber/LOADING]: Attempting to inject @EventBusSubscriber classes into the eventbus for tlskincape
[28May2025 18:20:58.723] [modloading-worker-0/DEBUG] [net.minecraftforge.common.ForgeMod/FORGEMOD]: Loading Network data for FML net version: FML3
[28May2025 18:20:58.735] [modloading-worker-0/DEBUG] [net.minecraftforge.fml.javafmlmod.AutomaticEventSubscriber/LOADING]: Attempting to inject @EventBusSubscriber classes into the eventbus for embeddium
[28May2025 18:20:58.736] [modloading-worker-0/DEBUG] [net.minecraftforge.fml.javafmlmod.AutomaticEventSubscriber/LOADING]: Attempting to inject @EventBusSubscriber classes into the eventbus for rubidium
[28May2025 18:20:58.738] [modloading-worker-0/DEBUG] [net.minecraftforge.fml.javafmlmod.AutomaticEventSubscriber/LOADING]: Attempting to inject @EventBusSubscriber classes into the eventbus for dungeons_arise
[28May2025 18:20:58.740] [modloading-worker-0/DEBUG] [net.minecraftforge.fml.config.ConfigTracker/CONFIG]: Config file forge-client.toml for forge tracking
[28May2025 18:20:58.741] [modloading-worker-0/DEBUG] [net.minecraftforge.fml.config.ConfigTracker/CONFIG]: Config file forge-server.toml for forge tracking
[28May2025 18:20:58.741] [modloading-worker-0/DEBUG] [net.minecraftforge.fml.ModLoadingContext/]: Attempted to register an empty config for type COMMON on mod forge
[28May2025 18:20:58.759] [modloading-worker-0/DEBUG] [mixin/]: Mixing ServerResourcesMixin from placebo.mixins.json into net.minecraft.server.ReloadableServerResources
[28May2025 18:20:58.759] [modloading-worker-0/DEBUG] [net.minecraftforge.fml.javafmlmod.AutomaticEventSubscriber/LOADING]: Attempting to inject @EventBusSubscriber classes into the eventbus for netherexp
[28May2025 18:20:58.760] [modloading-worker-0/DEBUG] [net.minecraftforge.fml.javafmlmod.AutomaticEventSubscriber/LOADING]: Auto-subscribing net.jadenxgamer.netherexp.event.JNEEvents to FORGE
[28May2025 18:20:58.763] [modloading-worker-0/DEBUG] [net.minecraftforge.fml.javafmlmod.AutomaticEventSubscriber/LOADING]: Auto-subscribing net.jadenxgamer.netherexp.event.JNEEvents$ModBusEvents to MOD
[28May2025 18:20:58.764] [modloading-worker-0/DEBUG] [net.minecraftforge.fml.javafmlmod.AutomaticEventSubscriber/LOADING]: Attempting to inject @EventBusSubscriber classes into the eventbus for forge
[28May2025 18:20:58.765] [modloading-worker-0/DEBUG] [net.minecraftforge.fml.javafmlmod.AutomaticEventSubscriber/LOADING]: Auto-subscribing net.minecraftforge.common.ForgeSpawnEggItem$CommonHandler to MOD
[28May2025 18:20:58.772] [modloading-worker-0/DEBUG] [net.minecraftforge.fml.config.ConfigTracker/CONFIG]: Config file alexscaves-general.toml for alexscaves tracking
[28May2025 18:20:58.772] [modloading-worker-0/DEBUG] [net.minecraftforge.fml.config.ConfigTracker/CONFIG]: Config file alexscaves-client.toml for alexscaves tracking
[28May2025 18:20:58.776] [modloading-worker-0/DEBUG] [net.minecraftforge.fml.config.ConfigTracker/CONFIG]: Config file esm-config.toml for nightmareesm tracking
[28May2025 18:20:58.780] [modloading-worker-0/DEBUG] [net.minecraftforge.fml.javafmlmod.AutomaticEventSubscriber/LOADING]: Attempting to inject @EventBusSubscriber classes into the eventbus for nightmareesm
[28May2025 18:20:58.780] [modloading-worker-0/DEBUG] [net.minecraftforge.fml.javafmlmod.AutomaticEventSubscriber/LOADING]: Auto-subscribing com.esm.nightmare.NightmareMain$RegistryEvents to MOD
[28May2025 18:20:58.955] [modloading-worker-0/DEBUG] [net.minecraftforge.fml.javafmlmod.AutomaticEventSubscriber/LOADING]: Attempting to inject @EventBusSubscriber classes into the eventbus for travelersbackpack
[28May2025 18:20:58.955] [modloading-worker-0/DEBUG] [net.minecraftforge.fml.javafmlmod.AutomaticEventSubscriber/LOADING]: Auto-subscribing com.tiviacz.travelersbackpack.handlers.NeoForgeEventHandler to FORGE
[28May2025 18:20:58.984] [modloading-worker-0/DEBUG] [net.minecraftforge.fml.javafmlmod.AutomaticEventSubscriber/LOADING]: Auto-subscribing com.tiviacz.travelersbackpack.handlers.ModEventHandler to MOD
[28May2025 18:20:59.061] [modloading-worker-0/DEBUG] [mixin/]: Mixing GameTypeMixin from attributeslib.mixins.json into net.minecraft.world.level.GameType
[28May2025 18:20:59.073] [modloading-worker-0/DEBUG] [creativecore/]: Created network creativecore:main
[28May2025 18:20:59.084] [modloading-worker-0/DEBUG] [net.minecraftforge.fml.javafmlmod.AutomaticEventSubscriber/LOADING]: Attempting to inject @EventBusSubscriber classes into the eventbus for creativecore
[28May2025 18:20:59.088] [modloading-worker-0/DEBUG] [net.minecraftforge.fml.javafmlmod.AutomaticEventSubscriber/LOADING]: Attempting to inject @EventBusSubscriber classes into the eventbus for chunky
[28May2025 18:20:59.216] [modloading-worker-0/DEBUG] [net.minecraftforge.fml.config.ConfigTracker/CONFIG]: Config file eeeabsmobs-common.toml for eeeabsmobs tracking
[28May2025 18:20:59.223] [modloading-worker-0/DEBUG] [net.minecraftforge.fml.javafmlmod.AutomaticEventSubscriber/LOADING]: Attempting to inject @EventBusSubscriber classes into the eventbus for eeeabsmobs
[28May2025 18:20:59.224] [modloading-worker-0/DEBUG] [net.minecraftforge.fml.javafmlmod.AutomaticEventSubscriber/LOADING]: Auto-subscribing com.eeeab.eeeabsmobs.sever.world.datagen.DataGenerators to MOD
[28May2025 18:20:59.225] [modloading-worker-0/DEBUG] [net.minecraftforge.fml.javafmlmod.AutomaticEventSubscriber/LOADING]: Auto-subscribing com.eeeab.eeeabsmobs.sever.init.EntityInit to MOD
[28May2025 18:20:59.226] [modloading-worker-0/DEBUG] [net.minecraftforge.fml.javafmlmod.AutomaticEventSubscriber/LOADING]: Auto-subscribing com.eeeab.eeeabsmobs.sever.config.EMConfigHandler to MOD
[28May2025 18:20:59.226] [modloading-worker-0/DEBUG] [net.minecraftforge.fml.javafmlmod.AutomaticEventSubscriber/LOADING]: Auto-subscribing com.eeeab.eeeabsmobs.EEEABMobs to FORGE
[28May2025 18:20:59.349] [modloading-worker-0/DEBUG] [net.minecraftforge.fml.javafmlmod.AutomaticEventSubscriber/LOADING]: Attempting to inject @EventBusSubscriber classes into the eventbus for alexscaves
[28May2025 18:20:59.350] [modloading-worker-0/DEBUG] [net.minecraftforge.fml.javafmlmod.AutomaticEventSubscriber/LOADING]: Auto-subscribing com.github.alexmodguy.alexscaves.server.entity.ACEntityRegistry to MOD
[28May2025 18:20:59.356] [modloading-worker-0/DEBUG] [net.minecraftforge.fml.javafmlmod.AutomaticEventSubscriber/LOADING]: Attempting to inject @EventBusSubscriber classes into the eventbus for lionfishapi
[28May2025 18:20:59.358] [modloading-worker-0/DEBUG] [net.minecraftforge.fml.javafmlmod.AutomaticEventSubscriber/LOADING]: Auto-subscribing com.github.L_Ender.lionfishapi.LionfishAPI to FORGE
[28May2025 18:20:59.359] [modloading-worker-0/DEBUG] [net.minecraftforge.fml.javafmlmod.AutomaticEventSubscriber/LOADING]: Auto-subscribing com.github.L_Ender.lionfishapi.CommonProxy to MOD
[28May2025 18:20:59.367] [modloading-worker-0/INFO] [me.wesley1808.servercore.common.ServerCore/]: [ServerCore] Loaded V1.5.2+1.20.1!
[28May2025 18:20:59.373] [modloading-worker-0/DEBUG] [net.minecraftforge.fml.javafmlmod.AutomaticEventSubscriber/LOADING]: Attempting to inject @EventBusSubscriber classes into the eventbus for servercore
[28May2025 18:20:59.382] [modloading-worker-0/DEBUG] [mixin/]: Mixing MixinOnSpellFinish from mixins.epicironcompat.json into io.redspace.ironsspellbooks.api.spells.AbstractSpell
[28May2025 18:20:59.391] [modloading-worker-0/DEBUG] [net.minecraftforge.fml.config.ConfigTracker/CONFIG]: Config file cataclysm.toml for cataclysm tracking
[28May2025 18:20:59.411] [modloading-worker-0/DEBUG] [net.minecraftforge.fml.javafmlmod.AutomaticEventSubscriber/LOADING]: Attempting to inject @EventBusSubscriber classes into the eventbus for dungeons_and_combat
[28May2025 18:20:59.411] [modloading-worker-0/DEBUG] [net.minecraftforge.fml.javafmlmod.AutomaticEventSubscriber/LOADING]: Auto-subscribing net.mcreator.dungeonsandcombat.recipes.brewing.MimicEyeNightVisionBrewingRecipe to MOD
[28May2025 18:20:59.415] [modloading-worker-0/DEBUG] [net.minecraftforge.fml.javafmlmod.AutomaticEventSubscriber/LOADING]: Auto-subscribing net.mcreator.dungeonsandcombat.recipes.brewing.LongHasteIIPotionRecipeBrewingRecipe to MOD
[28May2025 18:20:59.418] [modloading-worker-0/DEBUG] [net.minecraftforge.fml.javafmlmod.AutomaticEventSubscriber/LOADING]: Auto-subscribing net.mcreator.dungeonsandcombat.recipes.brewing.LongGigantPotionRecipeBrewingRecipe to MOD
[28May2025 18:20:59.419] [modloading-worker-0/DEBUG] [net.minecraftforge.fml.javafmlmod.AutomaticEventSubscriber/LOADING]: Auto-subscribing net.mcreator.dungeonsandcombat.recipes.brewing.LongFrozenRecistanceRecipeBrewingRecipe to MOD
[28May2025 18:20:59.421] [modloading-worker-0/DEBUG] [net.minecraftforge.fml.javafmlmod.AutomaticEventSubscriber/LOADING]: Auto-subscribing net.mcreator.dungeonsandcombat.recipes.brewing.IntoxicatedPotionRecipeBrewingRecipe to MOD
[28May2025 18:20:59.421] [modloading-worker-0/DEBUG] [net.minecraftforge.fml.javafmlmod.AutomaticEventSubscriber/LOADING]: Auto-subscribing net.mcreator.dungeonsandcombat.recipes.brewing.HorusoFeatherSlowFallingBrewingRecipe to MOD
[28May2025 18:20:59.422] [modloading-worker-0/DEBUG] [net.minecraftforge.fml.javafmlmod.AutomaticEventSubscriber/LOADING]: Auto-subscribing net.mcreator.dungeonsandcombat.recipes.brewing.HastePotionIIRecipeBrewingRecipe to MOD
[28May2025 18:20:59.424] [modloading-worker-0/DEBUG] [net.minecraftforge.fml.javafmlmod.AutomaticEventSubscriber/LOADING]: Auto-subscribing net.mcreator.dungeonsandcombat.recipes.brewing.HasteIIIPotionRecipeBrewingRecipe to MOD
[28May2025 18:20:59.425] [modloading-worker-0/DEBUG] [net.minecraftforge.fml.javafmlmod.AutomaticEventSubscriber/LOADING]: Auto-subscribing net.mcreator.dungeonsandcombat.recipes.brewing.GigantPotionRecipeBrewingRecipe to MOD
[28May2025 18:20:59.426] [modloading-worker-0/DEBUG] [net.minecraftforge.fml.javafmlmod.AutomaticEventSubscriber/LOADING]: Auto-subscribing net.mcreator.dungeonsandcombat.recipes.brewing.FrozenPotionRecistanceBrewingRecipe to MOD
[28May2025 18:20:59.428] [modloading-worker-0/DEBUG] [net.minecraftforge.fml.javafmlmod.AutomaticEventSubscriber/LOADING]: Auto-subscribing net.mcreator.dungeonsandcombat.recipes.brewing.FlowerFairyWingsLevitationBrewingRecipe to MOD
[28May2025 18:20:59.430] [modloading-worker-0/DEBUG] [net.minecraftforge.fml.javafmlmod.AutomaticEventSubscriber/LOADING]: Auto-subscribing net.mcreator.dungeonsandcombat.procedures.VillagerChaliceProcedure to FORGE
[28May2025 18:20:59.432] [modloading-worker-0/DEBUG] [net.minecraftforge.fml.javafmlmod.AutomaticEventSubscriber/LOADING]: Auto-subscribing net.mcreator.dungeonsandcombat.procedures.ToxinEdgeEffectProcedure to FORGE
[28May2025 18:20:59.434] [modloading-worker-0/DEBUG] [net.minecraftforge.fml.javafmlmod.AutomaticEventSubscriber/LOADING]: Auto-subscribing net.mcreator.dungeonsandcombat.procedures.TotemOfSacrificieProcedure to FORGE
[28May2025 18:20:59.435] [modloading-worker-0/DEBUG] [net.minecraftforge.fml.javafmlmod.AutomaticEventSubscriber/LOADING]: Auto-subscribing net.mcreator.dungeonsandcombat.procedures.TitanClassEverProcedure to FORGE
[28May2025 18:20:59.436] [modloading-worker-0/DEBUG] [net.minecraftforge.fml.javafmlmod.AutomaticEventSubscriber/LOADING]: Auto-subscribing net.mcreator.dungeonsandcombat.procedures.SunleiaHandEffectProcedure to FORGE
[28May2025 18:20:59.438] [modloading-worker-0/DEBUG] [net.minecraftforge.fml.javafmlmod.AutomaticEventSubscriber/LOADING]: Auto-subscribing net.mcreator.dungeonsandcombat.procedures.StyleManualGivenProcedure to FORGE
[28May2025 18:20:59.438] [modloading-worker-0/DEBUG] [net.minecraftforge.fml.javafmlmod.AutomaticEventSubscriber/LOADING]: Auto-subscribing net.mcreator.dungeonsandcombat.procedures.SteelArmorSetBonusProcedure to FORGE
[28May2025 18:20:59.441] [modloading-worker-0/DEBUG] [net.minecraftforge.fml.javafmlmod.AutomaticEventSubscriber/LOADING]: Auto-subscribing net.mcreator.dungeonsandcombat.procedures.SanguineStaffIIIEfectProcedure to FORGE
[28May2025 18:20:59.441] [modloading-worker-0/DEBUG] [net.minecraftforge.fml.javafmlmod.AutomaticEventSubscriber/LOADING]: Auto-subscribing net.mcreator.dungeonsandcombat.procedures.SanguineStaffIIEffectProcedure to FORGE
[28May2025 18:20:59.443] [modloading-worker-0/DEBUG] [net.minecraftforge.fml.javafmlmod.AutomaticEventSubscriber/LOADING]: Auto-subscribing net.mcreator.dungeonsandcombat.procedures.SanguineStaffEffectProcedure to FORGE
[28May2025 18:20:59.444] [modloading-worker-0/DEBUG] [net.minecraftforge.fml.javafmlmod.AutomaticEventSubscriber/LOADING]: Auto-subscribing net.mcreator.dungeonsandcombat.procedures.RogueClassEverProcedure to FORGE
[28May2025 18:20:59.445] [modloading-worker-0/DEBUG] [net.minecraftforge.fml.javafmlmod.AutomaticEventSubscriber/LOADING]: Auto-subscribing net.mcreator.dungeonsandcombat.procedures.PoisonEdgeEffectProcedure to FORGE
[28May2025 18:20:59.447] [modloading-worker-0/DEBUG] [net.minecraftforge.fml.javafmlmod.AutomaticEventSubscriber/LOADING]: Auto-subscribing net.mcreator.dungeonsandcombat.procedures.OniSlayerEdgeProcedure to FORGE
[28May2025 18:20:59.450] [modloading-worker-0/DEBUG] [net.minecraftforge.fml.javafmlmod.AutomaticEventSubscriber/LOADING]: Auto-subscribing net.mcreator.dungeonsandcombat.procedures.OniSlayerClassEverProcedure to FORGE
[28May2025 18:20:59.451] [modloading-worker-0/DEBUG] [net.minecraftforge.fml.javafmlmod.AutomaticEventSubscriber/LOADING]: Auto-subscribing net.mcreator.dungeonsandcombat.procedures.OniSlayerAttackProcedure to FORGE
[28May2025 18:20:59.453] [modloading-worker-0/DEBUG] [net.minecraftforge.fml.javafmlmod.AutomaticEventSubscriber/LOADING]: Auto-subscribing net.mcreator.dungeonsandcombat.procedures.MoltenRingEffectProcedure to FORGE
[28May2025 18:20:59.454] [modloading-worker-0/DEBUG] [net.minecraftforge.fml.javafmlmod.AutomaticEventSubscriber/LOADING]: Auto-subscribing net.mcreator.dungeonsandcombat.procedures.MoltenDarkSteelSetBonusProcedure to FORGE
[28May2025 18:20:59.514] [modloading-worker-0/DEBUG] [net.minecraftforge.fml.javafmlmod.AutomaticEventSubscriber/LOADING]: Auto-subscribing net.mcreator.dungeonsandcombat.procedures.MoltenBlazingCursedArmorSetProcedure to FORGE
[28May2025 18:20:59.515] [modloading-worker-0/DEBUG] [net.minecraftforge.fml.javafmlmod.AutomaticEventSubscriber/LOADING]: Auto-subscribing net.mcreator.dungeonsandcombat.procedures.MoltenBlazingArmorBonusSetProcedure to FORGE
[28May2025 18:20:59.524] [modloading-worker-0/DEBUG] [net.minecraftforge.fml.javafmlmod.AutomaticEventSubscriber/LOADING]: Auto-subscribing net.mcreator.dungeonsandcombat.procedures.MimicAttackProcedure to FORGE
[28May2025 18:20:59.528] [modloading-worker-0/DEBUG] [net.minecraftforge.fml.javafmlmod.AutomaticEventSubscriber/LOADING]: Auto-subscribing net.mcreator.dungeonsandcombat.procedures.LifeStealEffectProcedure to FORGE
[28May2025 18:20:59.529] [modloading-worker-0/DEBUG] [net.minecraftforge.fml.javafmlmod.AutomaticEventSubscriber/LOADING]: Auto-subscribing net.mcreator.dungeonsandcombat.procedures.HunterFuryIIHitEffectProcedure to FORGE
[28May2025 18:20:59.530] [modloading-worker-0/DEBUG] [net.minecraftforge.fml.javafmlmod.AutomaticEventSubscriber/LOADING]: Auto-subscribing net.mcreator.dungeonsandcombat.procedures.HunterFuryHitEffectProcedure to FORGE
[28May2025 18:20:59.532] [modloading-worker-0/DEBUG] [net.minecraftforge.fml.javafmlmod.AutomaticEventSubscriber/LOADING]: Auto-subscribing net.mcreator.dungeonsandcombat.procedures.ForgottenKnightClassEverProcedure to FORGE
[28May2025 18:20:59.534] [modloading-worker-0/DEBUG] [net.minecraftforge.fml.javafmlmod.AutomaticEventSubscriber/LOADING]: Auto-subscribing net.mcreator.dungeonsandcombat.procedures.FlamingGlovesEffectProcedure to FORGE
[28May2025 18:20:59.535] [modloading-worker-0/DEBUG] [net.minecraftforge.fml.javafmlmod.AutomaticEventSubscriber/LOADING]: Auto-subscribing net.mcreator.dungeonsandcombat.procedures.DungeonsAndCombatLogroProcedure to FORGE
[28May2025 18:20:59.536] [modloading-worker-0/DEBUG] [net.minecraftforge.fml.javafmlmod.AutomaticEventSubscriber/LOADING]: Auto-subscribing net.mcreator.dungeonsandcombat.procedures.CrimsonShieldHealthProcedure to FORGE
[28May2025 18:20:59.538] [modloading-worker-0/DEBUG] [net.minecraftforge.fml.javafmlmod.AutomaticEventSubscriber/LOADING]: Auto-subscribing net.mcreator.dungeonsandcombat.procedures.CrimsonArmorBonusProcedure to FORGE
[28May2025 18:20:59.544] [modloading-worker-0/DEBUG] [net.minecraftforge.fml.javafmlmod.AutomaticEventSubscriber/LOADING]: Auto-subscribing net.mcreator.dungeonsandcombat.procedures.ChaliceWithImpureBloodFillProcedure to FORGE
[28May2025 18:20:59.545] [modloading-worker-0/DEBUG] [net.minecraftforge.fml.javafmlmod.AutomaticEventSubscriber/LOADING]: Auto-subscribing net.mcreator.dungeonsandcombat.procedures.ChaliceWithDivineBloodFillProcedure to FORGE
[28May2025 18:20:59.545] [modloading-worker-0/DEBUG] [net.minecraftforge.fml.javafmlmod.AutomaticEventSubscriber/LOADING]: Auto-subscribing net.mcreator.dungeonsandcombat.procedures.ChaliceWithBloodFillProcedure to FORGE
[28May2025 18:20:59.549] [modloading-worker-0/DEBUG] [net.minecraftforge.fml.javafmlmod.AutomaticEventSubscriber/LOADING]: Auto-subscribing net.mcreator.dungeonsandcombat.procedures.BurningEdgeEffectProcedure to FORGE
[28May2025 18:20:59.550] [modloading-worker-0/DEBUG] [net.minecraftforge.fml.javafmlmod.AutomaticEventSubscriber/LOADING]: Auto-subscribing net.mcreator.dungeonsandcombat.procedures.BurningAuraEffectProcedure to FORGE
[28May2025 18:20:59.551] [modloading-worker-0/DEBUG] [net.minecraftforge.fml.javafmlmod.AutomaticEventSubscriber/LOADING]: Auto-subscribing net.mcreator.dungeonsandcombat.procedures.BurningAuraCursedProcedure to FORGE
[28May2025 18:20:59.553] [modloading-worker-0/DEBUG] [net.minecraftforge.fml.javafmlmod.AutomaticEventSubscriber/LOADING]: Auto-subscribing net.mcreator.dungeonsandcombat.procedures.BronzeBarbarianHelmetTickEventProcedure to FORGE
[28May2025 18:20:59.555] [modloading-worker-0/DEBUG] [net.minecraftforge.fml.javafmlmod.AutomaticEventSubscriber/LOADING]: Auto-subscribing net.mcreator.dungeonsandcombat.procedures.BountyHunterClassEverProcedure to FORGE
[28May2025 18:20:59.559] [modloading-worker-0/DEBUG] [net.minecraftforge.fml.javafmlmod.AutomaticEventSubscriber/LOADING]: Auto-subscribing net.mcreator.dungeonsandcombat.procedures.BlessedGoldToolsProcedure to FORGE
[28May2025 18:20:59.560] [modloading-worker-0/DEBUG] [net.minecraftforge.fml.javafmlmod.AutomaticEventSubscriber/LOADING]: Auto-subscribing net.mcreator.dungeonsandcombat.procedures.BlessedGoldArmorSetProcedure to FORGE
[28May2025 18:20:59.561] [modloading-worker-0/DEBUG] [net.minecraftforge.fml.javafmlmod.AutomaticEventSubscriber/LOADING]: Auto-subscribing net.mcreator.dungeonsandcombat.procedures.BleedingEdgeEffectProcedure to FORGE
[28May2025 18:20:59.562] [modloading-worker-0/DEBUG] [net.minecraftforge.fml.javafmlmod.AutomaticEventSubscriber/LOADING]: Auto-subscribing net.mcreator.dungeonsandcombat.procedures.AmmitEdgeEffectProcedure to FORGE
[28May2025 18:20:59.563] [modloading-worker-0/DEBUG] [net.minecraftforge.fml.javafmlmod.AutomaticEventSubscriber/LOADING]: Auto-subscribing net.mcreator.dungeonsandcombat.procedures.AcidMoltenBlazingAuraProcedure to FORGE
[28May2025 18:20:59.564] [modloading-worker-0/DEBUG] [net.minecraftforge.fml.javafmlmod.AutomaticEventSubscriber/LOADING]: Auto-subscribing net.mcreator.dungeonsandcombat.procedures.AcidFiredEntityProcedure to FORGE
[28May2025 18:20:59.565] [modloading-worker-0/DEBUG] [net.minecraftforge.fml.javafmlmod.AutomaticEventSubscriber/LOADING]: Auto-subscribing net.mcreator.dungeonsandcombat.procedures.AcidFireExtingProcedure to FORGE
[28May2025 18:20:59.565] [modloading-worker-0/DEBUG] [net.minecraftforge.fml.javafmlmod.AutomaticEventSubscriber/LOADING]: Auto-subscribing net.mcreator.dungeonsandcombat.procedures.AcidFireEdgeEffectProcedure to FORGE
[28May2025 18:20:59.571] [modloading-worker-0/DEBUG] [net.minecraftforge.fml.javafmlmod.AutomaticEventSubscriber/LOADING]: Auto-subscribing net.mcreator.dungeonsandcombat.procedures.AberratorChaliceProcedure to FORGE
[28May2025 18:20:59.573] [modloading-worker-0/DEBUG] [net.minecraftforge.fml.javafmlmod.AutomaticEventSubscriber/LOADING]: Auto-subscribing net.mcreator.dungeonsandcombat.network.VagabondClassGUIButtonMessage to MOD
[28May2025 18:20:59.577] [modloading-worker-0/DEBUG] [net.minecraftforge.fml.javafmlmod.AutomaticEventSubscriber/LOADING]: Auto-subscribing net.mcreator.dungeonsandcombat.network.TitanClassGUIButtonMessage to MOD
[28May2025 18:20:59.578] [modloading-worker-0/DEBUG] [net.minecraftforge.fml.javafmlmod.AutomaticEventSubscriber/LOADING]: Auto-subscribing net.mcreator.dungeonsandcombat.network.RogueClassGUIButtonMessage to MOD
[28May2025 18:20:59.579] [modloading-worker-0/DEBUG] [net.minecraftforge.fml.javafmlmod.AutomaticEventSubscriber/LOADING]: Auto-subscribing net.mcreator.dungeonsandcombat.network.OniSlayerClassGUIButtonMessage to MOD
[28May2025 18:20:59.584] [modloading-worker-0/DEBUG] [net.minecraftforge.fml.javafmlmod.AutomaticEventSubscriber/LOADING]: Attempting to inject @EventBusSubscriber classes into the eventbus for mofus_better_end_
[28May2025 18:20:59.580] [modloading-worker-0/DEBUG] [net.minecraftforge.fml.javafmlmod.AutomaticEventSubscriber/LOADING]: Auto-subscribing net.mcreator.dungeonsandcombat.network.ForgottenKnightClassGUIButtonMessage to MOD
[28May2025 18:20:59.585] [modloading-worker-0/DEBUG] [net.minecraftforge.fml.javafmlmod.AutomaticEventSubscriber/LOADING]: Auto-subscribing net.mcreator.dungeonsandcombat.network.ExliedClassGUIButtonMessage to MOD
[28May2025 18:20:59.586] [modloading-worker-0/DEBUG] [net.minecraftforge.fml.javafmlmod.AutomaticEventSubscriber/LOADING]: Auto-subscribing net.mcreator.dungeonsandcombat.network.BountyHunterClassGUIButtonMessage to MOD
[28May2025 18:20:59.586] [modloading-worker-0/DEBUG] [net.minecraftforge.fml.javafmlmod.AutomaticEventSubscriber/LOADING]: Auto-subscribing net.mcreator.mofusbetterend.world.teleporter.BrokenConstellationTeleporter to MOD
[28May2025 18:20:59.592] [modloading-worker-0/DEBUG] [net.minecraftforge.fml.javafmlmod.AutomaticEventSubscriber/LOADING]: Auto-subscribing net.mcreator.mofusbetterend.world.inventory.MechCreationStationGUIMenu to FORGE
[28May2025 18:20:59.593] [modloading-worker-0/DEBUG] [net.minecraftforge.fml.javafmlmod.AutomaticEventSubscriber/LOADING]: Auto-subscribing net.mcreator.dungeonsandcombat.init.ItemAnimationFactory to FORGE
[28May2025 18:20:59.594] [modloading-worker-0/DEBUG] [net.minecraftforge.fml.javafmlmod.AutomaticEventSubscriber/LOADING]: Auto-subscribing net.mcreator.dungeonsandcombat.init.EntityAnimationFactory to FORGE
[28May2025 18:20:59.595] [modloading-worker-0/DEBUG] [net.minecraftforge.fml.javafmlmod.AutomaticEventSubscriber/LOADING]: Auto-subscribing net.mcreator.dungeonsandcombat.init.DungeonsAndCombatModVillagerProfessions to MOD
[28May2025 18:20:59.598] [modloading-worker-0/DEBUG] [net.minecraftforge.fml.javafmlmod.AutomaticEventSubscriber/LOADING]: Auto-subscribing net.mcreator.dungeonsandcombat.init.DungeonsAndCombatModTrades to FORGE
[28May2025 18:20:59.599] [modloading-worker-0/DEBUG] [net.minecraftforge.fml.javafmlmod.AutomaticEventSubscriber/LOADING]: Auto-subscribing net.mcreator.dungeonsandcombat.init.DungeonsAndCombatModEntities to MOD
[28May2025 18:20:59.600] [modloading-worker-0/DEBUG] [net.minecraftforge.fml.javafmlmod.AutomaticEventSubscriber/LOADING]: Auto-subscribing net.mcreator.dungeonsandcombat.init.DungeonsAndCombatModCuriosSlots to MOD
[28May2025 18:20:59.603] [modloading-worker-0/DEBUG] [net.minecraftforge.fml.javafmlmod.AutomaticEventSubscriber/LOADING]: Auto-subscribing net.mcreator.dungeonsandcombat.init.DungeonsAndCombatModCuriosRenderers to MOD
[28May2025 18:20:59.604] [modloading-worker-0/DEBUG] [net.minecraftforge.fml.javafmlmod.AutomaticEventSubscriber/LOADING]: Auto-subscribing net.mcreator.dungeonsandcombat.init.DungeonsAndCombatModAttributes to MOD
[28May2025 18:20:59.612] [modloading-worker-0/DEBUG] [net.minecraftforge.fml.javafmlmod.AutomaticEventSubscriber/LOADING]: Auto-subscribing net.mcreator.mofusbetterend.world.inventory.CrestguinGUIMenu to FORGE
[28May2025 18:20:59.619] [modloading-worker-0/DEBUG] [net.minecraftforge.fml.javafmlmod.AutomaticEventSubscriber/LOADING]: Auto-subscribing net.mcreator.mofusbetterend.world.features.StructureFeature to FORGE
[28May2025 18:20:59.619] [modloading-worker-0/DEBUG] [net.minecraftforge.fml.javafmlmod.AutomaticEventSubscriber/LOADING]: Auto-subscribing net.mcreator.mofusbetterend.world.dimension.BrokenConstellationDimension to FORGE
[28May2025 18:20:59.620] [modloading-worker-0/DEBUG] [net.minecraftforge.fml.javafmlmod.AutomaticEventSubscriber/LOADING]: Auto-subscribing net.mcreator.mofusbetterend.world.dimension.BrokenConstellationDimension$DimensionSpecialEffectsHandler to MOD
[28May2025 18:20:59.622] [modloading-worker-0/DEBUG] [net.minecraftforge.fml.javafmlmod.AutomaticEventSubscriber/LOADING]: Auto-subscribing net.mcreator.mofusbetterend.recipes.brewing.WasppheromoneRecipeBrewingRecipe to MOD
[28May2025 18:20:59.624] [modloading-worker-0/DEBUG] [net.minecraftforge.fml.javafmlmod.AutomaticEventSubscriber/LOADING]: Auto-subscribing net.mcreator.mofusbetterend.recipes.brewing.LongAntidoteRecipeBrewingRecipe to MOD
[28May2025 18:20:59.625] [modloading-worker-0/DEBUG] [net.minecraftforge.fml.javafmlmod.AutomaticEventSubscriber/LOADING]: Auto-subscribing net.mcreator.mofusbetterend.recipes.brewing.EndMantaPotionRecipeBrewingRecipe to MOD
[28May2025 18:20:59.626] [modloading-worker-0/DEBUG] [net.minecraftforge.fml.javafmlmod.AutomaticEventSubscriber/LOADING]: Auto-subscribing net.mcreator.mofusbetterend.recipes.brewing.Antidote1RecipeBrewingRecipe to MOD
[28May2025 18:20:59.627] [modloading-worker-0/DEBUG] [net.minecraftforge.fml.javafmlmod.AutomaticEventSubscriber/LOADING]: Auto-subscribing net.mcreator.mofusbetterend.procedures.VoidjellyattackProcedure to FORGE
[28May2025 18:20:59.629] [modloading-worker-0/DEBUG] [net.minecraftforge.fml.javafmlmod.AutomaticEventSubscriber/LOADING]: Auto-subscribing net.mcreator.mofusbetterend.procedures.TowerbeforehurtProcedure to FORGE
[28May2025 18:20:59.630] [modloading-worker-0/DEBUG] [net.minecraftforge.fml.javafmlmod.AutomaticEventSubscriber/LOADING]: Auto-subscribing net.mcreator.mofusbetterend.procedures.ThecetoustriggerProcedure to FORGE
[28May2025 18:20:59.632] [modloading-worker-0/DEBUG] [net.minecraftforge.fml.javafmlmod.AutomaticEventSubscriber/LOADING]: Auto-subscribing net.mcreator.mofusbetterend.procedures.StripwoodprocedureProcedure to FORGE
[28May2025 18:20:59.633] [modloading-worker-0/DEBUG] [net.minecraftforge.fml.javafmlmod.AutomaticEventSubscriber/LOADING]: Auto-subscribing net.mcreator.mofusbetterend.procedures.RightclickalleyeguardiansProcedure to FORGE
[28May2025 18:20:59.634] [modloading-worker-0/DEBUG] [net.minecraftforge.fml.config.ConfigTracker/CONFIG]: Config file curios-client.toml for curios tracking
[28May2025 18:20:59.636] [modloading-worker-0/DEBUG] [net.minecraftforge.fml.javafmlmod.AutomaticEventSubscriber/LOADING]: Auto-subscribing net.mcreator.mofusbetterend.procedures.RebornLitchMusicResetProcedure to FORGE
[28May2025 18:20:59.637] [modloading-worker-0/DEBUG] [net.minecraftforge.fml.javafmlmod.AutomaticEventSubscriber/LOADING]: Auto-subscribing net.mcreator.mofusbetterend.procedures.RebornLitchMusicProcedure to FORGE
[28May2025 18:20:59.640] [modloading-worker-0/DEBUG] [net.minecraftforge.fml.javafmlmod.AutomaticEventSubscriber/LOADING]: Auto-subscribing net.mcreator.mofusbetterend.procedures.RebornLitchMusicPlayProcedure to FORGE
[28May2025 18:20:59.641] [modloading-worker-0/DEBUG] [net.minecraftforge.fml.javafmlmod.AutomaticEventSubscriber/LOADING]: Auto-subscribing net.mcreator.mofusbetterend.procedures.RavenousreactionsProcedure to FORGE
[28May2025 18:20:59.642] [modloading-worker-0/DEBUG] [net.minecraftforge.fml.javafmlmod.AutomaticEventSubscriber/LOADING]: Auto-subscribing net.mcreator.mofusbetterend.procedures.QueenprojectileblockProcedure to FORGE
[28May2025 18:20:59.639] [modloading-worker-0/DEBUG] [net.minecraftforge.fml.config.ConfigTracker/CONFIG]: Config file curios-common.toml for curios tracking
[28May2025 18:20:59.643] [modloading-worker-0/DEBUG] [net.minecraftforge.fml.config.ConfigTracker/CONFIG]: Config file curios-server.toml for curios tracking
[28May2025 18:20:59.643] [modloading-worker-0/DEBUG] [net.minecraftforge.fml.javafmlmod.AutomaticEventSubscriber/LOADING]: Attempting to inject @EventBusSubscriber classes into the eventbus for curios
[28May2025 18:20:59.646] [modloading-worker-0/DEBUG] [net.minecraftforge.fml.javafmlmod.AutomaticEventSubscriber/LOADING]: Auto-subscribing net.mcreator.mofusbetterend.procedures.PlayerjoinProcedure to FORGE
[28May2025 18:20:59.647] [modloading-worker-0/DEBUG] [net.minecraftforge.fml.javafmlmod.AutomaticEventSubscriber/LOADING]: Auto-subscribing net.mcreator.mofusbetterend.procedures.PlayerNautilusOverlayProcedure to FORGE
[28May2025 18:20:59.651] [modloading-worker-0/DEBUG] [net.minecraftforge.fml.javafmlmod.AutomaticEventSubscriber/LOADING]: Auto-subscribing net.mcreator.mofusbetterend.procedures.PlayerLooksatEndermanProcedure to FORGE
[28May2025 18:20:59.659] [modloading-worker-0/DEBUG] [net.minecraftforge.fml.javafmlmod.AutomaticEventSubscriber/LOADING]: Auto-subscribing net.mcreator.mofusbetterend.procedures.PlayerEndSpawnProcedure to FORGE
[28May2025 18:20:59.660] [modloading-worker-0/DEBUG] [net.minecraftforge.fml.javafmlmod.AutomaticEventSubscriber/LOADING]: Auto-subscribing net.mcreator.mofusbetterend.procedures.NomouthendermanaggroProcedure to FORGE
[28May2025 18:20:59.661] [modloading-worker-0/DEBUG] [net.minecraftforge.fml.javafmlmod.AutomaticEventSubscriber/LOADING]: Auto-subscribing net.mcreator.mofusbetterend.procedures.NestAttackProcedureProcedure to FORGE
[28May2025 18:20:59.661] [modloading-worker-0/DEBUG] [net.minecraftforge.fml.javafmlmod.AutomaticEventSubscriber/LOADING]: Auto-subscribing net.mcreator.mofusbetterend.procedures.LitchMusicResetProcedure to FORGE
[28May2025 18:20:59.664] [modloading-worker-0/DEBUG] [net.minecraftforge.fml.javafmlmod.AutomaticEventSubscriber/LOADING]: Auto-subscribing net.mcreator.mofusbetterend.procedures.LitchMusicProcedure to FORGE
[28May2025 18:20:59.667] [modloading-worker-0/DEBUG] [net.minecraftforge.fml.javafmlmod.AutomaticEventSubscriber/LOADING]: Auto-subscribing net.mcreator.mofusbetterend.procedures.LitchMusicPlayProcedure to FORGE
[28May2025 18:20:59.668] [modloading-worker-0/DEBUG] [net.minecraftforge.fml.javafmlmod.AutomaticEventSubscriber/LOADING]: Auto-subscribing net.mcreator.mofusbetterend.procedures.ItemexplosionresistanceProcedure to FORGE
[28May2025 18:20:59.670] [modloading-worker-0/DEBUG] [net.minecraftforge.fml.javafmlmod.AutomaticEventSubscriber/LOADING]: Auto-subscribing net.mcreator.mofusbetterend.procedures.ImmortalmobsProcedure to FORGE
[28May2025 18:20:59.671] [modloading-worker-0/DEBUG] [net.minecraftforge.fml.javafmlmod.AutomaticEventSubscriber/LOADING]: Auto-subscribing net.mcreator.mofusbetterend.procedures.GuardianPropellerItemInInventoryTickProcedure to FORGE
[28May2025 18:20:59.673] [modloading-worker-0/DEBUG] [net.minecraftforge.fml.javafmlmod.AutomaticEventSubscriber/LOADING]: Auto-subscribing net.mcreator.mofusbetterend.procedures.GuardianGolemSpawnProcedureProcedure to FORGE
[28May2025 18:20:59.677] [modloading-worker-0/DEBUG] [net.minecraftforge.fml.javafmlmod.AutomaticEventSubscriber/LOADING]: Auto-subscribing net.mcreator.mofusbetterend.procedures.GliderroarProcedure to FORGE
[28May2025 18:20:59.678] [modloading-worker-0/DEBUG] [net.minecraftforge.fml.javafmlmod.AutomaticEventSubscriber/LOADING]: Auto-subscribing net.mcreator.mofusbetterend.procedures.GlassjugusageProcedure to FORGE
[28May2025 18:20:59.678] [modloading-worker-0/DEBUG] [net.minecraftforge.fml.javafmlmod.AutomaticEventSubscriber/LOADING]: Auto-subscribing net.mcreator.mofusbetterend.procedures.ForgottenengageProcedure to FORGE
[28May2025 18:20:59.679] [modloading-worker-0/DEBUG] [net.minecraftforge.fml.javafmlmod.AutomaticEventSubscriber/LOADING]: Auto-subscribing net.mcreator.mofusbetterend.procedures.EyeGuardianBlockingProcedure to FORGE
[28May2025 18:20:59.680] [modloading-worker-0/DEBUG] [net.minecraftforge.fml.javafmlmod.AutomaticEventSubscriber/LOADING]: Auto-subscribing net.mcreator.mofusbetterend.procedures.EndermitesAttackedProcedure to FORGE
[28May2025 18:20:59.683] [modloading-worker-0/DEBUG] [net.minecraftforge.fml.javafmlmod.AutomaticEventSubscriber/LOADING]: Auto-subscribing net.mcreator.mofusbetterend.procedures.EndermenpagedropProcedure to FORGE
[28May2025 18:20:59.684] [modloading-worker-0/DEBUG] [net.minecraftforge.fml.javafmlmod.AutomaticEventSubscriber/LOADING]: Auto-subscribing net.mcreator.mofusbetterend.procedures.CrestguinNestStickCheckProcedure to FORGE
[28May2025 18:20:59.687] [modloading-worker-0/DEBUG] [net.minecraftforge.fml.javafmlmod.AutomaticEventSubscriber/LOADING]: Auto-subscribing net.mcreator.mofusbetterend.procedures.CastlemusicresetProcedure to FORGE
[28May2025 18:20:59.691] [modloading-worker-0/DEBUG] [net.minecraftforge.fml.javafmlmod.AutomaticEventSubscriber/LOADING]: Auto-subscribing net.mcreator.mofusbetterend.procedures.CastleMusicProcedure to FORGE
[28May2025 18:20:59.692] [modloading-worker-0/DEBUG] [net.minecraftforge.fml.javafmlmod.AutomaticEventSubscriber/LOADING]: Auto-subscribing net.mcreator.mofusbetterend.procedures.CastleMusicPlayProcedure to FORGE
[28May2025 18:20:59.693] [modloading-worker-0/DEBUG] [net.minecraftforge.fml.javafmlmod.AutomaticEventSubscriber/LOADING]: Auto-subscribing net.mcreator.mofusbetterend.procedures.CalmthefuckdownProcedure to FORGE
[28May2025 18:20:59.696] [modloading-worker-0/DEBUG] [net.minecraftforge.fml.javafmlmod.AutomaticEventSubscriber/LOADING]: Auto-subscribing net.mcreator.mofusbetterend.procedures.BugSnatcherBlockIsPlacedByProcedure to FORGE
[28May2025 18:20:59.697] [modloading-worker-0/DEBUG] [net.minecraftforge.fml.javafmlmod.AutomaticEventSubscriber/LOADING]: Auto-subscribing net.mcreator.mofusbetterend.procedures.BleedingeffectProcedure to FORGE
[28May2025 18:20:59.699] [modloading-worker-0/DEBUG] [net.minecraftforge.fml.javafmlmod.AutomaticEventSubscriber/LOADING]: Auto-subscribing net.mcreator.mofusbetterend.procedures.BlackwaspAttackedProcedure to FORGE
[28May2025 18:20:59.700] [modloading-worker-0/DEBUG] [net.minecraftforge.fml.javafmlmod.AutomaticEventSubscriber/LOADING]: Auto-subscribing net.mcreator.mofusbetterend.procedures.AsteroidElytraeffectProcedure to FORGE
[28May2025 18:20:59.701] [modloading-worker-0/DEBUG] [net.minecraftforge.fml.javafmlmod.AutomaticEventSubscriber/LOADING]: Auto-subscribing net.mcreator.mofusbetterend.network.SacredTableGuiSlotMessage to MOD
[28May2025 18:20:59.702] [modloading-worker-0/DEBUG] [net.minecraftforge.fml.javafmlmod.AutomaticEventSubscriber/LOADING]: Auto-subscribing net.mcreator.mofusbetterend.network.SacredTableGuiButtonMessage to MOD
[28May2025 18:20:59.702] [modloading-worker-0/DEBUG] [net.minecraftforge.fml.javafmlmod.AutomaticEventSubscriber/LOADING]: Auto-subscribing net.mcreator.mofusbetterend.network.NautilusUpMessage to MOD
[28May2025 18:20:59.703] [modloading-worker-0/DEBUG] [net.minecraftforge.fml.javafmlmod.AutomaticEventSubscriber/LOADING]: Auto-subscribing net.mcreator.mofusbetterend.network.NautilusThrustMessage to MOD
[28May2025 18:20:59.704] [modloading-worker-0/DEBUG] [net.minecraftforge.fml.javafmlmod.AutomaticEventSubscriber/LOADING]: Auto-subscribing net.mcreator.mofusbetterend.network.NautilusForwardMessage to MOD
[28May2025 18:20:59.705] [modloading-worker-0/DEBUG] [net.minecraftforge.fml.javafmlmod.AutomaticEventSubscriber/LOADING]: Auto-subscribing net.mcreator.mofusbetterend.network.NautilusDownMessage to MOD
[28May2025 18:20:59.706] [modloading-worker-0/DEBUG] [net.minecraftforge.fml.javafmlmod.AutomaticEventSubscriber/LOADING]: Auto-subscribing net.mcreator.mofusbetterend.network.MofusBetterEndModVariables to MOD
[28May2025 18:20:59.708] [modloading-worker-0/DEBUG] [net.minecraftforge.fml.javafmlmod.AutomaticEventSubscriber/LOADING]: Auto-subscribing net.mcreator.mofusbetterend.network.MofusBetterEndModVariables$PlayerVariablesProvider to FORGE
[28May2025 18:20:59.709] [modloading-worker-0/DEBUG] [net.minecraftforge.fml.javafmlmod.AutomaticEventSubscriber/LOADING]: Auto-subscribing net.mcreator.mofusbetterend.network.MofusBetterEndModVariables$EventBusVariableHandlers to FORGE
[28May2025 18:20:59.715] [modloading-worker-0/DEBUG] [net.minecraftforge.fml.javafmlmod.AutomaticEventSubscriber/LOADING]: Auto-subscribing net.mcreator.mofusbetterend.network.MechCreationStationGUISlotMessage to MOD
[28May2025 18:20:59.716] [modloading-worker-0/DEBUG] [net.minecraftforge.fml.javafmlmod.AutomaticEventSubscriber/LOADING]: Auto-subscribing net.mcreator.mofusbetterend.network.MechCreationStationGUIButtonMessage to MOD
[28May2025 18:20:59.717] [modloading-worker-0/DEBUG] [net.minecraftforge.fml.javafmlmod.AutomaticEventSubscriber/LOADING]: Auto-subscribing net.mcreator.mofusbetterend.network.GrassHopperSuitGuiSlotMessage to MOD
[28May2025 18:20:59.718] [modloading-worker-0/DEBUG] [net.minecraftforge.fml.javafmlmod.AutomaticEventSubscriber/LOADING]: Auto-subscribing net.mcreator.mofusbetterend.network.GhSuitWalkrMessage to MOD
[28May2025 18:20:59.719] [modloading-worker-0/DEBUG] [net.minecraftforge.fml.javafmlmod.AutomaticEventSubscriber/LOADING]: Auto-subscribing net.mcreator.mofusbetterend.network.GhSuitWalklMessage to MOD
[28May2025 18:20:59.721] [modloading-worker-0/DEBUG] [net.minecraftforge.fml.javafmlmod.AutomaticEventSubscriber/LOADING]: Auto-subscribing net.mcreator.mofusbetterend.network.GhSuitWalkfMessage to MOD
[28May2025 18:20:59.722] [modloading-worker-0/DEBUG] [net.minecraftforge.fml.javafmlmod.AutomaticEventSubscriber/LOADING]: Auto-subscribing net.mcreator.mofusbetterend.network.GhSuitJumpMessage to MOD
[28May2025 18:20:59.723] [modloading-worker-0/DEBUG] [net.minecraftforge.fml.javafmlmod.AutomaticEventSubscriber/LOADING]: Auto-subscribing net.mcreator.mofusbetterend.network.GhSuitInventoryMessage to MOD
[28May2025 18:20:59.723] [modloading-worker-0/DEBUG] [net.minecraftforge.fml.javafmlmod.AutomaticEventSubscriber/LOADING]: Auto-subscribing net.mcreator.mofusbetterend.network.GhSuitFlyMessage to MOD
[28May2025 18:20:59.724] [modloading-worker-0/DEBUG] [net.minecraftforge.fml.javafmlmod.AutomaticEventSubscriber/LOADING]: Auto-subscribing net.mcreator.mofusbetterend.network.GhSuitAttackMessage to MOD
[28May2025 18:20:59.726] [modloading-worker-0/DEBUG] [net.minecraftforge.fml.javafmlmod.AutomaticEventSubscriber/LOADING]: Auto-subscribing net.mcreator.mofusbetterend.network.FlyingmantaupMessage to MOD
[28May2025 18:20:59.727] [modloading-worker-0/DEBUG] [net.minecraftforge.fml.javafmlmod.AutomaticEventSubscriber/LOADING]: Auto-subscribing net.mcreator.mofusbetterend.network.FlyingmantadownMessage to MOD
[28May2025 18:20:59.729] [modloading-worker-0/DEBUG] [net.minecraftforge.fml.javafmlmod.AutomaticEventSubscriber/LOADING]: Auto-subscribing net.mcreator.mofusbetterend.network.EndstoryBookButtonMessage to MOD
[28May2025 18:20:59.730] [modloading-worker-0/DEBUG] [net.minecraftforge.fml.javafmlmod.AutomaticEventSubscriber/LOADING]: Auto-subscribing net.mcreator.mofusbetterend.network.BookOfVoidGUIButtonMessage to MOD
[28May2025 18:20:59.731] [modloading-worker-0/DEBUG] [net.minecraftforge.fml.javafmlmod.AutomaticEventSubscriber/LOADING]: Auto-subscribing net.mcreator.mofusbetterend.network.ArmorsAbilitiesMessage to MOD
[28May2025 18:20:59.732] [modloading-worker-0/DEBUG] [net.minecraftforge.fml.javafmlmod.AutomaticEventSubscriber/LOADING]: Auto-subscribing net.mcreator.mofusbetterend.init.MofusBetterEndModSurfaceRules to FORGE
[28May2025 18:20:59.733] [modloading-worker-0/DEBUG] [net.minecraftforge.fml.javafmlmod.AutomaticEventSubscriber/LOADING]: Auto-subscribing net.mcreator.mofusbetterend.init.MofusBetterEndModEntities to MOD
[28May2025 18:20:59.734] [modloading-worker-0/DEBUG] [net.minecraftforge.fml.javafmlmod.AutomaticEventSubscriber/LOADING]: Auto-subscribing net.mcreator.mofusbetterend.init.MofusBetterEndModEndBiomes to MOD
[28May2025 18:20:59.735] [modloading-worker-0/DEBUG] [net.minecraftforge.fml.javafmlmod.AutomaticEventSubscriber/LOADING]: Auto-subscribing net.mcreator.mofusbetterend.init.ItemAnimationFactory to FORGE
[28May2025 18:20:59.736] [modloading-worker-0/DEBUG] [net.minecraftforge.fml.javafmlmod.AutomaticEventSubscriber/LOADING]: Auto-subscribing net.mcreator.mofusbetterend.init.EntityAnimationFactory to FORGE
[28May2025 18:20:59.738] [modloading-worker-0/DEBUG] [net.minecraftforge.fml.javafmlmod.AutomaticEventSubscriber/LOADING]: Auto-subscribing net.mcreator.mofusbetterend.init.ArmorAnimationFactory to FORGE
[28May2025 18:20:59.738] [modloading-worker-0/DEBUG] [net.minecraftforge.fml.javafmlmod.AutomaticEventSubscriber/LOADING]: Auto-subscribing net.mcreator.mofusbetterend.block.listener.ClientListener to MOD
[28May2025 18:20:59.772] [modloading-worker-0/DEBUG] [net.minecraftforge.fml.config.ConfigTracker/CONFIG]: Config file legendary_monsters-common.toml for legendary_monsters tracking
[28May2025 18:20:59.772] [modloading-worker-0/DEBUG] [net.minecraftforge.fml.javafmlmod.AutomaticEventSubscriber/LOADING]: Attempting to inject @EventBusSubscriber classes into the eventbus for legendary_monsters
[28May2025 18:20:59.772] [modloading-worker-0/DEBUG] [net.minecraftforge.fml.javafmlmod.AutomaticEventSubscriber/LOADING]: Auto-subscribing net.miauczel.legendary_monsters.item.custom.WitheredRibcageItem to FORGE
[28May2025 18:20:59.773] [modloading-worker-0/DEBUG] [net.minecraftforge.fml.javafmlmod.AutomaticEventSubscriber/LOADING]: Attempting to inject @EventBusSubscriber classes into the eventbus for cataclysm
[28May2025 18:20:59.773] [modloading-worker-0/DEBUG] [net.minecraftforge.fml.javafmlmod.AutomaticEventSubscriber/LOADING]: Auto-subscribing com.github.L_Ender.cataclysm.world.CMWorldRegistry to MOD
[28May2025 18:20:59.774] [modloading-worker-0/DEBUG] [net.minecraftforge.fml.javafmlmod.AutomaticEventSubscriber/LOADING]: Auto-subscribing com.github.L_Ender.cataclysm.init.ModEntities to MOD
[28May2025 18:20:59.775] [modloading-worker-0/DEBUG] [net.minecraftforge.fml.javafmlmod.AutomaticEventSubscriber/LOADING]: Auto-subscribing com.github.L_Ender.cataclysm.event.ServerEventHandler to FORGE
[28May2025 18:20:59.775] [modloading-worker-0/DEBUG] [net.minecraftforge.fml.javafmlmod.AutomaticEventSubscriber/LOADING]: Auto-subscribing com.github.L_Ender.cataclysm.CommonProxy to MOD
[28May2025 18:20:59.775] [modloading-worker-0/DEBUG] [net.minecraftforge.fml.javafmlmod.AutomaticEventSubscriber/LOADING]: Auto-subscribing com.github.L_Ender.cataclysm.Cataclysm to FORGE
[28May2025 18:20:59.777] [modloading-worker-0/DEBUG] [net.minecraftforge.fml.javafmlmod.AutomaticEventSubscriber/LOADING]: Auto-subscribing net.miauczel.legendary_monsters.item.custom.ShulkerShieldHurtEvent to FORGE
[28May2025 18:20:59.778] [modloading-worker-0/DEBUG] [net.minecraftforge.fml.javafmlmod.AutomaticEventSubscriber/LOADING]: Auto-subscribing net.miauczel.legendary_monsters.item.custom.ShulkerHelmetItem to FORGE
[28May2025 18:20:59.781] [modloading-worker-0/DEBUG] [net.minecraftforge.fml.javafmlmod.AutomaticEventSubscriber/LOADING]: Auto-subscribing net.miauczel.legendary_monsters.item.custom.MossyChestplateItem to FORGE
[28May2025 18:20:59.784] [modloading-worker-0/DEBUG] [net.minecraftforge.fml.javafmlmod.AutomaticEventSubscriber/LOADING]: Auto-subscribing net.miauczel.legendary_monsters.item.custom.FrostbittenShieldHurtEvent to FORGE
[28May2025 18:20:59.788] [modloading-worker-0/DEBUG] [mixin/]: Mixing AttributeInstanceAccessor from attributeslib.mixins.json into net.minecraft.world.entity.ai.attributes.AttributeInstance
[28May2025 18:20:59.791] [modloading-worker-0/DEBUG] [net.minecraftforge.fml.javafmlmod.AutomaticEventSubscriber/LOADING]: Auto-subscribing net.miauczel.legendary_monsters.item.custom.FieryJawEventHandler to FORGE
[28May2025 18:20:59.791] [modloading-worker-0/DEBUG] [net.minecraftforge.fml.javafmlmod.AutomaticEventSubscriber/LOADING]: Auto-subscribing net.miauczel.legendary_monsters.item.custom.FieryBootsItem to FORGE
[28May2025 18:20:59.793] [modloading-worker-0/DEBUG] [net.minecraftforge.fml.javafmlmod.AutomaticEventSubscriber/LOADING]: Auto-subscribing net.miauczel.legendary_monsters.item.custom.DinosaurBoneHelmet to FORGE
[28May2025 18:20:59.793] [modloading-worker-0/DEBUG] [net.minecraftforge.fml.javafmlmod.AutomaticEventSubscriber/LOADING]: Auto-subscribing net.miauczel.legendary_monsters.item.custom.CustomItemEvents.WitheredScytheDropGoldEventHandler to FORGE
[28May2025 18:20:59.796] [modloading-worker-0/DEBUG] [net.minecraftforge.fml.javafmlmod.AutomaticEventSubscriber/LOADING]: Auto-subscribing net.miauczel.legendary_monsters.item.custom.CustomItemEvents.WitheredScytheAttackedEvent to FORGE
[28May2025 18:20:59.796] [modloading-worker-0/DEBUG] [net.minecraftforge.fml.javafmlmod.AutomaticEventSubscriber/LOADING]: Auto-subscribing net.miauczel.legendary_monsters.item.custom.CustomItemEvents.WitheredRibcageHurt to FORGE
[28May2025 18:20:59.797] [modloading-worker-0/DEBUG] [net.minecraftforge.fml.javafmlmod.AutomaticEventSubscriber/LOADING]: Auto-subscribing net.miauczel.legendary_monsters.item.custom.CustomItemEvents.WandOfCloudsRightClickEvent to FORGE
[28May2025 18:20:59.799] [modloading-worker-0/DEBUG] [net.minecraftforge.fml.javafmlmod.AutomaticEventSubscriber/LOADING]: Auto-subscribing net.miauczel.legendary_monsters.item.custom.CustomItemEvents.WandOfCloudsRightClickEffect to FORGE
[28May2025 18:20:59.805] [modloading-worker-0/DEBUG] [net.minecraftforge.fml.javafmlmod.AutomaticEventSubscriber/LOADING]: Auto-subscribing net.miauczel.legendary_monsters.item.custom.CustomItemEvents.SpikyShieldEvent to FORGE
[28May2025 18:20:59.806] [modloading-worker-0/DEBUG] [net.minecraftforge.fml.javafmlmod.AutomaticEventSubscriber/LOADING]: Auto-subscribing net.miauczel.legendary_monsters.item.custom.CustomItemEvents.SoulGreatSwordEventHandler to FORGE
[28May2025 18:20:59.807] [modloading-worker-0/DEBUG] [net.minecraftforge.fml.javafmlmod.AutomaticEventSubscriber/LOADING]: Auto-subscribing net.miauczel.legendary_monsters.item.custom.CustomItemEvents.SharpSaiAttackedEvent to FORGE
[28May2025 18:20:59.811] [modloading-worker-0/DEBUG] [net.minecraftforge.fml.javafmlmod.AutomaticEventSubscriber/LOADING]: Auto-subscribing net.miauczel.legendary_monsters.item.custom.CustomItemEvents.SharpAxeAttackedEvent to FORGE
[28May2025 18:20:59.811] [modloading-worker-0/DEBUG] [net.minecraftforge.fml.javafmlmod.AutomaticEventSubscriber/LOADING]: Auto-subscribing net.miauczel.legendary_monsters.item.custom.CustomItemEvents.GoldenHalbertAttackEventHandler to FORGE
[28May2025 18:20:59.812] [modloading-worker-0/DEBUG] [net.minecraftforge.fml.javafmlmod.AutomaticEventSubscriber/LOADING]: Auto-subscribing net.miauczel.legendary_monsters.item.custom.CustomItemEvents.AxeOfLightningEventHandler to FORGE
[28May2025 18:20:59.813] [modloading-worker-0/DEBUG] [net.minecraftforge.fml.javafmlmod.AutomaticEventSubscriber/LOADING]: Auto-subscribing net.miauczel.legendary_monsters.item.custom.ChorusHelmetItem to FORGE
[28May2025 18:20:59.814] [modloading-worker-0/DEBUG] [net.minecraftforge.fml.javafmlmod.AutomaticEventSubscriber/LOADING]: Auto-subscribing net.miauczel.legendary_monsters.item.custom.BlastProofHelmet to FORGE
[28May2025 18:20:59.814] [modloading-worker-0/DEBUG] [net.minecraftforge.fml.javafmlmod.AutomaticEventSubscriber/LOADING]: Auto-subscribing net.miauczel.legendary_monsters.item.custom.AtmosphericBootsItem to FORGE
[28May2025 18:20:59.815] [modloading-worker-0/DEBUG] [net.minecraftforge.fml.javafmlmod.AutomaticEventSubscriber/LOADING]: Auto-subscribing net.miauczel.legendary_monsters.item.ShieldEventHandler to FORGE
[28May2025 18:20:59.817] [modloading-worker-0/DEBUG] [net.minecraftforge.fml.javafmlmod.AutomaticEventSubscriber/LOADING]: Auto-subscribing net.miauczel.legendary_monsters.event.WitheredAbominationAttackedEvent to FORGE
[28May2025 18:20:59.818] [modloading-worker-0/DEBUG] [net.minecraftforge.fml.javafmlmod.AutomaticEventSubscriber/LOADING]: Auto-subscribing net.miauczel.legendary_monsters.event.ModEventBusEvents to MOD
[28May2025 18:20:59.820] [modloading-worker-0/DEBUG] [net.minecraftforge.fml.javafmlmod.AutomaticEventSubscriber/LOADING]: Attempting to inject @EventBusSubscriber classes into the eventbus for attributeslib
[28May2025 18:20:59.820] [modloading-worker-0/DEBUG] [net.minecraftforge.fml.javafmlmod.AutomaticEventSubscriber/LOADING]: Attempting to inject @EventBusSubscriber classes into the eventbus for entityculling
[28May2025 18:20:59.823] [modloading-worker-0/DEBUG] [net.minecraftforge.fml.javafmlmod.AutomaticEventSubscriber/LOADING]: Attempting to inject @EventBusSubscriber classes into the eventbus for canary
[28May2025 18:20:59.828] [modloading-worker-0/DEBUG] [net.minecraftforge.fml.javafmlmod.AutomaticEventSubscriber/LOADING]: Auto-subscribing net.miauczel.legendary_monsters.event.ModEventBusClientEvents to MOD
[28May2025 18:20:59.848] [modloading-worker-0/DEBUG] [net.minecraftforge.fml.javafmlmod.AutomaticEventSubscriber/LOADING]: Auto-subscribing net.miauczel.legendary_monsters.event.Events to MOD
[28May2025 18:20:59.849] [modloading-worker-0/DEBUG] [net.minecraftforge.fml.javafmlmod.AutomaticEventSubscriber/LOADING]: Auto-subscribing net.miauczel.legendary_monsters.entity.custom.event.DuneSentinelDrops to FORGE
[28May2025 18:20:59.850] [modloading-worker-0/DEBUG] [net.minecraftforge.fml.javafmlmod.AutomaticEventSubscriber/LOADING]: Auto-subscribing net.miauczel.legendary_monsters.entity.custom.event.CloudGolemDrops to FORGE
[28May2025 18:20:59.850] [modloading-worker-0/DEBUG] [net.minecraftforge.fml.javafmlmod.AutomaticEventSubscriber/LOADING]: Auto-subscribing net.miauczel.legendary_monsters.entity.custom.ModArmorItem to FORGE
[28May2025 18:20:59.852] [modloading-worker-0/DEBUG] [net.minecraftforge.fml.javafmlmod.AutomaticEventSubscriber/LOADING]: Auto-subscribing net.miauczel.legendary_monsters.entity.custom.EntityTypes.MathHelper to MOD
[28May2025 18:20:59.852] [modloading-worker-0/DEBUG] [net.minecraftforge.fml.javafmlmod.AutomaticEventSubscriber/LOADING]: Auto-subscribing net.miauczel.legendary_monsters.entity.custom.EntityTypes.LockAngle to MOD
[28May2025 18:20:59.853] [modloading-worker-0/DEBUG] [net.minecraftforge.fml.javafmlmod.AutomaticEventSubscriber/LOADING]: Auto-subscribing net.miauczel.legendary_monsters.entity.ai.MossyGolemAttackGoal to FORGE
[28May2025 18:20:59.854] [modloading-worker-0/DEBUG] [net.minecraftforge.fml.javafmlmod.AutomaticEventSubscriber/LOADING]: Auto-subscribing net.miauczel.legendary_monsters.entity.ai.LivingArmorAttackGoal to FORGE
[28May2025 18:20:59.854] [modloading-worker-0/DEBUG] [net.minecraftforge.fml.javafmlmod.AutomaticEventSubscriber/LOADING]: Auto-subscribing net.miauczel.legendary_monsters.entity.ai.HauntedGuardAttackGoal to FORGE
[28May2025 18:20:59.855] [modloading-worker-0/DEBUG] [net.minecraftforge.fml.javafmlmod.AutomaticEventSubscriber/LOADING]: Auto-subscribing net.miauczel.legendary_monsters.entity.ai.FLivingArmorAttackGoal to FORGE
[28May2025 18:20:59.857] [modloading-worker-0/DEBUG] [net.minecraftforge.fml.javafmlmod.AutomaticEventSubscriber/LOADING]: Auto-subscribing net.miauczel.legendary_monsters.entity.ai.FHauntedKnightAttackGoal to FORGE
[28May2025 18:20:59.858] [modloading-worker-0/DEBUG] [net.minecraftforge.fml.javafmlmod.AutomaticEventSubscriber/LOADING]: Auto-subscribing net.miauczel.legendary_monsters.entity.ai.AncientGuardianHurtEvent to FORGE
[28May2025 18:20:59.859] [modloading-worker-0/DEBUG] [net.minecraftforge.fml.javafmlmod.AutomaticEventSubscriber/LOADING]: Auto-subscribing net.miauczel.legendary_monsters.entity.ai.AmbusherHurtEvent to FORGE
[28May2025 18:20:59.860] [modloading-worker-0/DEBUG] [net.minecraftforge.fml.config.ConfigTracker/CONFIG]: Config file tombstone-client.toml for tombstone tracking
[28May2025 18:20:59.860] [modloading-worker-0/DEBUG] [net.minecraftforge.fml.config.ConfigTracker/CONFIG]: Config file tombstone-common.toml for tombstone tracking
[28May2025 18:20:59.860] [modloading-worker-0/DEBUG] [net.minecraftforge.fml.javafmlmod.AutomaticEventSubscriber/LOADING]: Auto-subscribing net.miauczel.legendary_monsters.entity.ai.AmbusherAttackGoal to FORGE
[28May2025 18:20:59.860] [modloading-worker-0/DEBUG] [net.minecraftforge.fml.javafmlmod.AutomaticEventSubscriber/LOADING]: Auto-subscribing net.miauczel.legendary_monsters.entity.OpenContainerEvent to FORGE
[28May2025 18:20:59.862] [modloading-worker-0/DEBUG] [net.minecraftforge.fml.javafmlmod.AutomaticEventSubscriber/LOADING]: Auto-subscribing net.miauczel.legendary_monsters.effect.StunJumpRemover to FORGE
[28May2025 18:20:59.862] [modloading-worker-0/DEBUG] [net.minecraftforge.fml.javafmlmod.AutomaticEventSubscriber/LOADING]: Auto-subscribing net.miauczel.legendary_monsters.datagen.DataGenerators to MOD
[28May2025 18:20:59.863] [modloading-worker-0/DEBUG] [net.minecraftforge.fml.javafmlmod.AutomaticEventSubscriber/LOADING]: Auto-subscribing net.miauczel.legendary_monsters.CommonProxy to MOD
[28May2025 18:20:59.870] [modloading-worker-0/DEBUG] [net.minecraftforge.fml.config.ConfigTracker/CONFIG]: Config file tombstone-server.toml for tombstone tracking
[28May2025 18:20:59.871] [modloading-worker-0/DEBUG] [net.minecraftforge.fml.javafmlmod.AutomaticEventSubscriber/LOADING]: Attempting to inject @EventBusSubscriber classes into the eventbus for tombstone
[28May2025 18:20:59.872] [modloading-worker-0/DEBUG] [net.minecraftforge.fml.javafmlmod.AutomaticEventSubscriber/LOADING]: Auto-subscribing ovh.corail.tombstone.registry.Registration to MOD
[28May2025 18:20:59.875] [modloading-worker-0/DEBUG] [net.minecraftforge.fml.javafmlmod.AutomaticEventSubscriber/LOADING]: Auto-subscribing ovh.corail.tombstone.perk.PerkRegistry to MOD
[28May2025 18:20:59.877] [modloading-worker-0/DEBUG] [net.minecraftforge.fml.javafmlmod.AutomaticEventSubscriber/LOADING]: Auto-subscribing ovh.corail.tombstone.helper.LootHelper to FORGE
[28May2025 18:20:59.889] [modloading-worker-0/DEBUG] [mixin/]: Mixing world.explosions.ExplosionMixin from canary.mixins.json into net.minecraft.world.level.Explosion
[28May2025 18:20:59.919] [modloading-worker-0/DEBUG] [net.minecraftforge.fml.config.ConfigTracker/CONFIG]: Config file irons_spellbooks-client.toml for irons_spellbooks tracking
[28May2025 18:20:59.925] [modloading-worker-0/DEBUG] [net.minecraftforge.fml.javafmlmod.AutomaticEventSubscriber/LOADING]: Attempting to inject @EventBusSubscriber classes into the eventbus for architectury
[28May2025 18:20:59.925] [modloading-worker-0/DEBUG] [net.minecraftforge.fml.javafmlmod.AutomaticEventSubscriber/LOADING]: Auto-subscribing dev.architectury.registry.level.entity.trade.forge.TradeRegistryImpl to FORGE
[28May2025 18:20:59.925] [modloading-worker-0/DEBUG] [net.minecraftforge.fml.javafmlmod.AutomaticEventSubscriber/LOADING]: Auto-subscribing ovh.corail.tombstone.event.EventHandler to FORGE
[28May2025 18:20:59.926] [modloading-worker-0/DEBUG] [net.minecraftforge.fml.javafmlmod.AutomaticEventSubscriber/LOADING]: Auto-subscribing dev.architectury.registry.forge.ReloadListenerRegistryImpl to FORGE
[28May2025 18:20:59.927] [modloading-worker-0/DEBUG] [net.minecraftforge.fml.javafmlmod.AutomaticEventSubscriber/LOADING]: Auto-subscribing dev.architectury.networking.forge.NetworkManagerImpl to FORGE
[28May2025 18:20:59.939] [modloading-worker-0/INFO] [dev.architectury.networking.forge.NetworkManagerImpl/]: Registering C2S receiver with id architectury:sync_ids
[28May2025 18:20:59.947] [modloading-worker-0/DEBUG] [net.minecraftforge.fml.javafmlmod.AutomaticEventSubscriber/LOADING]: Attempting to inject @EventBusSubscriber classes into the eventbus for octolib
[28May2025 18:20:59.957] [modloading-worker-0/DEBUG] [net.minecraftforge.fml.javafmlmod.AutomaticEventSubscriber/LOADING]: Attempting to inject @EventBusSubscriber classes into the eventbus for nerb
[28May2025 18:20:59.959] [modloading-worker-0/DEBUG] [net.minecraftforge.fml.javafmlmod.AutomaticEventSubscriber/LOADING]: Auto-subscribing ovh.corail.tombstone.config.ConfigTombstone$ConfigEvent to MOD
[28May2025 18:20:59.959] [modloading-worker-0/DEBUG] [net.minecraftforge.fml.javafmlmod.AutomaticEventSubscriber/LOADING]: Attempting to inject @EventBusSubscriber classes into the eventbus for ferritecore
[28May2025 18:20:59.960] [modloading-worker-0/DEBUG] [net.minecraftforge.fml.javafmlmod.AutomaticEventSubscriber/LOADING]: Attempting to inject @EventBusSubscriber classes into the eventbus for embeddium_extra
[28May2025 18:20:59.963] [modloading-worker-0/DEBUG] [net.minecraftforge.fml.config.ConfigTracker/CONFIG]: Config file aiimprovements-common.toml for aiimprovements tracking
[28May2025 18:20:59.963] [modloading-worker-0/DEBUG] [net.minecraftforge.fml.javafmlmod.AutomaticEventSubscriber/LOADING]: Attempting to inject @EventBusSubscriber classes into the eventbus for aiimprovements
[28May2025 18:20:59.963] [modloading-worker-0/DEBUG] [net.minecraftforge.fml.javafmlmod.AutomaticEventSubscriber/LOADING]: Auto-subscribing com.builtbroken.ai.improvements.modifier.ModifierSystem to FORGE
[28May2025 18:20:59.965] [modloading-worker-0/INFO] [com.cupboard.Cupboard/]: Loaded config for: cupboard.json
[28May2025 18:20:59.966] [modloading-worker-0/DEBUG] [net.minecraftforge.fml.javafmlmod.AutomaticEventSubscriber/LOADING]: Attempting to inject @EventBusSubscriber classes into the eventbus for cupboard
[28May2025 18:20:59.970] [modloading-worker-0/DEBUG] [playerrevive/]: Created network playerrevive:main
[28May2025 18:20:59.972] [modloading-worker-0/DEBUG] [net.minecraftforge.fml.javafmlmod.AutomaticEventSubscriber/LOADING]: Attempting to inject @EventBusSubscriber classes into the eventbus for playerrevive
[28May2025 18:20:59.974] [modloading-worker-0/DEBUG] [mixin/]: Mixing PlayerPatchMixin from cdmoveset.mixins.json into yesman.epicfight.world.capabilities.entitypatch.player.PlayerPatch
[28May2025 18:20:59.982] [modloading-worker-0/DEBUG] [net.minecraftforge.fml.config.ConfigTracker/CONFIG]: Config file irons_spellbooks-server.toml for irons_spellbooks tracking
[28May2025 18:20:59.985] [modloading-worker-0/DEBUG] [net.minecraftforge.fml.javafmlmod.AutomaticEventSubscriber/LOADING]: Attempting to inject @EventBusSubscriber classes into the eventbus for irons_spellbooks
[28May2025 18:20:59.985] [modloading-worker-0/DEBUG] [net.minecraftforge.fml.javafmlmod.AutomaticEventSubscriber/LOADING]: Auto-subscribing io.redspace.ironsspellbooks.worldgen.VillageAddition to FORGE
[28May2025 18:20:59.987] [modloading-worker-0/DEBUG] [net.minecraftforge.fml.javafmlmod.AutomaticEventSubscriber/LOADING]: Auto-subscribing io.redspace.ironsspellbooks.setup.DataHandling to FORGE
[28May2025 18:20:59.986] [modloading-worker-0/DEBUG] [net.minecraftforge.fml.javafmlmod.AutomaticEventSubscriber/LOADING]: Auto-subscribing com.builtbroken.ai.improvements.AIImprovements to MOD
[28May2025 18:20:59.988] [modloading-worker-0/DEBUG] [mixin/]: Mixing PathPackResourcesAccessor from creativecore.mixins.json into net.minecraft.server.packs.PathPackResources
[28May2025 18:20:59.989] [modloading-worker-0/DEBUG] [net.minecraftforge.fml.javafmlmod.AutomaticEventSubscriber/LOADING]: Auto-subscribing io.redspace.ironsspellbooks.setup.CommonSetup to MOD
[28May2025 18:20:59.991] [modloading-worker-0/DEBUG] [net.minecraftforge.fml.javafmlmod.AutomaticEventSubscriber/LOADING]: Auto-subscribing io.redspace.ironsspellbooks.registries.CreativeTabRegistry to MOD
[28May2025 18:20:59.991] [modloading-worker-0/DEBUG] [net.minecraftforge.fml.javafmlmod.AutomaticEventSubscriber/LOADING]: Auto-subscribing io.redspace.ironsspellbooks.registries.CommandRegistry to FORGE
[28May2025 18:20:59.997] [modloading-worker-0/DEBUG] [net.minecraftforge.fml.javafmlmod.AutomaticEventSubscriber/LOADING]: Auto-subscribing io.redspace.ironsspellbooks.player.ServerPlayerEvents to FORGE
[28May2025 18:21:00.002] [modloading-worker-0/DEBUG] [epicfight/]: Registered Extendable Enum class net.corruptdog.cdm.world.CorruptWeaponCategories in weapon_category
[28May2025 18:21:00.003] [modloading-worker-0/DEBUG] [epicfight/]: Registered Extendable Enum class net.corruptdog.cdm.world.item.YamatoStyle in style
[28May2025 18:21:00.004] [modloading-worker-0/DEBUG] [net.minecraftforge.fml.config.ConfigTracker/CONFIG]: Config file epicfight-client.toml for epicfight tracking
[28May2025 18:21:00.009] [modloading-worker-0/DEBUG] [net.minecraftforge.fml.javafmlmod.AutomaticEventSubscriber/LOADING]: Auto-subscribing io.redspace.ironsspellbooks.player.AdditionalWanderingTrades to FORGE
[28May2025 18:21:00.011] [modloading-worker-0/DEBUG] [net.minecraftforge.fml.javafmlmod.AutomaticEventSubscriber/LOADING]: Auto-subscribing io.redspace.ironsspellbooks.loot.LootDebugEvents to FORGE
[28May2025 18:21:00.013] [modloading-worker-0/DEBUG] [net.minecraftforge.fml.javafmlmod.AutomaticEventSubscriber/LOADING]: Auto-subscribing io.redspace.ironsspellbooks.entity.mobs.wizards.WizardAIEvents to FORGE
[28May2025 18:21:00.012] [modloading-worker-0/DEBUG] [epicfight/]: Registered Extendable Enum class yesman.epicfight.api.animation.LivingMotions in living_motion
[28May2025 18:21:00.016] [modloading-worker-0/DEBUG] [epicfight/]: Registered Extendable Enum class yesman.epicfight.skill.SkillCategories in skill_category
[28May2025 18:21:00.017] [modloading-worker-0/DEBUG] [epicfight/]: Registered Extendable Enum class yesman.epicfight.skill.SkillSlots in skill_slot
[28May2025 18:21:00.017] [modloading-worker-0/DEBUG] [epicfight/]: Registered Extendable Enum class yesman.epicfight.world.capabilities.item.CapabilityItem$Styles in style
[28May2025 18:21:00.017] [modloading-worker-0/DEBUG] [epicfight/]: Registered Extendable Enum class yesman.epicfight.world.capabilities.item.CapabilityItem$WeaponCategories in weapon_category
[28May2025 18:21:00.020] [modloading-worker-0/DEBUG] [net.minecraftforge.fml.javafmlmod.AutomaticEventSubscriber/LOADING]: Auto-subscribing io.redspace.ironsspellbooks.effect.guiding_bolt.GuidingBoltManager to FORGE
[28May2025 18:21:00.022] [modloading-worker-0/DEBUG] [net.minecraftforge.fml.javafmlmod.AutomaticEventSubscriber/LOADING]: Auto-subscribing io.redspace.ironsspellbooks.effect.ThunderstormEffect to FORGE
[28May2025 18:21:00.025] [modloading-worker-0/DEBUG] [mixin/]: Mixing AttributeMapMixin from attributeslib.mixins.json into net.minecraft.world.entity.ai.attributes.AttributeMap
[28May2025 18:21:00.026] [modloading-worker-0/DEBUG] [mixin/]: Renaming synthetic method lambda$setAttributesUpdating$0(Lnet/minecraft/world/entity/ai/attributes/Attribute;Lcom/mojang/datafixers/util/Pair;)V to mde990a2$lambda$setAttributesUpdating$0$0 in attributeslib.mixins.json:AttributeMapMixin
[28May2025 18:21:00.027] [modloading-worker-0/DEBUG] [mixin/]: Mixing collections.attributes.AttributeMapMixin from canary.mixins.json into net.minecraft.world.entity.ai.attributes.AttributeMap
[28May2025 18:21:00.037] [modloading-worker-0/DEBUG] [net.minecraftforge.fml.javafmlmod.AutomaticEventSubscriber/LOADING]: Auto-subscribing io.redspace.ironsspellbooks.effect.OakskinEffect to FORGE
[28May2025 18:21:00.037] [modloading-worker-0/DEBUG] [net.minecraftforge.fml.javafmlmod.AutomaticEventSubscriber/LOADING]: Auto-subscribing io.redspace.ironsspellbooks.effect.GluttonyEffect to FORGE
[28May2025 18:21:00.038] [modloading-worker-0/DEBUG] [net.minecraftforge.fml.javafmlmod.AutomaticEventSubscriber/LOADING]: Auto-subscribing io.redspace.ironsspellbooks.effect.EchoingStrikesEffect to FORGE
[28May2025 18:21:00.041] [modloading-worker-0/DEBUG] [net.minecraftforge.fml.javafmlmod.AutomaticEventSubscriber/LOADING]: Auto-subscribing io.redspace.ironsspellbooks.effect.BlightEffect to FORGE
[28May2025 18:21:00.042] [modloading-worker-0/DEBUG] [net.minecraftforge.fml.javafmlmod.AutomaticEventSubscriber/LOADING]: Auto-subscribing io.redspace.ironsspellbooks.datagen.DataGenerators to MOD
[28May2025 18:21:00.043] [modloading-worker-0/DEBUG] [net.minecraftforge.fml.javafmlmod.AutomaticEventSubscriber/LOADING]: Auto-subscribing io.redspace.ironsspellbooks.damage.DamageSources to FORGE
[28May2025 18:21:00.045] [modloading-worker-0/DEBUG] [net.minecraftforge.fml.javafmlmod.AutomaticEventSubscriber/LOADING]: Auto-subscribing io.redspace.ironsspellbooks.api.util.CameraShakeManager to FORGE
[28May2025 18:21:00.046] [modloading-worker-0/DEBUG] [net.minecraftforge.fml.javafmlmod.AutomaticEventSubscriber/LOADING]: Auto-subscribing io.redspace.ironsspellbooks.api.registry.AttributeRegistry to MOD
[28May2025 18:21:00.054] [modloading-worker-0/DEBUG] [net.minecraftforge.fml.config.ConfigTracker/CONFIG]: Config file wom-client.toml for wom tracking
[28May2025 18:21:00.055] [modloading-worker-0/DEBUG] [net.minecraftforge.fml.config.ConfigTracker/CONFIG]: Config file cdmoveset-common.toml for cdmoveset tracking
[28May2025 18:21:00.055] [modloading-worker-0/DEBUG] [net.minecraftforge.fml.ModLoadingContext/]: Attempted to register an empty config for type CLIENT on mod cdmoveset
[28May2025 18:21:00.061] [modloading-worker-0/DEBUG] [net.minecraftforge.fml.javafmlmod.AutomaticEventSubscriber/LOADING]: Attempting to inject @EventBusSubscriber classes into the eventbus for cdmoveset
[28May2025 18:21:00.061] [modloading-worker-0/DEBUG] [net.minecraftforge.fml.javafmlmod.AutomaticEventSubscriber/LOADING]: Auto-subscribing net.corruptdog.cdm.world.mob.CorruptFightAttributes to MOD
[28May2025 18:21:00.062] [modloading-worker-0/DEBUG] [net.minecraftforge.fml.javafmlmod.AutomaticEventSubscriber/LOADING]: Auto-subscribing net.corruptdog.cdm.world.item.CorruptfightModTabs to MOD
[28May2025 18:21:00.062] [modloading-worker-0/DEBUG] [net.minecraftforge.fml.javafmlmod.AutomaticEventSubscriber/LOADING]: Auto-subscribing net.corruptdog.cdm.skill.identity.Execute to FORGE
[28May2025 18:21:00.063] [modloading-worker-0/DEBUG] [net.minecraftforge.fml.javafmlmod.AutomaticEventSubscriber/LOADING]: Auto-subscribing net.corruptdog.cdm.gameasset.CDSkills to MOD
[28May2025 18:21:00.068] [modloading-worker-0/DEBUG] [net.minecraftforge.fml.javafmlmod.AutomaticEventSubscriber/LOADING]: Auto-subscribing net.corruptdog.cdm.entity.init.CorruptFightMobEntity to MOD
[28May2025 18:21:00.078] [modloading-worker-0/INFO] [epicfight/]: Loaded mod compat: GeckolibCompat
[28May2025 18:21:00.078] [modloading-worker-0/DEBUG] [net.minecraftforge.fml.javafmlmod.AutomaticEventSubscriber/LOADING]: Attempting to inject @EventBusSubscriber classes into the eventbus for epicfight
[28May2025 18:21:00.078] [modloading-worker-0/DEBUG] [net.minecraftforge.fml.javafmlmod.AutomaticEventSubscriber/LOADING]: Auto-subscribing yesman.epicfight.world.entity.ai.attribute.EpicFightAttributes to MOD
[28May2025 18:21:00.079] [modloading-worker-0/DEBUG] [net.minecraftforge.fml.javafmlmod.AutomaticEventSubscriber/LOADING]: Auto-subscribing yesman.epicfight.main.EpicFightMod$ServerModEvents to MOD
[28May2025 18:21:00.080] [modloading-worker-0/DEBUG] [net.minecraftforge.fml.javafmlmod.AutomaticEventSubscriber/LOADING]: Auto-subscribing yesman.epicfight.main.EpicFightMod$ServerForgeEvents to FORGE
[28May2025 18:21:00.081] [modloading-worker-0/DEBUG] [net.minecraftforge.fml.javafmlmod.AutomaticEventSubscriber/LOADING]: Auto-subscribing yesman.epicfight.gameasset.EpicFightSkills to MOD
[28May2025 18:21:00.084] [modloading-worker-0/DEBUG] [net.minecraftforge.fml.javafmlmod.AutomaticEventSubscriber/LOADING]: Auto-subscribing yesman.epicfight.gameasset.Animations to MOD
[28May2025 18:21:00.107] [modloading-worker-0/DEBUG] [net.minecraftforge.fml.javafmlmod.AutomaticEventSubscriber/LOADING]: Auto-subscribing yesman.epicfight.events.WorldEvents to FORGE
[28May2025 18:21:00.109] [modloading-worker-0/DEBUG] [net.minecraftforge.fml.javafmlmod.AutomaticEventSubscriber/LOADING]: Auto-subscribing yesman.epicfight.events.PlayerEvents to FORGE
[28May2025 18:21:00.114] [modloading-worker-0/DEBUG] [net.minecraftforge.fml.javafmlmod.AutomaticEventSubscriber/LOADING]: Auto-subscribing yesman.epicfight.events.EntityEvents to FORGE
[28May2025 18:21:00.119] [modloading-worker-0/DEBUG] [mixin/]: Mixing ai.task.launch.BrainMixin from canary.mixins.json into net.minecraft.world.entity.ai.Brain
[28May2025 18:21:00.119] [modloading-worker-0/DEBUG] [net.minecraftforge.fml.javafmlmod.AutomaticEventSubscriber/LOADING]: Attempting to inject @EventBusSubscriber classes into the eventbus for wom
[28May2025 18:21:00.119] [modloading-worker-0/DEBUG] [net.minecraftforge.fml.javafmlmod.AutomaticEventSubscriber/LOADING]: Auto-subscribing reascer.wom.world.loot.WOMLootDropTables to MOD
[28May2025 18:21:00.121] [modloading-worker-0/DEBUG] [mixin/]: Mixing ai.task.memory_change_counting.BrainMixin from canary.mixins.json into net.minecraft.world.entity.ai.Brain
[28May2025 18:21:00.122] [modloading-worker-0/DEBUG] [mixin/]: Mixing collections.brain.BrainMixin from canary.mixins.json into net.minecraft.world.entity.ai.Brain
[28May2025 18:21:00.130] [modloading-worker-0/DEBUG] [net.minecraftforge.fml.javafmlmod.AutomaticEventSubscriber/LOADING]: Auto-subscribing reascer.wom.world.loot.WOMChestLootTables to FORGE
[28May2025 18:21:00.133] [modloading-worker-0/DEBUG] [net.minecraftforge.fml.javafmlmod.AutomaticEventSubscriber/LOADING]: Auto-subscribing reascer.wom.world.capabilities.item.WOMWeaponCapabilityPresets to MOD
[28May2025 18:21:00.139] [modloading-worker-0/DEBUG] [net.minecraftforge.fml.javafmlmod.AutomaticEventSubscriber/LOADING]: Auto-subscribing reascer.wom.gameasset.WOMSkills to MOD
[28May2025 18:21:00.141] [modloading-worker-0/DEBUG] [net.minecraftforge.fml.javafmlmod.AutomaticEventSubscriber/LOADING]: Auto-subscribing reascer.wom.gameasset.WOMAnimationsMore to MOD
[28May2025 18:21:00.141] [modloading-worker-0/DEBUG] [mixin/]: Mixing CombatTrackerAccessor from playerrevive.mixins.json into net.minecraft.world.damagesource.CombatTracker
[28May2025 18:21:00.143] [modloading-worker-0/DEBUG] [net.minecraftforge.fml.javafmlmod.AutomaticEventSubscriber/LOADING]: Auto-subscribing reascer.wom.gameasset.WOMAnimations to MOD
[28May2025 18:21:00.143] [modloading-worker-0/DEBUG] [net.minecraftforge.fml.javafmlmod.AutomaticEventSubscriber/LOADING]: Auto-subscribing reascer.wom.events.WOMLivingEntityEvents to FORGE
[28May2025 18:21:00.152] [modloading-worker-0/DEBUG] [net.minecraftforge.fml.javafmlmod.AutomaticEventSubscriber/LOADING]: Auto-subscribing yesman.epicfight.events.CapabilityEvent to FORGE
[28May2025 18:21:00.152] [modloading-worker-0/DEBUG] [net.minecraftforge.fml.javafmlmod.AutomaticEventSubscriber/LOADING]: Auto-subscribing reascer.wom.events.WOMArmatures to MOD
[28May2025 18:21:00.153] [modloading-worker-0/DEBUG] [net.minecraftforge.fml.javafmlmod.AutomaticEventSubscriber/LOADING]: Auto-subscribing yesman.epicfight.data.loot.EpicFightLootTables to FORGE
[28May2025 18:21:00.154] [modloading-worker-0/DEBUG] [net.minecraftforge.fml.javafmlmod.AutomaticEventSubscriber/LOADING]: Auto-subscribing reascer.wom.events.ModBusEvents to MOD
[28May2025 18:21:00.169] [modloading-worker-0/DEBUG] [net.minecraftforge.fml.javafmlmod.AutomaticEventSubscriber/LOADING]: Attempting to inject @EventBusSubscriber classes into the eventbus for traveloptics
[28May2025 18:21:00.169] [modloading-worker-0/DEBUG] [net.minecraftforge.fml.javafmlmod.AutomaticEventSubscriber/LOADING]: Auto-subscribing com.gametechbc.traveloptics.util.IncompatibilityCheckerEvent to FORGE
[28May2025 18:21:00.170] [modloading-worker-0/DEBUG] [net.minecraftforge.fml.javafmlmod.AutomaticEventSubscriber/LOADING]: Auto-subscribing com.gametechbc.traveloptics.setup.TremorzillaRewardHandler to FORGE
[28May2025 18:21:00.170] [modloading-worker-0/DEBUG] [net.minecraftforge.fml.javafmlmod.AutomaticEventSubscriber/LOADING]: Auto-subscribing com.gametechbc.traveloptics.setup.ItemTooltipsHandler to FORGE
[28May2025 18:21:00.171] [modloading-worker-0/DEBUG] [net.minecraftforge.fml.javafmlmod.AutomaticEventSubscriber/LOADING]: Auto-subscribing com.gametechbc.traveloptics.setup.CommonSetup to MOD
[28May2025 18:21:00.172] [modloading-worker-0/DEBUG] [net.minecraftforge.fml.javafmlmod.AutomaticEventSubscriber/LOADING]: Auto-subscribing com.gametechbc.traveloptics.setup.AugmentTooltipsHandler to FORGE
[28May2025 18:21:00.173] [modloading-worker-0/DEBUG] [net.minecraftforge.fml.javafmlmod.AutomaticEventSubscriber/LOADING]: Auto-subscribing com.gametechbc.traveloptics.init.TravelopticsTabs to MOD
[28May2025 18:21:00.173] [modloading-worker-0/DEBUG] [net.minecraftforge.fml.javafmlmod.AutomaticEventSubscriber/LOADING]: Auto-subscribing com.gametechbc.traveloptics.init.TravelopticsEntities to MOD
[28May2025 18:21:00.173] [modloading-worker-0/DEBUG] [net.minecraftforge.fml.javafmlmod.AutomaticEventSubscriber/LOADING]: Auto-subscribing com.gametechbc.traveloptics.init.TravelopticsCuriosSlots to MOD
[28May2025 18:21:00.174] [modloading-worker-0/DEBUG] [net.minecraftforge.fml.javafmlmod.AutomaticEventSubscriber/LOADING]: Auto-subscribing com.gametechbc.traveloptics.events.ServerPlayerEvents to FORGE
[28May2025 18:21:00.177] [modloading-worker-0/DEBUG] [net.minecraftforge.fml.javafmlmod.AutomaticEventSubscriber/LOADING]: Auto-subscribing com.gametechbc.traveloptics.events.ServerEvents to FORGE
[28May2025 18:21:00.182] [modloading-worker-0/DEBUG] [net.minecraftforge.fml.javafmlmod.AutomaticEventSubscriber/LOADING]: Auto-subscribing com.gametechbc.traveloptics.events.AttributeProviderEvent to FORGE
[28May2025 18:21:00.183] [modloading-worker-0/DEBUG] [net.minecraftforge.fml.javafmlmod.AutomaticEventSubscriber/LOADING]: Auto-subscribing com.gametechbc.traveloptics.entity.item.mechanized_wraithblade.MechanizedWraithbladeAnimation to FORGE
[28May2025 18:21:00.184] [modloading-worker-0/DEBUG] [net.minecraftforge.fml.javafmlmod.AutomaticEventSubscriber/LOADING]: Auto-subscribing com.gametechbc.traveloptics.entity.item.infernal_devastator.InfernalDevastatorAnimation to FORGE
[28May2025 18:21:00.185] [modloading-worker-0/DEBUG] [net.minecraftforge.fml.javafmlmod.AutomaticEventSubscriber/LOADING]: Auto-subscribing com.gametechbc.traveloptics.entity.item.gauntlet_of_extinction.GauntletOfExtinctionAnimation to FORGE
[28May2025 18:21:00.186] [modloading-worker-0/DEBUG] [net.minecraftforge.fml.javafmlmod.AutomaticEventSubscriber/LOADING]: Auto-subscribing com.gametechbc.traveloptics.effects.Reversal.ReversalEffectHandler to FORGE
[28May2025 18:21:00.187] [modloading-worker-0/DEBUG] [net.minecraftforge.fml.javafmlmod.AutomaticEventSubscriber/LOADING]: Auto-subscribing com.gametechbc.traveloptics.effects.LingeringStrain.LingeringStrainHandler to FORGE
[28May2025 18:21:00.187] [modloading-worker-0/DEBUG] [net.minecraftforge.fml.javafmlmod.AutomaticEventSubscriber/LOADING]: Auto-subscribing com.gametechbc.traveloptics.effects.FrozenSight.FrozenSightHandler to FORGE
[28May2025 18:21:00.187] [modloading-worker-0/DEBUG] [net.minecraftforge.fml.javafmlmod.AutomaticEventSubscriber/LOADING]: Auto-subscribing com.gametechbc.traveloptics.effects.Casting.CastingHandler to FORGE
[28May2025 18:21:00.187] [modloading-worker-0/DEBUG] [net.minecraftforge.fml.javafmlmod.AutomaticEventSubscriber/LOADING]: Auto-subscribing com.gametechbc.traveloptics.effects.Blackout.BlackoutHandler to FORGE
[28May2025 18:21:00.187] [modloading-worker-0/DEBUG] [net.minecraftforge.fml.javafmlmod.AutomaticEventSubscriber/LOADING]: Auto-subscribing com.gametechbc.traveloptics.effects.AbyssalStrike.AttackHandler to FORGE
[28May2025 18:21:00.187] [modloading-worker-0/DEBUG] [net.minecraftforge.fml.javafmlmod.AutomaticEventSubscriber/LOADING]: Auto-subscribing com.gametechbc.traveloptics.api.init.TravelopticsAttributes to MOD
[28May2025 18:21:00.187] [modloading-worker-0/DEBUG] [net.minecraftforge.fml.javafmlmod.AutomaticEventSubscriber/LOADING]: Auto-subscribing com.gametechbc.traveloptics.CommonProxy to MOD
[28May2025 18:21:00.193] [main/DEBUG] [net.minecraftforge.fml.DeferredWorkQueue/LOADING]: Dispatching synchronous work for work queue CONSTRUCT: 6 jobs
[28May2025 18:21:00.194] [main/DEBUG] [epicfight/]: Loaded enums in class yesman.epicfight.api.animation.LivingMotions
[28May2025 18:21:00.194] [main/DEBUG] [epicfight/]: All enums are loaded: living_motion [ALL, INACTION, IDLE, CONFRONT, ANGRY, FLOAT, WALK, RUN, SWIM, FLY, SNEAK, KNEEL, FALL, SIT, MOUNT, DEATH, CHASE, SPELLCAST, JUMP, CELEBRATE, LANDING_RECOVERY, CREATIVE_FLY, CREATIVE_IDLE, DIGGING, ADMIRE, CLIMB, SLEEP, DRINK, EAT, NONE, AIM, BLOCK, BLOCK_SHIELD, RELOAD, SHOT, SPECTATE]
[28May2025 18:21:00.194] [main/DEBUG] [epicfight/]: Loaded enums in class yesman.epicfight.skill.SkillCategories
[28May2025 18:21:00.194] [main/DEBUG] [epicfight/]: All enums are loaded: skill_category [BASIC_ATTACK, AIR_ATTACK, DODGE, PASSIVE, WEAPON_PASSIVE, WEAPON_INNATE, GUARD, KNOCKDOWN_WAKEUP, MOVER, IDENTITY]
[28May2025 18:21:00.195] [main/DEBUG] [epicfight/]: Loaded enums in class yesman.epicfight.skill.SkillSlots
[28May2025 18:21:00.195] [main/DEBUG] [epicfight/]: All enums are loaded: skill_slot [BASIC_ATTACK, AIR_ATTACK, DODGE, PASSIVE1, PASSIVE2, PASSIVE3, WEAPON_PASSIVE, WEAPON_INNATE, GUARD, KNOCKDOWN_WAKEUP, MOVER, IDENTITY]
[28May2025 18:21:00.195] [main/DEBUG] [epicfight/]: Loaded enums in class net.corruptdog.cdm.world.item.YamatoStyle
[28May2025 18:21:00.195] [main/DEBUG] [epicfight/]: Loaded enums in class yesman.epicfight.world.capabilities.item.CapabilityItem$Styles
[28May2025 18:21:00.195] [main/DEBUG] [epicfight/]: All enums are loaded: style [YAMATO, COMMON, ONE_HAND, TWO_HAND, MOUNT, RANGED, SHEATH, OCHS]
[28May2025 18:21:00.195] [main/DEBUG] [epicfight/]: Loaded enums in class net.corruptdog.cdm.world.CorruptWeaponCategories
[28May2025 18:21:00.195] [main/DEBUG] [epicfight/]: Loaded enums in class yesman.epicfight.world.capabilities.item.CapabilityItem$WeaponCategories
[28May2025 18:21:00.195] [main/DEBUG] [epicfight/]: All enums are loaded: weapon_category [KATANA, S_GREATSWORD, YAMATO, S_SWORD, S_LONGSWORD, S_TACHI, S_SPEAR, GREAT_TACHI, S_DAGGER, SANJI, NOT_WEAPON, AXE, FIST, GREATSWORD, HOE, PICKAXE, SHOVEL, SWORD, UCHIGATANA, SPEAR, TACHI, TRIDENT, LONGSWORD, DAGGER, SHIELD, RANGED]
[28May2025 18:21:00.196] [main/DEBUG] [net.minecraftforge.fml.DeferredWorkQueue/LOADING]: Synchronous work queue completed in 2.829 ms
[28May2025 18:21:00.820] [main/DEBUG] [net.minecraftforge.common.capabilities.CapabilityManager/CAPABILITIES]: Attempting to automatically register: Lcom/tiviacz/travelersbackpack/capability/ITravelersBackpack;
[28May2025 18:21:00.821] [main/DEBUG] [net.minecraftforge.common.capabilities.CapabilityManager/CAPABILITIES]: Attempting to automatically register: Lnet/minecraftforge/energy/IEnergyStorage;
[28May2025 18:21:00.821] [main/DEBUG] [net.minecraftforge.common.capabilities.CapabilityManager/CAPABILITIES]: Attempting to automatically register: Lnet/minecraftforge/fluids/capability/IFluidHandler;
[28May2025 18:21:00.821] [main/DEBUG] [net.minecraftforge.common.capabilities.CapabilityManager/CAPABILITIES]: Attempting to automatically register: Lnet/minecraftforge/fluids/capability/IFluidHandlerItem;
[28May2025 18:21:00.821] [main/DEBUG] [net.minecraftforge.common.capabilities.CapabilityManager/CAPABILITIES]: Attempting to automatically register: Lnet/minecraftforge/items/IItemHandler;
[28May2025 18:21:01.251] [main/DEBUG] [net.corruptdog.cdm.gameasset.CorruptSound/]: Creating SoundEvent for: sfx.yamato_step
[28May2025 18:21:01.252] [main/DEBUG] [net.corruptdog.cdm.gameasset.CorruptSound/]: Creating SoundEvent for: yamato.yamato_in
[28May2025 18:21:01.252] [main/DEBUG] [net.corruptdog.cdm.gameasset.CorruptSound/]: Creating SoundEvent for: yamato.cut1
[28May2025 18:21:01.252] [main/DEBUG] [net.corruptdog.cdm.gameasset.CorruptSound/]: Creating SoundEvent for: yamato.cut2
[28May2025 18:21:01.252] [main/DEBUG] [net.corruptdog.cdm.gameasset.CorruptSound/]: Creating SoundEvent for: yamato.power
[28May2025 18:21:01.252] [main/DEBUG] [net.corruptdog.cdm.gameasset.CorruptSound/]: Creating SoundEvent for: sfx.foresight
[28May2025 18:21:01.252] [main/DEBUG] [net.corruptdog.cdm.gameasset.CorruptSound/]: Creating SoundEvent for: sfx.execute
[28May2025 18:21:01.252] [main/DEBUG] [net.corruptdog.cdm.gameasset.CorruptSound/]: Creating SoundEvent for: sfx.damage
[28May2025 18:21:01.252] [main/DEBUG] [net.corruptdog.cdm.gameasset.CorruptSound/]: Creating SoundEvent for: sfx.dodge
[28May2025 18:21:01.252] [main/DEBUG] [net.corruptdog.cdm.gameasset.CorruptSound/]: Creating SoundEvent for: sfx.skills
[28May2025 18:21:01.252] [main/DEBUG] [net.corruptdog.cdm.gameasset.CorruptSound/]: Creating SoundEvent for: sfx.hurt
[28May2025 18:21:01.252] [main/DEBUG] [net.corruptdog.cdm.gameasset.CorruptSound/]: Creating SoundEvent for: sfx.step
[28May2025 18:21:01.252] [main/DEBUG] [net.corruptdog.cdm.gameasset.CorruptSound/]: Creating SoundEvent for: sfx.fatalflash
[28May2025 18:21:01.252] [main/DEBUG] [net.corruptdog.cdm.gameasset.CorruptSound/]: Creating SoundEvent for: sfx.guard
[28May2025 18:21:01.252] [main/DEBUG] [net.corruptdog.cdm.gameasset.CorruptSound/]: Creating SoundEvent for: sfx.impact
[28May2025 18:21:01.252] [main/DEBUG] [net.corruptdog.cdm.gameasset.CorruptSound/]: Creating SoundEvent for: sfx.seethrough
[28May2025 18:21:01.796] [main/DEBUG] [software.bernie.geckolib.GeckoLib/]: Registered SyncedAnimatable for class com.bobmowzie.mowziesmobs.server.item.ItemEarthrendGauntlet
[28May2025 18:21:01.796] [main/DEBUG] [software.bernie.geckolib.GeckoLib/]: Registered SyncedAnimatable for class com.bobmowzie.mowziesmobs.server.item.ItemSculptorStaff
[28May2025 18:21:01.992] [main/DEBUG] [io.netty.util.internal.InternalThreadLocalMap/]: -Dio.netty.threadLocalMap.stringBuilder.initialSize: 1024
[28May2025 18:21:01.992] [main/DEBUG] [io.netty.util.internal.InternalThreadLocalMap/]: -Dio.netty.threadLocalMap.stringBuilder.maxSize: 4096
[28May2025 18:21:01.992] [main/DEBUG] [io.netty.util.internal.ThreadLocalRandom/]: -Dio.netty.initialSeedUniquifier: 0xe3055bf39f46514b
[28May2025 18:21:02.786] [main/DEBUG] [mixin/]: Mixing PotionUtilsMixin from alexscaves.mixins.json into net.minecraft.world.item.alchemy.PotionUtils
[28May2025 18:21:02.786] [main/DEBUG] [mixin/]: Renaming synthetic method lambda$ac_getColor$0(Lnet/minecraft/world/effect/MobEffectInstance;)Z to mde990a2$lambda$ac_getColor$0$0 in alexscaves.mixins.json:PotionUtilsMixin
[28May2025 18:21:02.786] [main/DEBUG] [mixin/]: Mixing PotionUtilsMixin from attributeslib.mixins.json into net.minecraft.world.item.alchemy.PotionUtils
[28May2025 18:21:02.843] [main/DEBUG] [mixin/]: Mixing perf.dynamic_dfu.DataFixersMixin from modernfix-common.mixins.json into net.minecraft.util.datafix.DataFixers
[28May2025 18:21:02.843] [main/DEBUG] [mixin/]: Renaming synthetic method lambda$createLazyFixerUpper$0(Ljava/util/Set;)Lcom/mojang/datafixers/DataFixer; to mde990a2$lambda$createLazyFixerUpper$0$0 in modernfix-common.mixins.json:perf.dynamic_dfu.DataFixersMixin
[28May2025 18:21:02.928] [main/INFO] [ModernFix/]: Bypassed Mojang DFU
[28May2025 18:21:02.929] [main/INFO] [ModernFix/]: Instantiating Mojang DFU
[28May2025 18:21:03.457] [main/DEBUG] [placebo/]: Registered 0 recipe types.
[28May2025 18:21:03.474] [main/DEBUG] [mixin/]: Mixing accessor.ShapelessRecipeAccessor from tombstone.mixins.json into net.minecraft.world.item.crafting.ShapelessRecipe
[28May2025 18:21:03.674] [main/DEBUG] [mixin/]: Mixing MixinDodge from mixins.epicironcompat.json into yesman.epicfight.skill.dodge.DodgeSkill
[28May2025 18:21:03.676] [main/DEBUG] [mixin/]: Mixing DodgeSkillMixin from cdmoveset.mixins.json into yesman.epicfight.skill.dodge.DodgeSkill
[28May2025 18:21:03.676] [main/DEBUG] [mixin/]: Renaming synthetic method lambda$onInitiate$2(Lyesman/epicfight/world/entity/eventlistener/AnimationBeginEvent;)V to mde990a2$lambda$onInitiate$2$0 in cdmoveset.mixins.json:DodgeSkillMixin
[28May2025 18:21:03.676] [main/DEBUG] [mixin/]: Renaming synthetic method lambda$onInitiate$1(Lyesman/epicfight/skill/SkillContainer;Lyesman/epicfight/world/entity/eventlistener/DodgeSuccessEvent;)V to mde990a2$lambda$onInitiate$1$1 in cdmoveset.mixins.json:DodgeSkillMixin
[28May2025 18:21:03.676] [main/DEBUG] [mixin/]: Renaming synthetic method lambda$onInitiate$0(Lyesman/epicfight/skill/SkillContainer;)V to mde990a2$lambda$onInitiate$0$2 in cdmoveset.mixins.json:DodgeSkillMixin
[28May2025 18:21:03.709] [main/DEBUG] [mixin/]: Mixing MixinGuard from mixins.epicironcompat.json into yesman.epicfight.skill.guard.GuardSkill
[28May2025 18:21:03.709] [main/DEBUG] [mixin/]: Mixing GuardMixin from cdmoveset.mixins.json into yesman.epicfight.skill.guard.GuardSkill
[28May2025 18:21:03.718] [main/DEBUG] [mixin/]: Mixing ParryingMixin from cdmoveset.mixins.json into yesman.epicfight.skill.guard.ParryingSkill
[28May2025 18:21:03.719] [main/DEBUG] [mixin/]: Renaming synthetic method lambda$Parrying$0(Lyesman/epicfight/skill/SkillContainer;Lyesman/epicfight/world/entity/eventlistener/RightClickItemEvent;)V to mde990a2$lambda$Parrying$0$0 in cdmoveset.mixins.json:ParryingMixin
[28May2025 18:21:03.737] [main/DEBUG] [mixin/]: Mixing TechnicianSkillMixin from cdmoveset.mixins.json into yesman.epicfight.skill.passive.TechnicianSkill
[28May2025 18:21:03.738] [main/DEBUG] [mixin/]: Renaming synthetic method lambda$onInitiate$0(Lyesman/epicfight/skill/SkillContainer;Lyesman/epicfight/world/entity/eventlistener/DodgeSuccessEvent;)V to mde990a2$lambda$onInitiate$0$0 in cdmoveset.mixins.json:TechnicianSkillMixin
[28May2025 18:21:03.801] [main/INFO] [net.corruptdog.cdm.main.CDmoveset/]: buildSkillEvent
[28May2025 18:21:03.845] [main/DEBUG] [mixin/]: Mixing ForgeHooksMixin from tombstone.mixins.json into net.minecraftforge.common.ForgeHooks
[28May2025 18:21:03.881] [main/WARN] [net.minecraft.network.syncher.SynchedEntityData/]: defineId called for: class net.minecraft.world.entity.player.Player from class yesman.epicfight.world.capabilities.entitypatch.player.PlayerPatch
[28May2025 18:21:03.921] [main/WARN] [net.minecraft.network.syncher.SynchedEntityData/]: defineId called for: class com.github.alexmodguy.alexscaves.server.entity.living.TremorzillaEntity from class com.github.alexmodguy.alexscaves.server.entity.living.LicowitchEntity
[28May2025 18:21:03.989] [main/WARN] [net.minecraft.network.syncher.SynchedEntityData/]: defineId called for: class net.minecraft.world.entity.boss.wither.WitherBoss from class yesman.epicfight.world.capabilities.entitypatch.boss.WitherPatch
[28May2025 18:21:03.990] [main/WARN] [net.minecraft.network.syncher.SynchedEntityData/]: defineId called for: class net.minecraft.world.entity.boss.wither.WitherBoss from class yesman.epicfight.world.capabilities.entitypatch.boss.WitherPatch
[28May2025 18:21:03.990] [main/WARN] [net.minecraft.network.syncher.SynchedEntityData/]: defineId called for: class net.minecraft.world.entity.boss.wither.WitherBoss from class yesman.epicfight.world.capabilities.entitypatch.boss.WitherPatch
[28May2025 18:21:03.990] [main/WARN] [net.minecraft.network.syncher.SynchedEntityData/]: defineId called for: class net.minecraft.world.entity.boss.wither.WitherBoss from class yesman.epicfight.world.capabilities.entitypatch.boss.WitherPatch
[28May2025 18:21:03.990] [main/WARN] [net.minecraft.network.syncher.SynchedEntityData/]: defineId called for: class net.minecraft.world.entity.boss.wither.WitherBoss from class yesman.epicfight.world.capabilities.entitypatch.boss.WitherPatch
[28May2025 18:21:03.990] [main/WARN] [net.minecraft.network.syncher.SynchedEntityData/]: defineId called for: class net.minecraft.world.entity.boss.wither.WitherBoss from class yesman.epicfight.world.capabilities.entitypatch.boss.WitherPatch
[28May2025 18:21:03.991] [main/WARN] [net.minecraft.network.syncher.SynchedEntityData/]: defineId called for: class net.minecraft.world.entity.boss.wither.WitherBoss from class yesman.epicfight.world.capabilities.entitypatch.boss.WitherPatch
[28May2025 18:21:03.991] [main/WARN] [net.minecraft.network.syncher.SynchedEntityData/]: defineId called for: class net.minecraft.world.entity.boss.wither.WitherBoss from class yesman.epicfight.world.capabilities.entitypatch.boss.WitherPatch
[28May2025 18:21:03.991] [main/WARN] [net.minecraft.network.syncher.SynchedEntityData/]: defineId called for: class net.minecraft.world.entity.boss.wither.WitherBoss from class yesman.epicfight.world.capabilities.entitypatch.boss.WitherPatch
[28May2025 18:21:04.216] [main/DEBUG] [net.minecraftforge.fml.config.ConfigTracker/CONFIG]: Loading configs type COMMON
[28May2025 18:21:04.217] [main/DEBUG] [net.minecraftforge.fml.config.ConfigFileTypeHandler/CONFIG]: Built TOML config for /workspaces/Server_Mine/servidor_minecraft/config/efiscompat.toml
[28May2025 18:21:04.218] [main/DEBUG] [net.minecraftforge.fml.config.ConfigFileTypeHandler/CONFIG]: Loaded TOML config file /workspaces/Server_Mine/servidor_minecraft/config/efiscompat.toml
[28May2025 18:21:04.220] [main/DEBUG] [net.minecraftforge.fml.config.ConfigFileTypeHandler/CONFIG]: Watching TOML config file /workspaces/Server_Mine/servidor_minecraft/config/efiscompat.toml for changes
[28May2025 18:21:04.221] [main/INFO] [com.yukami.epicironcompat.config.CommonConfig/]: Config loaded! [irons_spellbooks:blood_staff, irons_spellbooks:ice_staff, irons_spellbooks:graybeard_staff, irons_spellbooks:artificer_cane, irons_spellbooks:lightning_rod, irons_spellbooks:magehunter, irons_spellbooks:keeper_flamberge, irons_spellbooks:spellbreaker, irons_spellbooks:amethyst_rapier, irons_spellbooks:hither_thither_wand]
[28May2025 18:21:04.221] [main/DEBUG] [net.minecraftforge.fml.config.ConfigFileTypeHandler/CONFIG]: Built TOML config for /workspaces/Server_Mine/servidor_minecraft/config/netherexp-common.toml
[28May2025 18:21:04.223] [main/DEBUG] [net.minecraftforge.fml.config.ConfigFileTypeHandler/CONFIG]: Loaded TOML config file /workspaces/Server_Mine/servidor_minecraft/config/netherexp-common.toml
[28May2025 18:21:04.223] [main/DEBUG] [net.minecraftforge.fml.config.ConfigFileTypeHandler/CONFIG]: Watching TOML config file /workspaces/Server_Mine/servidor_minecraft/config/netherexp-common.toml for changes
[28May2025 18:21:04.225] [main/DEBUG] [net.minecraftforge.fml.config.ConfigFileTypeHandler/CONFIG]: Built TOML config for /workspaces/Server_Mine/servidor_minecraft/config/modernfix-common.toml
[28May2025 18:21:04.225] [main/DEBUG] [net.minecraftforge.fml.config.ConfigFileTypeHandler/CONFIG]: Loaded TOML config file /workspaces/Server_Mine/servidor_minecraft/config/modernfix-common.toml
[28May2025 18:21:04.226] [main/DEBUG] [net.minecraftforge.fml.config.ConfigFileTypeHandler/CONFIG]: Watching TOML config file /workspaces/Server_Mine/servidor_minecraft/config/modernfix-common.toml for changes
[28May2025 18:21:04.226] [main/DEBUG] [net.minecraftforge.fml.config.ConfigFileTypeHandler/CONFIG]: Built TOML config for /workspaces/Server_Mine/servidor_minecraft/config/citadel-common.toml
[28May2025 18:21:04.226] [main/DEBUG] [net.minecraftforge.fml.config.ConfigFileTypeHandler/CONFIG]: Loaded TOML config file /workspaces/Server_Mine/servidor_minecraft/config/citadel-common.toml
[28May2025 18:21:04.227] [main/DEBUG] [net.minecraftforge.fml.config.ConfigFileTypeHandler/CONFIG]: Watching TOML config file /workspaces/Server_Mine/servidor_minecraft/config/citadel-common.toml for changes
[28May2025 18:21:04.227] [main/DEBUG] [net.minecraftforge.fml.config.ConfigFileTypeHandler/CONFIG]: Built TOML config for /workspaces/Server_Mine/servidor_minecraft/config/travelersbackpack-common.toml
[28May2025 18:21:04.227] [main/DEBUG] [net.minecraftforge.fml.config.ConfigFileTypeHandler/CONFIG]: Loaded TOML config file /workspaces/Server_Mine/servidor_minecraft/config/travelersbackpack-common.toml
[28May2025 18:21:04.228] [main/DEBUG] [net.minecraftforge.fml.config.ConfigFileTypeHandler/CONFIG]: Watching TOML config file /workspaces/Server_Mine/servidor_minecraft/config/travelersbackpack-common.toml for changes
[28May2025 18:21:04.228] [main/DEBUG] [net.minecraftforge.fml.config.ConfigFileTypeHandler/CONFIG]: Built TOML config for /workspaces/Server_Mine/servidor_minecraft/config/mowziesmobs-common.toml
[28May2025 18:21:04.231] [main/DEBUG] [net.minecraftforge.fml.config.ConfigFileTypeHandler/CONFIG]: Loaded TOML config file /workspaces/Server_Mine/servidor_minecraft/config/mowziesmobs-common.toml
[28May2025 18:21:04.231] [main/DEBUG] [net.minecraftforge.fml.config.ConfigFileTypeHandler/CONFIG]: Watching TOML config file /workspaces/Server_Mine/servidor_minecraft/config/mowziesmobs-common.toml for changes
[28May2025 18:21:04.236] [main/DEBUG] [net.minecraftforge.fml.config.ConfigFileTypeHandler/CONFIG]: Built TOML config for /workspaces/Server_Mine/servidor_minecraft/config/jeresources-common.toml
[28May2025 18:21:04.237] [main/DEBUG] [net.minecraftforge.fml.config.ConfigFileTypeHandler/CONFIG]: Loaded TOML config file /workspaces/Server_Mine/servidor_minecraft/config/jeresources-common.toml
[28May2025 18:21:04.237] [main/DEBUG] [net.minecraftforge.fml.config.ConfigFileTypeHandler/CONFIG]: Watching TOML config file /workspaces/Server_Mine/servidor_minecraft/config/jeresources-common.toml for changes
[28May2025 18:21:04.237] [main/DEBUG] [net.minecraftforge.fml.config.ConfigFileTypeHandler/CONFIG]: Built TOML config for /workspaces/Server_Mine/servidor_minecraft/config/alexscaves-general.toml
[28May2025 18:21:04.238] [main/DEBUG] [net.minecraftforge.fml.config.ConfigFileTypeHandler/CONFIG]: Loaded TOML config file /workspaces/Server_Mine/servidor_minecraft/config/alexscaves-general.toml
[28May2025 18:21:04.238] [main/DEBUG] [net.minecraftforge.fml.config.ConfigFileTypeHandler/CONFIG]: Watching TOML config file /workspaces/Server_Mine/servidor_minecraft/config/alexscaves-general.toml for changes
[28May2025 18:21:04.252] [main/DEBUG] [net.minecraftforge.fml.config.ConfigFileTypeHandler/CONFIG]: Built TOML config for /workspaces/Server_Mine/servidor_minecraft/config/esm-config.toml
[28May2025 18:21:04.252] [main/DEBUG] [net.minecraftforge.fml.config.ConfigFileTypeHandler/CONFIG]: Loaded TOML config file /workspaces/Server_Mine/servidor_minecraft/config/esm-config.toml
[28May2025 18:21:04.253] [main/DEBUG] [net.minecraftforge.fml.config.ConfigFileTypeHandler/CONFIG]: Watching TOML config file /workspaces/Server_Mine/servidor_minecraft/config/esm-config.toml for changes
[28May2025 18:21:04.254] [main/DEBUG] [net.minecraftforge.fml.config.ConfigFileTypeHandler/CONFIG]: Built TOML config for /workspaces/Server_Mine/servidor_minecraft/config/eeeabsmobs-common.toml
[28May2025 18:21:04.254] [main/DEBUG] [net.minecraftforge.fml.config.ConfigFileTypeHandler/CONFIG]: Loaded TOML config file /workspaces/Server_Mine/servidor_minecraft/config/eeeabsmobs-common.toml
[28May2025 18:21:04.254] [main/DEBUG] [net.minecraftforge.fml.config.ConfigFileTypeHandler/CONFIG]: Watching TOML config file /workspaces/Server_Mine/servidor_minecraft/config/eeeabsmobs-common.toml for changes
[28May2025 18:21:04.256] [main/DEBUG] [net.minecraftforge.fml.config.ConfigFileTypeHandler/CONFIG]: Built TOML config for /workspaces/Server_Mine/servidor_minecraft/config/cataclysm.toml
[28May2025 18:21:04.257] [main/DEBUG] [net.minecraftforge.fml.config.ConfigFileTypeHandler/CONFIG]: Loaded TOML config file /workspaces/Server_Mine/servidor_minecraft/config/cataclysm.toml
[28May2025 18:21:04.257] [main/DEBUG] [net.minecraftforge.fml.config.ConfigFileTypeHandler/CONFIG]: Watching TOML config file /workspaces/Server_Mine/servidor_minecraft/config/cataclysm.toml for changes
[28May2025 18:21:04.269] [main/DEBUG] [net.minecraftforge.fml.config.ConfigFileTypeHandler/CONFIG]: Built TOML config for /workspaces/Server_Mine/servidor_minecraft/config/curios-common.toml
[28May2025 18:21:04.269] [main/DEBUG] [net.minecraftforge.fml.config.ConfigFileTypeHandler/CONFIG]: Loaded TOML config file /workspaces/Server_Mine/servidor_minecraft/config/curios-common.toml
[28May2025 18:21:04.269] [main/DEBUG] [net.minecraftforge.fml.config.ConfigFileTypeHandler/CONFIG]: Watching TOML config file /workspaces/Server_Mine/servidor_minecraft/config/curios-common.toml for changes
[28May2025 18:21:04.269] [main/DEBUG] [net.minecraftforge.fml.config.ConfigFileTypeHandler/CONFIG]: Built TOML config for /workspaces/Server_Mine/servidor_minecraft/config/legendary_monsters-common.toml
[28May2025 18:21:04.270] [main/DEBUG] [net.minecraftforge.fml.config.ConfigFileTypeHandler/CONFIG]: Loaded TOML config file /workspaces/Server_Mine/servidor_minecraft/config/legendary_monsters-common.toml
[28May2025 18:21:04.271] [main/DEBUG] [net.minecraftforge.fml.config.ConfigFileTypeHandler/CONFIG]: Watching TOML config file /workspaces/Server_Mine/servidor_minecraft/config/legendary_monsters-common.toml for changes
[28May2025 18:21:04.272] [main/DEBUG] [net.minecraftforge.fml.config.ConfigFileTypeHandler/CONFIG]: Built TOML config for /workspaces/Server_Mine/servidor_minecraft/config/tombstone-common.toml
[28May2025 18:21:04.273] [main/DEBUG] [net.minecraftforge.fml.config.ConfigFileTypeHandler/CONFIG]: Loaded TOML config file /workspaces/Server_Mine/servidor_minecraft/config/tombstone-common.toml
[28May2025 18:21:04.273] [main/DEBUG] [net.minecraftforge.fml.config.ConfigFileTypeHandler/CONFIG]: Watching TOML config file /workspaces/Server_Mine/servidor_minecraft/config/tombstone-common.toml for changes
[28May2025 18:21:04.274] [main/DEBUG] [net.minecraftforge.fml.config.ConfigFileTypeHandler/CONFIG]: Built TOML config for /workspaces/Server_Mine/servidor_minecraft/config/aiimprovements-common.toml
[28May2025 18:21:04.275] [main/DEBUG] [net.minecraftforge.fml.config.ConfigFileTypeHandler/CONFIG]: Loaded TOML config file /workspaces/Server_Mine/servidor_minecraft/config/aiimprovements-common.toml
[28May2025 18:21:04.275] [main/DEBUG] [net.minecraftforge.fml.config.ConfigFileTypeHandler/CONFIG]: Watching TOML config file /workspaces/Server_Mine/servidor_minecraft/config/aiimprovements-common.toml for changes
[28May2025 18:21:04.276] [main/DEBUG] [net.minecraftforge.fml.config.ConfigFileTypeHandler/CONFIG]: Built TOML config for /workspaces/Server_Mine/servidor_minecraft/config/cdmoveset-common.toml
[28May2025 18:21:04.276] [main/DEBUG] [net.minecraftforge.fml.config.ConfigFileTypeHandler/CONFIG]: Loaded TOML config file /workspaces/Server_Mine/servidor_minecraft/config/cdmoveset-common.toml
[28May2025 18:21:04.276] [main/DEBUG] [net.minecraftforge.fml.config.ConfigFileTypeHandler/CONFIG]: Watching TOML config file /workspaces/Server_Mine/servidor_minecraft/config/cdmoveset-common.toml for changes
[28May2025 18:21:04.455] [modloading-worker-0/DEBUG] [ModernFix/]: Cleared 7289 object holder stacktrace references
[28May2025 18:21:04.467] [Forge Version Check/INFO] [net.minecraftforge.fml.VersionChecker/]: [journeymap] Starting version check at https://forge.curseupdate.com/32274/journeymap
[28May2025 18:21:04.548] [modloading-worker-0/DEBUG] [mixin/]: Mixing MixinSlotAttribute from curios.mixins.json into top.theillusivec4.curios.api.SlotAttribute
[28May2025 18:21:04.553] [modloading-worker-0/DEBUG] [mixin/]: Mixing MixinCuriosApi from curios.mixins.json into top.theillusivec4.curios.api.CuriosApi
[28May2025 18:21:04.601] [modloading-worker-0/DEBUG] [mixin/]: Mixing MixinCancelAnimation from mixins.epicironcompat.json into io.redspace.ironsspellbooks.network.ServerboundCancelCast
[28May2025 18:21:04.788] [Forge Version Check/DEBUG] [net.minecraftforge.fml.VersionChecker/]: [journeymap] Received version check data:
{"promos":{"1.10.2-latest":"1.10.2-5.5.2","1.10.2-recommended":"1.10.2-5.5.2","1.11-latest":"1.11-5.4.6","1.11-recommended":"1.11-5.4.6","1.11.2-latest":"1.11.2-5.5.2","1.11.2-recommended":"1.11.2-5.5.2","1.12-latest":"1.12-5.5.2","1.12-recommended":"1.12-5.5.2","1.12.1-latest":"1.12.1-5.5.2","1.12.1-recommended":"1.12.1-5.5.2","1.12.2-latest":"1.12.2-5.7.1p3","1.12.2-recommended":"1.12.2-5.7.1p3","1.14.4-latest":"5.7.0","1.14.4-recommended":"5.7.0","1.15.2-latest":"5.7.0","1.15.2-recommended":"5.7.0","1.16.2-latest":"5.7.3","1.16.2-recommended":"5.7.3","1.16.3-latest":"5.7.3","1.16.3-recommended":"5.7.3","1.16.4-latest":"5.7.3","1.16.4-recommended":"5.7.3","1.16.5-latest":"5.8.6","1.16.5-recommended":"5.8.6","1.17.1-latest":"5.8.0","1.17.1-recommended":"5.8.0","1.18-latest":"5.8.0alpha9","1.18.1-latest":"5.8.1","1.18.1-recommended":"5.8.1","1.18.2-latest":"5.9.8","1.18.2-recommended":"5.9.8","1.19-latest":"5.8.5","1.19-recommended":"5.8.5","1.19.1-latest":"5.9.0beta2","1.19.2-latest":"5.9.8","1.19.2-recommended":"5.9.8","1.19.3-latest":"5.9.7","1.19.3-recommended":"5.9.7","1.19.4-latest":"5.9.8","1.19.4-recommended":"5.9.8","1.20-latest":"5.9.8","1.20-recommended":"5.9.8","1.20.1-latest":"5.10.3","1.20.1-recommended":"5.10.3","1.20.2-latest":"5.9.21","1.20.2-recommended":"5.9.21","1.20.3-latest":"5.9.18","1.20.3-recommended":"5.9.18","1.20.4-latest":"5.10.0","1.20.4-recommended":"5.10.0","1.20.6-latest":"5.10.0","1.20.6-recommended":"5.10.0","1.21-latest":"1.21-6.0.0-beta.27","1.21.1-latest":"1.21.1-6.0.0-beta.45","1.21.4-latest":"1.21.4-6.0.0-beta.45","1.21.5-latest":"1.21.5-6.0.0-beta.45","1.7.10-latest":"5.2.9","1.7.10-recommended":"5.2.9","1.9-latest":"1.9-5.5.2","1.9-recommended":"1.9-5.5.2","1.9.4-latest":"1.9.4-5.5.2","1.9.4-recommended":"1.9.4-5.5.2"},"homepage":"https://www.curseforge.com/minecraft/mc-mods/journeymap"}
[28May2025 18:21:04.790] [Forge Version Check/INFO] [net.minecraftforge.fml.VersionChecker/]: [journeymap] Found status: OUTDATED Current: 5.10.1 Target: 5.10.3
[28May2025 18:21:04.791] [Forge Version Check/INFO] [net.minecraftforge.fml.VersionChecker/]: [travelersbackpack] Starting version check at https://gist.githubusercontent.com/Tiviacz1337/906937677aa472285dff9d6c2a189d5e/raw
[28May2025 18:21:04.834] [main/DEBUG] [net.minecraftforge.fml.DeferredWorkQueue/LOADING]: Dispatching synchronous work for work queue COMMON_SETUP: 51 jobs
[28May2025 18:21:04.834] [main/INFO] [journeymap/]: Initializing Packet Registries
[28May2025 18:21:04.842] [Forge Version Check/DEBUG] [net.minecraftforge.fml.VersionChecker/]: [travelersbackpack] Received version check data:
{ 
        "homepage": "https://www.curseforge.com/minecraft/mc-mods/travelers-backpack", 
        "promos": {
		"1.20.4-recommended": "9.4.2",
		"1.20.4-latest": "9.4.2",
		"1.20.2-recommended": "9.2.4",
		"1.20.2-latest": "9.2.4",
		"1.20.1-recommended": "9.1.16",
		"1.20.1-latest": "9.1.16",
		"1.20-recommended": "9.0.2",
		"1.20-latest": "9.0.2",
		"1.19.4-recommended": "8.4.20",
		"1.19.4-latest": "8.4.20",
		"1.19.3-recommended": "8.3.9",
		"1.19.3-latest": "8.3.9",
		"1.19.2-recommended": "8.2.40",
		"1.19.2-latest": "8.2.40",
		"1.19.1-recommended": "8.1.1",
		"1.19.1-latest": "8.1.1",
		"1.19-recommended": "8.0.8",
		"1.19-latest": "8.0.8",
		"1.18.2-recommended": "7.1.48",
		"1.18.2-latest": "7.1.48",
		"1.18.1-recommended": "7.0.4",
		"1.18.1-latest": "7.0.5",
		"1.17.1-recommended": "6.0.52",
		"1.17.1-latest": "6.0.52",
		"1.16.5-recommended": "5.4.51",
		"1.16.5-latest": "5.4.51",
		"1.16.4-recommended": "5.3.8",
		"1.16.4-latest": "5.3.8",
		"1.16.3-recommended": "5.2.1",
		"1.16.3-latest": "5.2.1",
		"1.16.2-recommended": "5.1.1",
		"1.16.2-latest": "5.1.1",
		"1.16.1-recommended": "5.0.1",
		"1.16.1-latest": "5.0.1",
		"1.15.2-recommended": "4.0.8",
		"1.15.2-latest": "4.0.8",
		"1.14.4-recommended": "3.0.8",
		"1.14.4-latest": "3.0.8",
                "1.12.2-recommended": "1.0.34",
		"1.12.2-latest": "1.0.34"
        }, 
        "1.12.2": {
			"0.0.3a": "Added sleeping bag",
			"0.0.4a": "Added ability to wear backpack on player's back!",
			"0.0.5a": "Implemented swapping between tools!",
			"0.0.6a": "Added missing recipe for sleeping bag",
			"0.0.7a": "Fixes for server",
			"0.0.8a": "Added backpack renderer on player's back!",
			"0.0.9a": "Added tools render on backpack",
			"0.1.0a": "Fixed tile entity data loading",
			"0.1.1a": "Added hose, bug fixes",
			"0.1.2a": "Fixed server crash",
			"0.1.3a": "Added more backpack types!",
			"0.1.4a": "Added fluid render to block and wearable model",
			"0.1.5a": "Fixed some bugs and added more custom backpacks",
			"0.1.6a": "Added potions as fluids!",
			"0.1.7a": "Fixed rendering-thing on server",
			"0.1.8a": "Fixed some minor issues",
			"1.0.19.19": "First beta release",
			"1.0.20.20": "Mainly bug fixes",
			"1.0.21.21": "Bug fixes",
			"1.0.22.22": "Added backpack abilities",
			"1.0.23.23": "Bug fixes",
			"1.0.24.24": "Bug fixes",
			"1.0.25.25": "Bug fixes",
			"1.0.26.26": "Fixed NPE",
			"1.0.27": "Capability code clean-up, bug fix",
			"1.0.28": "Mod ID change, see note in 1.0.28 on the site",
			"1.0.29": "Mod ID change, see note in 1.0.29 on the site",
			"1.0.30": "Bug fixes, standard backpack texture improvements",
			"1.0.31": "Fixed bug that causes buckets to dissapear",
			"1.0.32": "Added in-game warning about modid change and method to keep backpacks after updating to newer version",
			"1.0.33": "Fixed backpack dissapear in explosions",
			"1.0.34": "Mainly bug fixes",
			"1.0.35": "Misc bug fixes"
        },
	"1.14.4":  { 
			"3.0.7": "Initial port",
			"3.0.8": "Compatibility for modded tools"
	},
	"1.15.2":  {
      			"4.0.0": "Initial port",
			"4.0.1": "FPS bug fix",
			"4.0.2": "Fixed unwanted backpack placement after death",
			"4.0.3": "Fixed NPE while using sleeping bag",
			"4.0.4": "Fixed crash, updated few textures",
			"4.0.5": "Bug fixes",
			"4.0.6": "Fixed backpack dissapear in explosions",
			"4.0.7": "Keybind for tool cycle",
			"4.0.8": "Compatibility for modded tools"
	},
	"1.16.1":  { 
			"5.0.0": "Initial port",
			"5.0.1": "Fixed backpack not saving contents, compatibility for modded tools"
	},
	"1.16.2":  { 
			"5.1.0": "Initial port",
			"5.1.1": "Fixed server crashes, backpack not saving contents, compatibility for modded tools"
	},
	"1.16.3":  { 
			"5.2.1": "Initial port"
	},
	"1.16.4":  { 
			"5.3.1": "Initial port",
			"5.3.2": "Bug fixes, game-breaking change",
			"5.3.3": "A lot of bug fixes",
			"5.3.4": "Dupe bug fix",
			"5.3.5": "Curios integration",
			"5.3.6": "Crafting grid dupe bug fix",
			"5.3.7": "Crash fix, curiosIntegration option migration",
			"5.3.8": "Fixed item saving bug"
	},
	"1.16.5":  { 
			"5.3.8": "Fixed item saving bug",
			"5.4.0": "Few new custom backpacks",
			"5.4.1": "Fixed villager trades",
			"5.4.2": "Fixed crash with turkish language and small tweaks",
			"5.4.3": "Fixed dupe bug",
			"5.4.4": "JEI dupe bug fix and more",
			"5.4.5": "Dyeable backpacks update! :>",
			"5.4.6": "More backpacks and bug fixes",
			"5.4.7": "Exploit and bug fixes",
			"5.4.8": "Fixed spawn point setting",
			"5.4.9": "20 new backpacks",
			"5.4.10": "Added backpack abilties",
			"5.4.11": "Code cleanup",
			"5.4.12": "Fixed crash",
			"5.4.13": "Added sorting buttons",
			"5.4.14": "Fixed LAN crash",
			"5.4.15": "Fixed few bugs",
			"5.4.16": "Fixed crash",
			"5.4.17": "Fixed bugs",
			"5.4.18": "Fixed crash",
			"5.4.19": "Fixed curio dupe bug",
			"5.4.20": "Added 9 new abilities",
			"5.4.21": "Added too many backpacks slowness effect",
			"5.4.22": "Fixed abilities",
			"5.4.23": "Added colorable sleeping bags",
			"5.4.24": "Bug fixes",
			"5.4.25": "Added slot memory",
			"5.4.26": "Added dedicated settings menu",
			"5.4.28": "Added milk and milk effect",
			"5.4.29": "Mobs can spawn with backpack equipped",
			"5.4.31": "Added /restore command",
			"5.4.32": "Added void protection config option",
			"5.4.33": "Fixed bad coded coordinates",
			"5.4.35": "Tweaked config and commands",
			"5.4.36": "Added backpack tiers",
			"5.4.37": "Changed tier upgrades recipes",
			"5.4.38": "Added enableTierUpgrades config option",
			"5.4.39": "Added Crafting widget",
			"5.4.40": "Fixed dupe bug",
			"5.4.41": "Backpack can be placed in fluids after death",
			"5.4.42": "Added compat with gravestone mods",
			"5.4.43": "Tweaked some recipes",
			"5.4.44": "Misc",
			"5.4.45": "Misc",
			"5.4.46": "Misc",
			"5.4.47": "Added tool slots widget",
			"5.4.48": "Fixed few bugs",
			"5.4.49": "Shift + Right Click with Empty Hand allows to place backpack on the ground",
			"5.4.50": "Sleeping bag can be used without backpack",
			"5.4.51": "Added loot to chests and fixed bugs"
	},
	"1.17.1":  { 
			"6.0.0": "Initial Release",
			"6.0.1": "Fixed datapack issue",
			"6.0.2": "Fixed crash with newest Forge",
			"6.0.3": "Fixed backpack disappearing on death",
			"6.0.4": "JEI integration and more",
			"6.0.5": "Dyeable backpacks update! :>",
			"6.0.6": "More backpacks and bug fixes",
			"6.0.7": "Fixed significant FPS drop",
			"6.0.8": "Fixed dupe bug",
			"6.0.9": "Fixed spawn point setting",
			"6.0.10": "20 new backpacks",
			"6.0.11": "Added backpack abilties",
			"6.0.12": "Code cleanup",
			"6.0.13": "Fixed crash",
			"6.0.14": "Added sorting buttons",
			"6.0.15": "Fixed LAN crash",
			"6.0.16": "Fixed few bugs",
			"6.0.17": "Fixed crash",
			"6.0.18": "Fixed bugs",
			"6.0.19": "Fixed crash",
			"6.0.20": "Fixed curio dupe bug",
			"6.0.21": "Added 9 new abilities",
			"6.0.22": "Added too many backpacks slowness effect",
			"6.0.23": "Fixed abilities",
			"6.0.24": "Added colorable sleeping bags",
			"6.0.25": "Bug fixes",
			"6.0.26": "Added slot memory",
			"6.0.27": "Added dedicated settings menu",
			"6.0.29": "Added milk and milk effect",
			"6.0.30": "Mobs can spawn with backpack equipped",
			"6.0.32": "Added /restore command",
			"6.0.33": "Added void protection config option",
			"6.0.34": "Fixed bad coded coordinates",
			"6.0.36": "Tweaked config and commands",
			"6.0.37": "Added backpack Tiers",
			"6.0.38": "Changed tier upgrades recipes",
			"6.0.39": "Added enableTierUpgrades config option",
			"6.0.40": "Added Crafting widget",
			"6.0.41": "Fixed dupe bug",
			"6.0.42": "Backpack can be placed in fluids after death",
			"6.0.43": "Added compat with gravestone mods",
			"6.0.44": "Added inventory tooltip in preview",
			"6.0.45": "Misc",
			"6.0.46": "Misc",
			"6.0.47": "Misc",
			"6.0.48": "Added tool slots widget",
			"6.0.49": "Fixed few bugs",
			"6.0.50": "Shift + Right Click with Empty Hand allows to place backpack on the ground",
			"6.0.51": "Sleeping bag can be used without backpack",
			"6.0.52": "Added loot to chests and fixed bugs"
	},
	"1.18.1":  { 
			"7.0.0": "Initial Release",
			"7.0.1": "Backpack lose items bug fix",
			"7.0.2": "New backpacks",
			"7.0.3": "Fixed dupe bug",
			"7.0.4": "Fixed spawn point setting"
	},
	"1.18.2":  { 
			"7.1.0": "Initial Release",
			"7.1.1": "Fixed spawn point setting",
			"7.1.2": "20 new backpacks",
			"7.1.3": "Added backpack abilties",
			"7.1.4": "Code cleanup",
			"7.1.5": "Fixed bug with duplicating buckets",
			"7.1.6": "Fixed crash",
			"7.1.7": "Added sorting buttons",
			"7.1.8": "Fixed LAN crash",
			"7.1.9": "Fixed few bugs",
			"7.1.10": "Fixed crash",
			"7.1.11": "Fixed bugs",
			"7.1.12": "Fixed crash",
			"7.1.13": "Fixed curio dupe bug",
			"7.1.14": "Added 9 new abilities",
			"7.1.15": "Added too many backpacks slowness effect",
			"7.1.16": "Fixed abilities",
			"7.1.17": "Added colorable sleeping bags",
			"7.1.18": "Bug fixes",
			"7.1.20": "Added slot memory",
			"7.1.21": "Added dedicated settings menu",
			"7.1.23": "Added milk and milk effect",
			"7.1.24": "Mobs can spawn with backpack equipped",
			"7.1.26": "Added /restore command",
			"7.1.27": "Added void protection config option",
			"7.1.28": "Fixed bad coded coordinates",
			"7.1.30": "Tweaked config and commands",
			"7.1.31": "Added backpack Tiers",
			"7.1.32": "Changed tier upgrades recipes",
			"7.1.33": "Added enableTierUpgrades config option",
			"7.1.34": "Added Crafting widget",
			"7.1.35": "Fixed dupe bug",
			"7.1.36": "Backpack can be placed in fluids after death",
			"7.1.37": "Added compat with gravestone mods",
			"7.1.38": "Added inventory preview in tooltip",
			"7.1.39": "Misc",
			"7.1.40": "Misc",
			"7.1.41": "Misc",
			"7.1.42": "Added tool slots widget",
			"7.1.43": "Fixed few bugs",
			"7.1.44": "Shift + Right Click with Empty Hand allows to place backpack on the ground",
			"7.1.45": "Sleeping bag can be used without backpack",
			"7.1.46": "Added loot to chests and fixed bugs",
			"7.1.47": "Configuration for backpack slots",
			"7.1.48": "Added recipes to recipe book"
			
	},
	"1.19":  { 
			"8.0.0": "Initial Release",
			"8.0.1": "Fixed crashes",
			"8.0.2": "20 new backpacks",
			"8.0.3": "Added backpack abilties",
			"8.0.4": "Updated Forge",
			"8.0.5": "Fixed few bugs",
			"8.0.6": "Code cleanup",
			"8.0.7": "Fixed crash",
			"8.0.8": "Added sorting buttons"
	},
	"1.19.1":  { 
			"8.1.0": "Initial Release",
			"8.1.1": "Fixed LAN crash"
	},
	"1.19.2":  { 
			"8.2.0": "Initial Release",
			"8.2.1": "Fixed few bugs",
			"8.2.2": "Fixed crash",
			"8.2.3": "Fixed bugs",
			"8.2.4": "Fixed crash",
			"8.2.5": "Fixed curio dupe bug",
			"8.2.6": "Added 9 new abilities",
			"8.2.7": "Added too many backpacks slowness effect",
			"8.2.8": "Fixed abilities",
			"8.2.9": "Added colorable sleeping bags",
			"8.2.10": "Bug fixes",
			"8.2.11": "Added slot memory",
			"8.2.12": "Added dedicated settings menu",
			"8.2.14": "Added milk and milk effect",
			"8.2.15": "Mobs can spawn with backpack equipped",
			"8.2.17": "Added /restore command",
			"8.2.18": "Added void protection config option",
			"8.2.19": "Fixed bad coded coordinates",
			"8.2.21": "Tweaked config and commands",
			"8.2.22": "Added backpack tiers",
			"8.2.23": "Changed tier upgrades recipes",
			"8.2.24": "Missing texture hotfix",
			"8.2.25": "Added enableTierUpgrades config option",
			"8.2.26": "Added Crafting widget",
			"8.2.27": "Fixed dupe bug",
			"8.2.28": "Backpack can be placed in fluids after death",
			"8.2.29": "Added compat with gravestone mods",
			"8.2.30": "Added inventory preview in tooltip",
			"8.2.31": "Misc",
			"8.2.32": "Misc",
			"8.2.33": "Misc",
			"8.2.34": "Added tool slots widget",
			"8.2.35": "Fixed few bugs",
			"8.2.36": "Shift + Right Click with Empty Hand allows to place backpack on the ground",
			"8.2.37": "Sleeping bag can be used without backpack",
			"8.2.38": "Added loot to chests and fixed bugs",
			"8.2.39": "Configuration for backpack slots",
			"8.2.40": "Added recipes to recipe book"
	},
	"1.19.3":  { 
			"8.3.0": "Initial Release",
			"8.3.2": "Added milk and milk effect",
			"8.3.3": "Mobs can spawn with backpack equipped",
			"8.3.5": "Added /restore command",
			"8.2.6": "Added void protection config option",
			"8.2.7": "Fixed bad coded coordinates",
			"8.2.9": "Tweaked config and commands"
	},
	"1.19.4":  { 
			"8.4.2": "Tweaked config and commands",
			"8.4.3": "Added backpack tiers",
			"8.4.4": "Changed tier upgrades recipes",
			"8.4.5": "Added enableTierUpgrades config option",
			"8.4.6": "Added support for new smithing table",
			"8.4.7": "Added support for new smithing table",
			"8.4.8": "Added Crafting widget",
			"8.4.9": "Fixed dupe bug",
			"8.4.10": "Backpack can be placed in fluids after death",
			"8.4.11": "Added compat with gravestone mods",
			"8.4.12": "Added inventory preview in tooltip",
			"8.4.13": "Misc",
			"8.4.14": "Misc",
			"8.4.15": "Misc",
			"8.4.16": "Added tool slots widget",
			"8.4.17": "Fixed few bugs",
			"8.4.18": "Shift + Right Click with Empty Hand allows to place backpack on the ground",
			"8.4.19": "Sleeping bag can be used without backpack",
			"8.4.20": "Added loot to chests and fixed bugs"
	},
	"1.20":  { 
			"9.0.0": "Initial update",
			"9.0.1": "Fixed disappearing backpack on contact with water",
			"9.0.2": "Fixed smithing bug and restored Curios compat"
	},
	"1.20.1":  { 
			"9.1.0": "Initial update",
			"9.1.1": "Initial update",
			"9.1.2": "Fixed dupe bug",
			"9.1.3": "Added compat with gravestone mods",
			"9.1.4": "Added inventory preview in tooltip",
			"9.1.5": "Misc",
			"9.1.6": "Misc",
			"9.1.7": "Misc",
			"9.1.8": "Added tool slots widget",
			"9.1.9": "Fixed few bugs",
			"9.1.10": "Shift + Right Click with Empty Hand allows to place backpack on the ground",
			"9.1.11": "Sleeping bag can be used without backpack",
			"9.1.12": "Configuration for backpack slots",
			"9.1.13": "Added loot to chests and fixed bugs",
			"9.1.14": "Added recipes to recipe book",
			"9.1.15": "Improvements",
			"9.1.16": "Stopped excessive drops of backpack from mob farms, added visibility button, fixed some bugs"
	},
	"1.20.2":  { 
			"9.2.0": "Initial update",
			"9.2.1": "Fixed few bugs",
			"9.2.2": "Shift + Right Click with Empty Hand allows to place backpack on the ground",
			"9.2.3": "Sleeping bag can be used without backpack",
			"9.2.4": "Added loot to chests and fixed bugs"
	},
	"1.20.4":  { 
			"9.4.0": "Initial update",
			"9.4.1": "Configuration for backpack slots",
			"9.4.2": "Added recipes to recipe book"
	}
}
[28May2025 18:21:04.843] [Forge Version Check/INFO] [net.minecraftforge.fml.VersionChecker/]: [travelersbackpack] Found status: AHEAD Current: 9.1.36 Target: null
[28May2025 18:21:04.845] [Forge Version Check/INFO] [net.minecraftforge.fml.VersionChecker/]: [forge] Starting version check at https://files.minecraftforge.net/net/minecraftforge/forge/promotions_slim.json
[28May2025 18:21:04.872] [main/INFO] [com.tiviacz.travelersbackpack.TravelersBackpack/]: Registered the FluidEffect with Unique ID of minecraft:water for Water (Fluid Amount Required: 1000) with the ID 0
[28May2025 18:21:04.872] [main/INFO] [com.tiviacz.travelersbackpack.TravelersBackpack/]: Registered the FluidEffect with Unique ID of minecraft:lava for Lava (Fluid Amount Required: 1000) with the ID 1
[28May2025 18:21:04.873] [main/INFO] [com.tiviacz.travelersbackpack.TravelersBackpack/]: Registered the FluidEffect with Unique ID of travelersbackpack:potion for Uncraftable Potion (Fluid Amount Required: 250) with the ID 2
[28May2025 18:21:04.873] [main/INFO] [com.tiviacz.travelersbackpack.TravelersBackpack/]: Registered the FluidEffect with Unique ID of minecraft:milk for Milk (Fluid Amount Required: 1000) with the ID 3
[28May2025 18:21:04.917] [main/INFO] [com.eeeab.eeeabsmobs.EEEABMobs/]: Starting to register Curios item...
[28May2025 18:21:04.969] [main/DEBUG] [mixin/]: Mixing collections.gamerules.GameRulesMixin from canary.mixins.json into net.minecraft.world.level.GameRules
[28May2025 18:21:04.984] [main/DEBUG] [net.minecraftforge.fml.DeferredWorkQueue/LOADING]: Synchronous work queue completed in 149.6 ms
[28May2025 18:21:05.076] [Forge Version Check/DEBUG] [net.minecraftforge.fml.VersionChecker/]: [forge] Received version check data:
{
  "homepage": "https://files.minecraftforge.net/net/minecraftforge/forge/",
  "promos": {
    "1.1-latest": "1.3.4.29",
    "1.2.3-latest": "1.4.1.64",
    "1.2.4-latest": "2.0.0.68",
    "1.2.5-latest": "3.4.9.171",
    "1.3.2-latest": "4.3.5.318",
    "1.4.0-latest": "5.0.0.326",
    "1.4.1-latest": "6.0.0.329",
    "1.4.2-latest": "6.0.1.355",
    "1.4.3-latest": "6.2.1.358",
    "1.4.4-latest": "6.3.0.378",
    "1.4.5-latest": "6.4.2.448",
    "1.4.6-latest": "6.5.0.489",
    "1.4.7-latest": "6.6.2.534",
    "1.5-latest": "7.7.0.598",
    "1.5.1-latest": "7.7.2.682",
    "1.5.2-latest": "7.8.1.738",
    "1.5.2-recommended": "7.8.1.738",
    "1.6.1-latest": "8.9.0.775",
    "1.6.2-latest": "9.10.1.871",
    "1.6.2-recommended": "9.10.1.871",
    "1.6.3-latest": "9.11.0.878",
    "1.6.4-latest": "9.11.1.1345",
    "1.6.4-recommended": "9.11.1.1345",
    "1.7.2-latest": "10.12.2.1161",
    "1.7.2-recommended": "10.12.2.1161",
    "1.7.10_pre4-latest": "10.12.2.1149",
    "1.7.10-latest": "10.13.4.1614",
    "1.7.10-recommended": "10.13.4.1614",
    "1.8-latest": "11.14.4.1577",
    "1.8-recommended": "11.14.4.1563",
    "1.8.8-latest": "11.15.0.1655",
    "1.8.9-latest": "11.15.1.2318",
    "1.8.9-recommended": "11.15.1.2318",
    "1.9-latest": "12.16.1.1938",
    "1.9-recommended": "12.16.1.1887",
    "1.9.4-latest": "12.17.0.2317",
    "1.9.4-recommended": "12.17.0.2317",
    "1.10-latest": "12.18.0.2000",
    "1.10.2-latest": "12.18.3.2511",
    "1.10.2-recommended": "12.18.3.2511",
    "1.11-latest": "13.19.1.2199",
    "1.11-recommended": "13.19.1.2189",
    "1.11.2-latest": "13.20.1.2588",
    "1.11.2-recommended": "13.20.1.2588",
    "1.12-latest": "14.21.1.2443",
    "1.12-recommended": "14.21.1.2387",
    "1.12.1-latest": "14.22.1.2485",
    "1.12.1-recommended": "14.22.1.2478",
    "1.12.2-latest": "14.23.5.2860",
    "1.12.2-recommended": "14.23.5.2859",
    "1.13.2-latest": "25.0.223",
    "1.14.2-latest": "26.0.63",
    "1.14.3-latest": "27.0.60",
    "1.14.4-latest": "28.2.26",
    "1.14.4-recommended": "28.2.26",
    "1.15-latest": "29.0.4",
    "1.15.1-latest": "30.0.51",
    "1.15.2-latest": "31.2.57",
    "1.15.2-recommended": "31.2.57",
    "1.16.1-latest": "32.0.108",
    "1.16.2-latest": "33.0.61",
    "1.16.3-latest": "34.1.42",
    "1.16.3-recommended": "34.1.0",
    "1.16.4-latest": "35.1.37",
    "1.16.4-recommended": "35.1.4",
    "1.16.5-latest": "36.2.42",
    "1.16.5-recommended": "36.2.34",
    "1.17.1-latest": "37.1.1",
    "1.17.1-recommended": "37.1.1",
    "1.18-latest": "38.0.17",
    "1.18.1-latest": "39.1.2",
    "1.18.1-recommended": "39.1.0",
    "1.18.2-recommended": "40.3.0",
    "1.18.2-latest": "40.3.10",
    "1.19-latest": "41.1.0",
    "1.19-recommended": "41.1.0",
    "1.19.1-latest": "42.0.9",
    "1.19.2-recommended": "43.5.0",
    "1.19.2-latest": "43.5.0",
    "1.19.3-latest": "44.1.23",
    "1.19.3-recommended": "44.1.0",
    "1.19.4-recommended": "45.4.0",
    "1.19.4-latest": "45.4.0",
    "1.20-latest": "46.0.14",
    "1.20.1-recommended": "47.4.0",
    "1.20.1-latest": "47.4.1",
    "1.20.2-latest": "48.1.0",
    "1.20.2-recommended": "48.1.0",
    "1.20.3-latest": "49.0.2",
    "1.20.4-latest": "49.2.0",
    "1.20.4-recommended": "49.2.0",
    "1.20.6-latest": "50.2.0",
    "1.20.6-recommended": "50.2.0",
    "1.21-latest": "51.0.33",
    "1.21.1-latest": "52.1.1",
    "1.21.1-recommended": "52.1.0",
    "1.21.3-latest": "53.1.1",
    "1.21.3-recommended": "53.1.0",
    "1.21.4-latest": "54.1.3",
    "1.21.4-recommended": "54.1.0",
    "1.21.5-latest": "55.0.21"
  }
}
[28May2025 18:21:05.076] [Forge Version Check/INFO] [net.minecraftforge.fml.VersionChecker/]: [forge] Found status: OUTDATED Current: 47.3.7 Target: 47.4.0
[28May2025 18:21:05.076] [Forge Version Check/INFO] [net.minecraftforge.fml.VersionChecker/]: [canary] Starting version check at https://github.com/AbdElAziz333/Canary/raw/mc1.19.2/dev/updates.json
[28May2025 18:21:05.292] [modloading-worker-0/INFO] [io.redspace.ironsspellbooks.IronsSpellbooks/]: Got IMC []
[28May2025 18:21:05.293] [modloading-worker-0/INFO] [com.esm.nightmare.NightmareMain/]: Got IMC []
[28May2025 18:21:05.315] [Forge Version Check/DEBUG] [net.minecraftforge.fml.VersionChecker/]: [canary] Received version check data:
{
  "homepage": "https://modrinth.com/mod/canary/versions",
  "promos": {
    "1.20.4-latest": "0.3.3",
    "1.20.4-recommended": "0.3.3",
    "1.20.1-latest": "0.3.3",
    "1.20.1-recommended": "0.3.3",
    "1.20-latest": "0.2.5",
    "1.20-recommended": "0.2.5",
    "1.19.4-latest": "0.2.5",
    "1.19.4-recommended": "0.2.5",  
    "1.19.3-latest": "0.2.5",
    "1.19.3-recommended": "0.2.5",
    "1.19.2-latest": "0.3.3",
    "1.19.2-recommended": "0.3.3",
    "1.18.2-latest": "0.3.3",
    "1.18.2-recommended": "0.3.3"
  }
}
[28May2025 18:21:05.315] [Forge Version Check/INFO] [net.minecraftforge.fml.VersionChecker/]: [canary] Found status: UP_TO_DATE Current: 0.3.3 Target: null
[28May2025 18:21:05.315] [Forge Version Check/INFO] [net.minecraftforge.fml.VersionChecker/]: [tombstone] Starting version check at https://raw.githubusercontent.com/Corail31/tombstone_lite/master/update.json
[28May2025 18:21:05.391] [modloading-worker-0/INFO] [com.eeeab.eeeabsmobs.EEEABMobs/]: Registering custom criteria trigger...
[28May2025 18:21:05.415] [main/DEBUG] [net.minecraftforge.fml.DeferredWorkQueue/LOADING]: Dispatching synchronous work for work queue COMPLETE: 2 jobs
[28May2025 18:21:05.421] [main/DEBUG] [net.minecraftforge.fml.DeferredWorkQueue/LOADING]: Synchronous work queue completed in 4.963 ms
[28May2025 18:21:05.424] [Forge Version Check/DEBUG] [net.minecraftforge.fml.VersionChecker/]: [tombstone] Received version check data:
{
	"homepage": "https://www.curseforge.com/minecraft/mc-mods/corail-tombstone",
	"promos": {
		"1.21.5-latest": "9.4.1",
		"1.21.5-recommended": "9.4.1",
		"1.21.4-latest": "9.3.8",
		"1.21.4-recommended": "9.3.8",
		"1.21.3-latest": "9.2.4",
		"1.21.3-recommended": "9.2.4",
		"1.21.1-latest": "9.1.10",
		"1.21.1-recommended": "9.1.10",
		"1.20.4-latest": "8.6.4",
		"1.20.4-recommended": "8.6.4",
		"1.20.2-latest": "8.6.3",
		"1.20.2-recommended": "8.6.3",
		"1.20.1-latest": "8.9.6",
		"1.20.1-recommended": "8.9.5",
		"1.19.4-latest": "8.4.2",
		"1.19.4-recommended": "8.4.2",
		"1.19.3-latest": "8.3.2",
		"1.19.3-recommended": "8.3.2",
		"1.19.2-latest": "8.3.7",
		"1.19.2-recommended": "8.3.7",
		"1.19.1-latest": "8.1.0",
		"1.19.1-recommended": "8.1.0",
		"1.18.2-latest": "7.7.6",
		"1.18.2-recommended": "7.7.6",
		"1.18.1-latest": "7.4.1",
		"1.18.1-recommended": "7.4.1",
		"1.17.1-latest": "7.3.0",
		"1.17.1-recommended": "7.3.0",
		"1.16.5-latest": "6.9.6",
		"1.16.5-recommended": "6.9.6",
		"1.15.2-latest": "4.6.0",
		"1.15.2-recommended": "4.6.0",
		"1.14.4-latest": "4.3.6",
		"1.14.4-recommended": "4.3.6",
		"1.13.2-latest": "3.5.2",
		"1.13.2-recommended": "3.5.2",
		"1.12.2-latest": "4.7.5",
		"1.12.2-recommended": "4.7.5",
		"1.11.2-latest": "2.9.0.1",
		"1.11.2-recommended": "2.9.0.1",
		"1.10.2-latest": "2.9.4",
		"1.10.2-recommended": "2.9.4",
		"1.9.4-latest": "1.4.1",
		"1.9.4-recommended": "1.4.1",
		"1.8.9-latest": "1.4.1",
		"1.8.9-recommended": "1.4.1"
	},
	"1.21.5": {
		"9.4.1": "improvments",
		"9.4.0": "initial port"
	},
	"1.21.4": {
		"9.3.8": "final version"
	},
	"1.21.3": {
		"9.2.4": "final version"
	},
	"1.21.1": {
		"9.1.10": "final version"
	},
	"1.20.4": {
		"8.6.4": "final version"
	},
	"1.20.2": {
		"8.6.3": "final version"
	},
	"1.20.1": {
		"8.9.6": "about familiar",
		"8.9.5": "improvements",
		"8.9.4": "configs for special events",
		"8.9.3": "improvements",
		"8.9.2": "abandoned graves",
		"8.9.1": "improvements",
		"8.9.0": "improves enchantments"
	},
	"1.19.4": {
		"8.4.2": "final version"
	},
	"1.19.2": {
		"8.3.7": "final version"
	},
	"1.18.2": {
		"7.7.6": "final version"
	},
	"1.16.5": {
		"6.9.6": "final version"
	},
	"1.12.2": {
		"4.7.5": "final version"
	}
}
[28May2025 18:21:05.425] [Forge Version Check/INFO] [net.minecraftforge.fml.VersionChecker/]: [tombstone] Found status: OUTDATED Current: 8.9.4 Target: 8.9.5
[28May2025 18:21:05.425] [Forge Version Check/INFO] [net.minecraftforge.fml.VersionChecker/]: [embeddium_extra] Starting version check at https://api.modrinth.com/updates/rubidium-extra/forge_updates.json
[28May2025 18:21:05.616] [Forge Version Check/DEBUG] [net.minecraftforge.fml.VersionChecker/]: [embeddium_extra] Received version check data:
{"homepage":"https://modrinth.com/mod/rubidium-extra","promos":{"1.18.2-recommended":"0.4.18+mc1.18.2-build.86","1.16.3-latest":"0.4.18+mc1.16.5-build.107","1.19.2-recommended":"0.4.19+mc1.19.2-build.105","1.20-recommended":"0.5.3.1+mc1.20.1-build.110","1.19.2-latest":"0.4.19+mc1.19.2-build.105","1.19.1-recommended":"1.19.2-0.4.11.44","1.16-recommended":"0.4.18+mc1.16.5-build.107","1.19-latest":"1.19.2-0.4.11.44","1.19.1-latest":"1.19.2-0.4.11.44","1.16.4-latest":"0.4.18+mc1.16.5-build.107","1.19.4-latest":"0.4.19+mc1.19.4-build.88","1.19-recommended":"1.19.2-0.4.11.44","1.16.2-recommended":"0.4.18+mc1.16.5-build.107","1.19.3-latest":"0.4.17+mc1.19.3-build.73","1.16.5-latest":"0.4.18+mc1.16.5-build.107","1.20-latest":"0.5.3.1+mc1.20.1-build.110","1.16-latest":"0.4.18+mc1.16.5-build.107","1.16.3-recommended":"0.4.18+mc1.16.5-build.107","1.20.1-latest":"0.5.4.4+mc1.20.1-build.131","1.16.5-recommended":"0.4.18+mc1.16.5-build.107","1.16.2-latest":"0.4.18+mc1.16.5-build.107","1.16.4-recommended":"0.4.18+mc1.16.5-build.107","1.19.4-recommended":"0.4.19+mc1.19.4-build.88","1.20.1-recommended":"0.5.4.4+mc1.20.1-build.131","1.18.2-latest":"0.4.18+mc1.18.2-build.86","1.16.1-latest":"0.4.18+mc1.16.5-build.107","1.19.3-recommended":"0.4.17+mc1.19.3-build.73","1.16.1-recommended":"0.4.18+mc1.16.5-build.107"}}
[28May2025 18:21:05.617] [Forge Version Check/INFO] [net.minecraftforge.fml.VersionChecker/]: [embeddium_extra] Found status: UP_TO_DATE Current: 0.5.4.4+mc1.20.1-build.131 Target: null
[28May2025 18:21:05.988] [main/INFO] [com.mojang.authlib.yggdrasil.YggdrasilAuthenticationService/]: Environment: authHost='https://authserver.mojang.com', accountsHost='https://api.mojang.com', sessionHost='https://sessionserver.mojang.com', servicesHost='https://api.minecraftservices.com', name='PROD'
[28May2025 18:21:06.005] [main/DEBUG] [mixin/]: Mixing bugfix.removed_dimensions.LevelStorageSourceMixin from modernfix-forge.mixins.json into net.minecraft.world.level.storage.LevelStorageSource
[28May2025 18:21:06.005] [main/DEBUG] [mixin/]: Mixing DataFixLevelStorageSourceMixin from mixins.irons_spellbooks.json into net.minecraft.world.level.storage.LevelStorageSource
[28May2025 18:21:06.546] [main/DEBUG] [mixin/]: Mixing VanillaPackResourcesAccessor from creativecore.mixins.json into net.minecraft.server.packs.VanillaPackResources
[28May2025 18:21:06.547] [main/WARN] [net.minecraft.server.packs.VanillaPackResourcesBuilder/]: Assets URL 'union:/workspaces/Server_Mine/servidor_minecraft/libraries/net/minecraft/server/1.20.1-20230612.114412/server-1.20.1-20230612.114412-srg.jar%23205!/assets/.mcassetsroot' uses unexpected schema
[28May2025 18:21:06.548] [main/WARN] [net.minecraft.server.packs.VanillaPackResourcesBuilder/]: Assets URL 'union:/workspaces/Server_Mine/servidor_minecraft/libraries/net/minecraft/server/1.20.1-20230612.114412/server-1.20.1-20230612.114412-srg.jar%23205!/data/.mcassetsroot' uses unexpected schema
[28May2025 18:21:06.552] [main/DEBUG] [io.redspace.ironsspellbooks.IronsSpellbooks/]: addPackFinders
[28May2025 18:21:06.602] [main/DEBUG] [mixin/]: Mixing perf.resourcepacks.ForgePathPackResourcesMixin from modernfix-forge.mixins.json into net.minecraftforge.resource.PathPackResources
[28May2025 18:21:06.603] [main/DEBUG] [mixin/]: Renaming synthetic method lambda$fastGetResources$3(Lnet/minecraft/server/packs/PackType;Lnet/minecraft/resources/ResourceLocation;)Lnet/minecraft/server/packs/resources/IoSupplier; to mde990a2$lambda$fastGetResources$3$0 in modernfix-forge.mixins.json:perf.resourcepacks.ForgePathPackResourcesMixin
[28May2025 18:21:06.603] [main/DEBUG] [mixin/]: Renaming synthetic method lambda$fastGetResources$2(Ljava/nio/file/Path;)Ljava/io/InputStream; to mde990a2$lambda$fastGetResources$2$1 in modernfix-forge.mixins.json:perf.resourcepacks.ForgePathPackResourcesMixin
[28May2025 18:21:06.603] [main/DEBUG] [mixin/]: Renaming synthetic method lambda$fastGetResources$1(Lnet/minecraft/resources/ResourceLocation;)Z to mde990a2$lambda$fastGetResources$1$2 in modernfix-forge.mixins.json:perf.resourcepacks.ForgePathPackResourcesMixin
[28May2025 18:21:06.603] [main/DEBUG] [mixin/]: Renaming synthetic method lambda$generateResourceCache$0(Lnet/minecraft/server/packs/PackType;Ljava/lang/String;)Ljava/nio/file/Path; to mde990a2$lambda$generateResourceCache$0$3 in modernfix-forge.mixins.json:perf.resourcepacks.ForgePathPackResourcesMixin
[28May2025 18:21:06.621] [main/DEBUG] [net.minecraftforge.server.ServerLifecycleHooks/CORE]: Generating PackInfo named mod:mowziesmobs for mod file /workspaces/Server_Mine/servidor_minecraft/mods/mowziesmobs-1.7.2.jar
[28May2025 18:21:06.621] [main/DEBUG] [net.minecraftforge.server.ServerLifecycleHooks/CORE]: Generating PackInfo named mod:netherexp for mod file /workspaces/Server_Mine/servidor_minecraft/mods/Jadens-Nether-Expansion-2.3.2.jar
[28May2025 18:21:06.621] [main/DEBUG] [net.minecraftforge.server.ServerLifecycleHooks/CORE]: Generating PackInfo named mod:efiscompat for mod file /workspaces/Server_Mine/servidor_minecraft/mods/efiscompat-2.2.4.jar
[28May2025 18:21:06.621] [main/DEBUG] [net.minecraftforge.server.ServerLifecycleHooks/CORE]: Generating PackInfo named mod:geckolib for mod file /workspaces/Server_Mine/servidor_minecraft/mods/geckolib-forge-1.20.1-4.7.1.2.jar
[28May2025 18:21:06.622] [main/DEBUG] [net.minecraftforge.server.ServerLifecycleHooks/CORE]: Generating PackInfo named mod:playeranimator for mod file /workspaces/Server_Mine/servidor_minecraft/mods/player-animation-lib-forge-1.0.2-rc1+1.20.jar
[28May2025 18:21:06.622] [main/DEBUG] [net.minecraftforge.server.ServerLifecycleHooks/CORE]: Generating PackInfo named mod:elysium_api for mod file /workspaces/Server_Mine/servidor_minecraft/mods/ElysiumAPI-1.20.1-1.1.2.jar
[28May2025 18:21:06.622] [main/DEBUG] [net.minecraftforge.server.ServerLifecycleHooks/CORE]: Generating PackInfo named mod:mowzies_cataclysm for mod file /workspaces/Server_Mine/servidor_minecraft/mods/mowzies_cataclysm-1.2.0.jar
[28May2025 18:21:06.622] [main/DEBUG] [net.minecraftforge.server.ServerLifecycleHooks/CORE]: Generating PackInfo named mod:caelus for mod file /workspaces/Server_Mine/servidor_minecraft/mods/caelus-forge-3.2.0+1.20.1.jar
[28May2025 18:21:06.622] [main/DEBUG] [net.minecraftforge.server.ServerLifecycleHooks/CORE]: Generating PackInfo named mod:journeymap for mod file /workspaces/Server_Mine/servidor_minecraft/mods/journeymap-1.20.1-5.10.1-forge.jar
[28May2025 18:21:06.623] [main/DEBUG] [net.minecraftforge.server.ServerLifecycleHooks/CORE]: Generating PackInfo named mod:placebo for mod file /workspaces/Server_Mine/servidor_minecraft/mods/Placebo-1.20.1-8.6.3.jar
[28May2025 18:21:06.623] [main/DEBUG] [net.minecraftforge.server.ServerLifecycleHooks/CORE]: Generating PackInfo named mod:modernfix for mod file /workspaces/Server_Mine/servidor_minecraft/mods/modernfix-forge-5.21.0+mc1.20.1 (1).jar
[28May2025 18:21:06.623] [main/DEBUG] [net.minecraftforge.server.ServerLifecycleHooks/CORE]: Generating PackInfo named mod:jei for mod file /workspaces/Server_Mine/servidor_minecraft/mods/jei-1.20.1-forge-15.12.2.51.jar
[28May2025 18:21:06.623] [main/DEBUG] [net.minecraftforge.server.ServerLifecycleHooks/CORE]: Generating PackInfo named mod:citadel for mod file /workspaces/Server_Mine/servidor_minecraft/mods/citadel-2.6.1-1.20.1.jar
[28May2025 18:21:06.623] [main/DEBUG] [net.minecraftforge.server.ServerLifecycleHooks/CORE]: Generating PackInfo named mod:travelersbackpack for mod file /workspaces/Server_Mine/servidor_minecraft/mods/travelersbackpack-forge-1.20.1-9.1.36.jar
[28May2025 18:21:06.624] [main/DEBUG] [net.minecraftforge.server.ServerLifecycleHooks/CORE]: Generating PackInfo named mod:mixinextras for mod file 
[28May2025 18:21:06.624] [main/DEBUG] [net.minecraftforge.server.ServerLifecycleHooks/CORE]: Generating PackInfo named mod:relics for mod file /workspaces/Server_Mine/servidor_minecraft/mods/relics-1.20.1-0.8.0.9.jar
[28May2025 18:21:06.624] [main/DEBUG] [net.minecraftforge.server.ServerLifecycleHooks/CORE]: Generating PackInfo named mod:terralith for mod file /workspaces/Server_Mine/servidor_minecraft/mods/Terralith_1.20.x_v2.5.4.jar
[28May2025 18:21:06.624] [main/DEBUG] [net.minecraftforge.server.ServerLifecycleHooks/CORE]: Generating PackInfo named mod:dynview for mod file /workspaces/Server_Mine/servidor_minecraft/mods/dynview-1.20.1-4.0.jar
[28May2025 18:21:06.624] [main/DEBUG] [net.minecraftforge.server.ServerLifecycleHooks/CORE]: Generating PackInfo named mod:memoryleakfix for mod file /workspaces/Server_Mine/servidor_minecraft/mods/memoryleakfix-forge-1.17+-1.1.5.jar
[28May2025 18:21:06.625] [main/DEBUG] [net.minecraftforge.server.ServerLifecycleHooks/CORE]: Generating PackInfo named mod:jeresources for mod file /workspaces/Server_Mine/servidor_minecraft/mods/JustEnoughResources-1.20.1-1.4.0.247.jar
[28May2025 18:21:06.625] [main/DEBUG] [net.minecraftforge.server.ServerLifecycleHooks/CORE]: Generating PackInfo named mod:dungeons_arise_seven_seas for mod file /workspaces/Server_Mine/servidor_minecraft/mods/DungeonsAriseSevenSeas-1.20.x-1.0.2-forge.jar
[28May2025 18:21:06.625] [main/DEBUG] [net.minecraftforge.server.ServerLifecycleHooks/CORE]: Generating PackInfo named mod:forge for mod file /workspaces/Server_Mine/servidor_minecraft/libraries/net/minecraftforge/forge/1.20.1-47.3.7/forge-1.20.1-47.3.7-universal.jar
[28May2025 18:21:06.625] [main/DEBUG] [net.minecraftforge.server.ServerLifecycleHooks/CORE]: Generating PackInfo named mod:tlskincape for mod file /workspaces/Server_Mine/servidor_minecraft/mods/tl_skin_cape_forge_1.20_1.20.1-1.32.jar
[28May2025 18:21:06.625] [main/DEBUG] [net.minecraftforge.server.ServerLifecycleHooks/CORE]: Generating PackInfo named mod:embeddium for mod file /workspaces/Server_Mine/servidor_minecraft/mods/embeddium-0.3.30+mc1.20.1.jar
[28May2025 18:21:06.625] [main/DEBUG] [net.minecraftforge.server.ServerLifecycleHooks/CORE]: Generating PackInfo named mod:dungeons_arise for mod file /workspaces/Server_Mine/servidor_minecraft/mods/DungeonsArise-1.20.x-2.1.58-release.jar
[28May2025 18:21:06.626] [main/DEBUG] [net.minecraftforge.server.ServerLifecycleHooks/CORE]: Generating PackInfo named mod:dungeons_and_combat for mod file /workspaces/Server_Mine/servidor_minecraft/mods/dungeons_and_combat-1.1.5-forge-1.20.1.jar
[28May2025 18:21:06.626] [main/DEBUG] [net.minecraftforge.server.ServerLifecycleHooks/CORE]: Generating PackInfo named mod:alexscaves for mod file /workspaces/Server_Mine/servidor_minecraft/mods/alexscaves-2.0.2.jar
[28May2025 18:21:06.626] [main/DEBUG] [net.minecraftforge.server.ServerLifecycleHooks/CORE]: Generating PackInfo named mod:nightmareesm for mod file /workspaces/Server_Mine/servidor_minecraft/mods/ESM-1.20.1-1.0.0.jar
[28May2025 18:21:06.626] [main/DEBUG] [net.minecraftforge.server.ServerLifecycleHooks/CORE]: Generating PackInfo named mod:mofus_better_end_ for mod file /workspaces/Server_Mine/servidor_minecraft/mods/mofus_broken_constellation-0.9.0-forge-1.20.1.jar
[28May2025 18:21:06.626] [main/DEBUG] [net.minecraftforge.server.ServerLifecycleHooks/CORE]: Generating PackInfo named mod:creativecore for mod file /workspaces/Server_Mine/servidor_minecraft/mods/CreativeCore_FORGE_v2.12.32_mc1.20.1.jar
[28May2025 18:21:06.627] [main/DEBUG] [net.minecraftforge.server.ServerLifecycleHooks/CORE]: Generating PackInfo named mod:chunky for mod file /workspaces/Server_Mine/servidor_minecraft/mods/Chunky-1.3.146.jar
[28May2025 18:21:06.627] [main/DEBUG] [net.minecraftforge.server.ServerLifecycleHooks/CORE]: Generating PackInfo named mod:eeeabsmobs for mod file /workspaces/Server_Mine/servidor_minecraft/mods/eeeabsmobs-1.20.1-0.97-Fix.jar
[28May2025 18:21:06.627] [main/DEBUG] [net.minecraftforge.server.ServerLifecycleHooks/CORE]: Generating PackInfo named mod:servercore for mod file /workspaces/Server_Mine/servidor_minecraft/mods/servercore-forge-1.5.2+1.20.1.jar
[28May2025 18:21:06.627] [main/DEBUG] [net.minecraftforge.server.ServerLifecycleHooks/CORE]: Generating PackInfo named mod:lionfishapi for mod file /workspaces/Server_Mine/servidor_minecraft/mods/lionfishapi-2.4-Fix.jar
[28May2025 18:21:06.627] [main/DEBUG] [net.minecraftforge.server.ServerLifecycleHooks/CORE]: Generating PackInfo named mod:traveloptics for mod file /workspaces/Server_Mine/servidor_minecraft/mods/traveloptics-4.4.0-1.20.1.jar
[28May2025 18:21:06.628] [main/DEBUG] [net.minecraftforge.server.ServerLifecycleHooks/CORE]: Generating PackInfo named mod:cataclysm for mod file /workspaces/Server_Mine/servidor_minecraft/mods/L_Enders_Cataclysm 1.20.1-2.66.jar
[28May2025 18:21:06.628] [main/DEBUG] [net.minecraftforge.server.ServerLifecycleHooks/CORE]: Generating PackInfo named mod:curios for mod file /workspaces/Server_Mine/servidor_minecraft/mods/curios-forge-5.14.1+1.20.1.jar
[28May2025 18:21:06.628] [main/DEBUG] [net.minecraftforge.server.ServerLifecycleHooks/CORE]: Generating PackInfo named mod:legendary_monsters for mod file /workspaces/Server_Mine/servidor_minecraft/mods/legendarymonsters-1.9.4 MC 1.20.1.jar
[28May2025 18:21:06.628] [main/DEBUG] [net.minecraftforge.server.ServerLifecycleHooks/CORE]: Generating PackInfo named mod:irons_spellbooks for mod file /workspaces/Server_Mine/servidor_minecraft/mods/irons_spellbooks-1.20.1-3.4.0.9.jar
[28May2025 18:21:06.628] [main/DEBUG] [net.minecraftforge.server.ServerLifecycleHooks/CORE]: Generating PackInfo named mod:attributeslib for mod file /workspaces/Server_Mine/servidor_minecraft/mods/ApothicAttributes-1.20.1-1.3.7.jar
[28May2025 18:21:06.628] [main/DEBUG] [net.minecraftforge.server.ServerLifecycleHooks/CORE]: Generating PackInfo named mod:entityculling for mod file /workspaces/Server_Mine/servidor_minecraft/mods/entityculling-forge-1.7.4-mc1.20.1.jar
[28May2025 18:21:06.629] [main/DEBUG] [net.minecraftforge.server.ServerLifecycleHooks/CORE]: Generating PackInfo named mod:canary for mod file /workspaces/Server_Mine/servidor_minecraft/mods/canary-mc1.20.1-0.3.3.jar
[28May2025 18:21:06.629] [main/DEBUG] [net.minecraftforge.server.ServerLifecycleHooks/CORE]: Generating PackInfo named mod:tombstone for mod file /workspaces/Server_Mine/servidor_minecraft/mods/tombstone-1.20.1-8.9.4.jar
[28May2025 18:21:06.629] [main/DEBUG] [net.minecraftforge.server.ServerLifecycleHooks/CORE]: Generating PackInfo named mod:architectury for mod file /workspaces/Server_Mine/servidor_minecraft/mods/architectury-9.2.14-forge.jar
[28May2025 18:21:06.629] [main/DEBUG] [net.minecraftforge.server.ServerLifecycleHooks/CORE]: Generating PackInfo named mod:octolib for mod file /workspaces/Server_Mine/servidor_minecraft/mods/OctoLib-FORGE-0.4.2+1.20.1.jar
[28May2025 18:21:06.629] [main/DEBUG] [net.minecraftforge.server.ServerLifecycleHooks/CORE]: Generating PackInfo named mod:nerb for mod file /workspaces/Server_Mine/servidor_minecraft/mods/Not Enough Recipe Book-FORGE-0.4.1+1.20.1.jar
[28May2025 18:21:06.629] [main/DEBUG] [net.minecraftforge.server.ServerLifecycleHooks/CORE]: Generating PackInfo named mod:ferritecore for mod file /workspaces/Server_Mine/servidor_minecraft/mods/ferritecore-6.0.1-forge (1).jar
[28May2025 18:21:06.630] [main/DEBUG] [net.minecraftforge.server.ServerLifecycleHooks/CORE]: Generating PackInfo named mod:aiimprovements for mod file /workspaces/Server_Mine/servidor_minecraft/mods/AI-Improvements-1.20-0.5.2.jar
[28May2025 18:21:06.630] [main/DEBUG] [net.minecraftforge.server.ServerLifecycleHooks/CORE]: Generating PackInfo named mod:embeddium_extra for mod file /workspaces/Server_Mine/servidor_minecraft/mods/rubidium-extra-0.5.4.4+mc1.20.1-build.131.jar
[28May2025 18:21:06.630] [main/DEBUG] [net.minecraftforge.server.ServerLifecycleHooks/CORE]: Generating PackInfo named mod:cupboard for mod file /workspaces/Server_Mine/servidor_minecraft/mods/cupboard-1.20.1-2.7.jar
[28May2025 18:21:06.630] [main/DEBUG] [net.minecraftforge.server.ServerLifecycleHooks/CORE]: Generating PackInfo named mod:playerrevive for mod file /workspaces/Server_Mine/servidor_minecraft/mods/PlayerRevive_FORGE_v2.0.31_mc1.20.1.jar
[28May2025 18:21:06.630] [main/DEBUG] [net.minecraftforge.server.ServerLifecycleHooks/CORE]: Generating PackInfo named mod:cdmoveset for mod file /workspaces/Server_Mine/servidor_minecraft/mods/EpicFight-Resurrection-forge1.20.1-0.1.28-hotFix1.jar
[28May2025 18:21:06.631] [main/DEBUG] [net.minecraftforge.server.ServerLifecycleHooks/CORE]: Generating PackInfo named mod:epicfight for mod file /workspaces/Server_Mine/servidor_minecraft/mods/epicfight-forge-20.9.7-1.20.1.jar
[28May2025 18:21:06.631] [main/DEBUG] [net.minecraftforge.server.ServerLifecycleHooks/CORE]: Generating PackInfo named mod:wom for mod file /workspaces/Server_Mine/servidor_minecraft/mods/WeaponsOfMiracles-20.1.8.5.6.jar
[28May2025 18:21:06.685] [main/DEBUG] [ModernFix/]: Generated cache for /assets/minecraft in 23.05 ms
[28May2025 18:21:06.692] [main/DEBUG] [ModernFix/]: Generated cache for /assets/minecraft in 5.642 ms
[28May2025 18:21:06.723] [main/DEBUG] [ModernFix/]: Generated cache for /assets/minecraft in 29.88 ms
[28May2025 18:21:06.725] [main/DEBUG] [ModernFix/]: Generated cache for /assets/minecraft in 514.5 μs
[28May2025 18:21:06.726] [main/DEBUG] [ModernFix/]: Generated cache for /assets/minecraft in 922.9 μs
[28May2025 18:21:06.727] [main/DEBUG] [ModernFix/]: Generated cache for /assets/minecraft in 189.4 μs
[28May2025 18:21:06.728] [main/DEBUG] [ModernFix/]: Generated cache for /assets/minecraft in 313.3 μs
[28May2025 18:21:06.728] [main/DEBUG] [ModernFix/]: Generated cache for /assets/minecraft in 542.9 μs
[28May2025 18:21:06.736] [main/DEBUG] [ModernFix/]: Generated cache for /assets/minecraft in 7.540 ms
[28May2025 18:21:06.782] [main/DEBUG] [ModernFix/]: Generated cache for /assets/minecraft in 45.24 ms
[28May2025 18:21:06.790] [main/DEBUG] [ModernFix/]: Generated cache for /assets/minecraft in 7.088 ms
[28May2025 18:21:06.795] [main/DEBUG] [ModernFix/]: Generated cache for /assets/minecraft in 4.961 ms
[28May2025 18:21:06.795] [main/DEBUG] [ModernFix/]: Generated cache for /assets/minecraft in 107.5 μs
[28May2025 18:21:06.796] [main/DEBUG] [ModernFix/]: Generated cache for /assets/minecraft in 209.8 μs
[28May2025 18:21:06.797] [main/DEBUG] [ModernFix/]: Generated cache for /assets/minecraft in 373.5 μs
[28May2025 18:21:06.815] [main/DEBUG] [ModernFix/]: Generated cache for /assets/minecraft in 18.46 ms
[28May2025 18:21:06.821] [main/DEBUG] [ModernFix/]: Generated cache for /assets/minecraft in 4.814 ms
[28May2025 18:21:06.826] [main/DEBUG] [ModernFix/]: Generated cache for /assets/minecraft in 4.019 ms
[28May2025 18:21:06.831] [main/DEBUG] [ModernFix/]: Generated cache for /assets/minecraft in 4.660 ms
[28May2025 18:21:06.844] [main/DEBUG] [ModernFix/]: Generated cache for /assets/minecraft in 13.35 ms
[28May2025 18:21:06.857] [main/DEBUG] [ModernFix/]: Generated cache for /assets/minecraft in 11.44 ms
[28May2025 18:21:06.902] [main/DEBUG] [ModernFix/]: Generated cache for /assets/minecraft in 44.75 ms
[28May2025 18:21:06.908] [main/DEBUG] [ModernFix/]: Generated cache for /assets/minecraft in 4.638 ms
[28May2025 18:21:06.909] [main/DEBUG] [ModernFix/]: Generated cache for /assets/minecraft in 291.2 μs
[28May2025 18:21:06.909] [main/DEBUG] [ModernFix/]: Generated cache for /assets/minecraft in 142.3 μs
[28May2025 18:21:06.910] [main/DEBUG] [ModernFix/]: Generated cache for /assets/minecraft in 641.0 μs
[28May2025 18:21:06.910] [main/DEBUG] [ModernFix/]: Generated cache for /assets/minecraft in 117.6 μs
[28May2025 18:21:06.914] [main/DEBUG] [ModernFix/]: Generated cache for /assets/minecraft in 3.253 ms
[28May2025 18:21:06.915] [main/DEBUG] [ModernFix/]: Generated cache for /assets/minecraft in 321.9 μs
[28May2025 18:21:06.924] [main/DEBUG] [ModernFix/]: Generated cache for /assets/minecraft in 9.251 ms
[28May2025 18:21:06.946] [main/DEBUG] [ModernFix/]: Generated cache for /assets/minecraft in 19.53 ms
[28May2025 18:21:06.954] [main/DEBUG] [ModernFix/]: Generated cache for /assets/minecraft in 7.408 ms
[28May2025 18:21:06.957] [main/DEBUG] [ModernFix/]: Generated cache for /assets/minecraft in 148.2 μs
[28May2025 18:21:06.958] [main/DEBUG] [ModernFix/]: Generated cache for /assets/minecraft in 115.8 μs
[28May2025 18:21:06.959] [main/DEBUG] [ModernFix/]: Generated cache for /assets/minecraft in 67.08 μs
[28May2025 18:21:06.960] [main/DEBUG] [ModernFix/]: Generated cache for /assets/minecraft in 374.9 μs
[28May2025 18:21:06.961] [main/DEBUG] [ModernFix/]: Generated cache for /assets/minecraft in 226.9 μs
[28May2025 18:21:06.961] [main/DEBUG] [ModernFix/]: Generated cache for /assets/minecraft in 38.63 μs
[28May2025 18:21:06.962] [main/DEBUG] [ModernFix/]: Generated cache for /assets/minecraft in 135.7 μs
[28May2025 18:21:06.971] [main/DEBUG] [ModernFix/]: Generated cache for /assets/minecraft in 9.145 ms
[28May2025 18:21:08.464] [main/DEBUG] [mixin/]: Mixing LootTablesMixin from placebo.mixins.json into net.minecraft.world.level.storage.loot.LootDataManager
[28May2025 18:21:08.464] [main/DEBUG] [mixin/]: Renaming synthetic method lambda$apply$0(Lnet/minecraft/world/level/storage/loot/LootDataId;Lnet/minecraft/world/level/storage/loot/LootTable;)V to mde990a2$lambda$apply$0$0 in placebo.mixins.json:LootTablesMixin
[28May2025 18:21:08.465] [main/DEBUG] [mixin/]: Mixing MixinLootDataManager from architectury.mixins.json into net.minecraft.world.level.storage.loot.LootDataManager
[28May2025 18:21:08.480] [main/DEBUG] [mixin/]: Mixing CommandExceptionLoggingMixin from cupboard.mixins.json into net.minecraft.commands.Commands
[28May2025 18:21:08.595] [main/DEBUG] [net.minecraftforge.coremod.transformer.CoreModBaseTransformer/COREMOD]: Transforming net/minecraft/server/commands/SummonCommand
[28May2025 18:21:08.709] [main/DEBUG] [mixin/]: Mixing perf.potential_spawns_alloc.ForgeEventFactoryMixin from modernfix-forge.mixins.json into net.minecraftforge.event.ForgeEventFactory
[28May2025 18:21:08.725] [main/DEBUG] [mixin/]: Mixing perf.potential_spawns_alloc.PotentialSpawnsMixin from modernfix-forge.mixins.json into net.minecraftforge.event.level.LevelEvent$PotentialSpawns
[28May2025 18:21:08.791] [main/DEBUG] [mixin/]: Mixing perf.datapack_reload_exceptions.RecipeManagerMixin from modernfix-forge.mixins.json into net.minecraft.world.item.crafting.RecipeManager
[28May2025 18:21:08.808] [main/DEBUG] [mixin/]: Mixing feature.measure_time.SimpleReloadInstanceMixin from modernfix-common.mixins.json into net.minecraft.server.packs.resources.SimpleReloadInstance
[28May2025 18:21:08.840] [Worker-Main-2/DEBUG] [mixin/]: Mixing perf.tag_id_caching.TagEntryMixin from modernfix-forge.mixins.json into net.minecraft.tags.TagEntry
[28May2025 18:21:09.129] [Worker-Main-2/ERROR] [net.minecraft.tags.TagLoader/]: Couldn't load tag traveloptics:magic_sword_weapon_type as it is missing following references: minecraft: (from traveloptics-4.4.0-1.20.1.jar)
[28May2025 18:21:09.224] [Worker-Main-1/ERROR] [net.minecraft.tags.TagLoader/]: Couldn't load tag legendary_monsters:ancient_stronghold_biomes as it is missing following references: minecraft:spruce_forest (from legendarymonsters-1.9.4 MC 1.20.1.jar)
[28May2025 18:21:09.246] [Worker-Main-3/DEBUG] [mixin/]: Mixing MixinNbtPredicate from curios.mixins.json into net.minecraft.advancements.critereon.NbtPredicate
[28May2025 18:21:09.254] [Worker-Main-3/DEBUG] [net.minecraftforge.coremod.transformer.CoreModBaseTransformer/COREMOD]: Transforming net/minecraft/world/entity/raid/Raid
[28May2025 18:21:09.316] [Worker-Main-3/DEBUG] [mixin/]: Mixing ai.raid.RaidMixin from canary.mixins.json into net.minecraft.world.entity.raid.Raid
[28May2025 18:21:09.512] [Worker-Main-2/DEBUG] [epicfight/]: Cannot find the joint named Knee_R in yesman.epicfight.model.armature.VexArmature
[28May2025 18:21:09.512] [Worker-Main-2/DEBUG] [epicfight/]: Cannot find the joint named Knee_L in yesman.epicfight.model.armature.VexArmature
[28May2025 18:21:09.512] [Worker-Main-2/DEBUG] [epicfight/]: Cannot find the joint named Elbow_R in yesman.epicfight.model.armature.VexArmature
[28May2025 18:21:09.512] [Worker-Main-2/DEBUG] [epicfight/]: Cannot find the joint named Elbow_L in yesman.epicfight.model.armature.VexArmature
[28May2025 18:21:09.549] [Worker-Main-2/INFO] [epicfight/]: Register animations from cdmoveset
[28May2025 18:21:09.560] [Worker-Main-1/DEBUG] [mixin/]: Mixing RecipeBookMixin from nerb-common.mixins.json into net.minecraft.stats.RecipeBook
[28May2025 18:21:09.561] [Worker-Main-1/DEBUG] [mixin/]: Mixing ServerRecipeBookMixin from nerb-common.mixins.json into net.minecraft.stats.ServerRecipeBook
[28May2025 18:21:09.655] [Worker-Main-1/DEBUG] [mixin/]: Mixing MapDecorationTypeMixin from alexscaves.mixins.json into net.minecraft.world.level.saveddata.maps.MapDecoration$Type
[28May2025 18:21:09.656] [Worker-Main-1/DEBUG] [mixin/]: Renaming @Invoker method ac_invokeInit(Ljava/lang/String;IZIZ)Lnet/minecraft/world/level/saveddata/maps/MapDecoration$Type; to ac_invokeInit_$md$e990a2$0 in alexscaves.mixins.json:MapDecorationTypeMixin
[28May2025 18:21:10.078] [Worker-Main-1/ERROR] [net.minecraftforge.common.ForgeHooks/]: Couldn't parse element loot_tables:dungeons_and_combat:chests/blazing_fortress_loot
com.google.gson.JsonSyntaxException: Expected name to be an item, was unknown string 'dungeons_and_combat:deleted_mod_element'
	at net.minecraft.util.GsonHelper.m_13866_(GsonHelper.java:145) ~[server-1.20.1-20230612.114412-srg.jar%23205!/:?]
	at java.util.Optional.orElseThrow(Optional.java:403) ~[?:?]
	at net.minecraft.util.GsonHelper.m_13874_(GsonHelper.java:145) ~[server-1.20.1-20230612.114412-srg.jar%23205!/:?]
	at net.minecraft.util.GsonHelper.m_13909_(GsonHelper.java:153) ~[server-1.20.1-20230612.114412-srg.jar%23205!/:?]
	at net.minecraft.world.level.storage.loot.entries.LootItem$Serializer.m_7267_(LootItem.java:55) ~[server-1.20.1-20230612.114412-srg.jar%23205!/:?]
	at net.minecraft.world.level.storage.loot.entries.LootItem$Serializer.m_7267_(LootItem.java:40) ~[server-1.20.1-20230612.114412-srg.jar%23205!/:?]
	at net.minecraft.world.level.storage.loot.entries.LootPoolSingletonContainer$Serializer.m_5921_(LootPoolSingletonContainer.java:151) ~[server-1.20.1-20230612.114412-srg.jar%23205!/:?]
	at net.minecraft.world.level.storage.loot.entries.LootPoolSingletonContainer$Serializer.m_5921_(LootPoolSingletonContainer.java:129) ~[server-1.20.1-20230612.114412-srg.jar%23205!/:?]
	at net.minecraft.world.level.storage.loot.entries.LootPoolEntryContainer$Serializer.m_7561_(LootPoolEntryContainer.java:86) ~[server-1.20.1-20230612.114412-srg.jar%23205!/:?]
	at net.minecraft.world.level.storage.loot.entries.LootPoolEntryContainer$Serializer.m_7561_(LootPoolEntryContainer.java:74) ~[server-1.20.1-20230612.114412-srg.jar%23205!/:?]
	at net.minecraft.world.level.storage.loot.GsonAdapterFactory$JsonAdapter.deserialize(GsonAdapterFactory.java:102) ~[server-1.20.1-20230612.114412-srg.jar%23205!/:?]
	at com.google.gson.internal.bind.TreeTypeAdapter.read(TreeTypeAdapter.java:76) ~[gson-2.10.jar%2372!/:?]
	at com.google.gson.internal.bind.TypeAdapterRuntimeTypeWrapper.read(TypeAdapterRuntimeTypeWrapper.java:40) ~[gson-2.10.jar%2372!/:?]
	at com.google.gson.internal.bind.ArrayTypeAdapter.read(ArrayTypeAdapter.java:72) ~[gson-2.10.jar%2372!/:?]
	at com.google.gson.Gson.fromJson(Gson.java:1214) ~[gson-2.10.jar%2372!/:?]
	at com.google.gson.Gson.fromJson(Gson.java:1319) ~[gson-2.10.jar%2372!/:?]
	at com.google.gson.Gson.fromJson(Gson.java:1290) ~[gson-2.10.jar%2372!/:?]
	at com.google.gson.internal.bind.TreeTypeAdapter$GsonContextImpl.deserialize(TreeTypeAdapter.java:179) ~[gson-2.10.jar%2372!/:?]
	at net.minecraft.util.GsonHelper.m_13808_(GsonHelper.java:463) ~[server-1.20.1-20230612.114412-srg.jar%23205!/:?]
	at net.minecraft.util.GsonHelper.m_13836_(GsonHelper.java:471) ~[server-1.20.1-20230612.114412-srg.jar%23205!/:?]
	at net.minecraft.world.level.storage.loot.LootPool$Serializer.deserialize(LootPool.java:192) ~[server-1.20.1-20230612.114412-srg.jar%23205!/:?]
	at net.minecraft.world.level.storage.loot.LootPool$Serializer.deserialize(LootPool.java:189) ~[server-1.20.1-20230612.114412-srg.jar%23205!/:?]
	at com.google.gson.internal.bind.TreeTypeAdapter.read(TreeTypeAdapter.java:76) ~[gson-2.10.jar%2372!/:?]
	at com.google.gson.internal.bind.TypeAdapterRuntimeTypeWrapper.read(TypeAdapterRuntimeTypeWrapper.java:40) ~[gson-2.10.jar%2372!/:?]
	at com.google.gson.internal.bind.ArrayTypeAdapter.read(ArrayTypeAdapter.java:72) ~[gson-2.10.jar%2372!/:?]
	at com.google.gson.Gson.fromJson(Gson.java:1214) ~[gson-2.10.jar%2372!/:?]
	at com.google.gson.Gson.fromJson(Gson.java:1319) ~[gson-2.10.jar%2372!/:?]
	at com.google.gson.Gson.fromJson(Gson.java:1290) ~[gson-2.10.jar%2372!/:?]
	at com.google.gson.internal.bind.TreeTypeAdapter$GsonContextImpl.deserialize(TreeTypeAdapter.java:179) ~[gson-2.10.jar%2372!/:?]
	at net.minecraft.util.GsonHelper.m_13808_(GsonHelper.java:463) ~[server-1.20.1-20230612.114412-srg.jar%23205!/:?]
	at net.minecraft.util.GsonHelper.m_13845_(GsonHelper.java:481) ~[server-1.20.1-20230612.114412-srg.jar%23205!/:?]
	at net.minecraft.world.level.storage.loot.LootTable$Serializer.deserialize(LootTable.java:294) ~[server-1.20.1-20230612.114412-srg.jar%23205!/:?]
	at net.minecraft.world.level.storage.loot.LootTable$Serializer.deserialize(LootTable.java:291) ~[server-1.20.1-20230612.114412-srg.jar%23205!/:?]
	at com.google.gson.internal.bind.TreeTypeAdapter.read(TreeTypeAdapter.java:76) ~[gson-2.10.jar%2372!/:?]
	at com.google.gson.Gson.fromJson(Gson.java:1214) ~[gson-2.10.jar%2372!/:?]
	at com.google.gson.Gson.fromJson(Gson.java:1319) ~[gson-2.10.jar%2372!/:?]
	at com.google.gson.Gson.fromJson(Gson.java:1261) ~[gson-2.10.jar%2372!/:?]
	at net.minecraftforge.common.ForgeHooks.loadLootTable(ForgeHooks.java:871) ~[forge-1.20.1-47.3.7-universal.jar%23210!/:?]
	at net.minecraftforge.common.ForgeHooks.lambda$getLootTableDeserializer$3(ForgeHooks.java:848) ~[forge-1.20.1-47.3.7-universal.jar%23210!/:?]
	at net.minecraft.world.level.storage.loot.LootDataType.deserialize(LootDataType.java:45) ~[server-1.20.1-20230612.114412-srg.jar%23205!/:?]
	at net.minecraft.world.level.storage.loot.LootDataManager.lambda$scheduleElementParse$4(LootDataManager.java:56) ~[server-1.20.1-20230612.114412-srg.jar%23205!/:?]
	at java.util.HashMap.forEach(HashMap.java:1421) ~[?:?]
	at net.minecraft.world.level.storage.loot.LootDataManager.m_278660_(LootDataManager.java:55) ~[server-1.20.1-20230612.114412-srg.jar%23205!/:?]
	at java.util.concurrent.CompletableFuture$AsyncRun.run(CompletableFuture.java:1804) ~[?:?]
	at java.util.concurrent.CompletableFuture$AsyncRun.exec(CompletableFuture.java:1796) ~[?:?]
	at java.util.concurrent.ForkJoinTask.doExec(ForkJoinTask.java:373) ~[?:?]
	at java.util.concurrent.ForkJoinPool$WorkQueue.topLevelExec(ForkJoinPool.java:1182) ~[?:?]
	at java.util.concurrent.ForkJoinPool.scan(ForkJoinPool.java:1655) ~[?:?]
	at java.util.concurrent.ForkJoinPool.runWorker(ForkJoinPool.java:1622) ~[?:?]
	at java.util.concurrent.ForkJoinWorkerThread.run(ForkJoinWorkerThread.java:165) ~[?:?]
[28May2025 18:21:10.573] [Worker-Main-1/DEBUG] [tombstone/]: Updating LootTables
[28May2025 18:21:11.727] [Worker-Main-2/INFO] [epicfight/]: Register animations from efiscompat
[28May2025 18:21:11.761] [Worker-Main-2/INFO] [epicfight/]: Register animations from epicfight
[28May2025 18:21:11.974] [Worker-Main-2/INFO] [epicfight/]: Register animations from wom
[28May2025 18:21:13.063] [main/WARN] [net.minecraft.world.level.storage.loot.LootDataManager/]: Found loot table element validation problem in {loot_tables:mofus_better_end_:entities/bloodworm}.pools[0].entries[1].functions[1]: Parameters [<parameter minecraft:tool>] are not provided in this context
[28May2025 18:21:13.063] [main/WARN] [net.minecraft.world.level.storage.loot.LootDataManager/]: Found loot table element validation problem in {loot_tables:mofus_better_end_:entities/bloodworm}.pools[0].entries[0].functions[1]: Parameters [<parameter minecraft:tool>] are not provided in this context
[28May2025 18:21:13.063] [main/WARN] [net.minecraft.world.level.storage.loot.LootDataManager/]: Found loot table element validation problem in {loot_tables:mofus_better_end_:entities/crown_squid}.pools[0].entries[1].functions[1]: Parameters [<parameter minecraft:tool>] are not provided in this context
[28May2025 18:21:13.089] [main/ERROR] [net.minecraft.world.item.crafting.RecipeManager/]: Parsing error loading recipe dungeons_and_combat:light_upgrade_molten_bone_greatsword: com.google.gson.JsonSyntaxException: Unknown item 'dungeons_and_combat:deleted_mod_element'
[28May2025 18:21:13.104] [main/ERROR] [net.minecraft.world.item.crafting.RecipeManager/]: Parsing error loading recipe traveloptics:augment_bruteforce_legendary: com.google.gson.JsonSyntaxException: Unknown item 'traveloptics:augment_bruteforce_epic'
[28May2025 18:21:13.118] [main/ERROR] [net.minecraft.world.item.crafting.RecipeManager/]: Parsing error loading recipe mofus_better_end_:end_engine_recipe: com.google.gson.JsonSyntaxException: Unknown item 'mofus_better_end_:deleted_mod_element'
[28May2025 18:21:13.122] [main/ERROR] [net.minecraft.world.item.crafting.RecipeManager/]: Parsing error loading recipe traveloptics:amethyst_bless/augment_bruteforce_blessed: com.google.gson.JsonSyntaxException: Unknown item 'traveloptics:augment_bruteforce_mythic'
[28May2025 18:21:13.132] [main/ERROR] [net.minecraft.world.item.crafting.RecipeManager/]: Parsing error loading recipe legendary_monsters:ancient_dripstone_brick_stairs_left: com.google.gson.JsonSyntaxException: Unknown item 'legendary_monsters:ancient_dripstone_brick'
[28May2025 18:21:13.135] [main/ERROR] [net.minecraft.world.item.crafting.RecipeManager/]: Parsing error loading recipe legendary_monsters:purified_soul: com.google.gson.JsonSyntaxException: Invalid or unsupported recipe type 'minecraft:brewing'
[28May2025 18:21:13.137] [main/ERROR] [net.minecraft.world.item.crafting.RecipeManager/]: Parsing error loading recipe traveloptics:augment_infusion/augment_bruteforce_wild: com.google.gson.JsonSyntaxException: Unknown item 'traveloptics:augment_bruteforce_legendary'
[28May2025 18:21:13.140] [main/ERROR] [net.minecraft.world.item.crafting.RecipeManager/]: Parsing error loading recipe legendary_monsters:dinosaur_bone_meal: com.google.gson.JsonSyntaxException: Unknown item 'legendary_monsters:dinosaur_bone_meal'
[28May2025 18:21:13.151] [main/ERROR] [net.minecraft.world.item.crafting.RecipeManager/]: Parsing error loading recipe dungeons_and_combat:light_upgrade_blazing_halberd: com.google.gson.JsonSyntaxException: Unknown item 'dungeons_and_combat:deleted_mod_element'
[28May2025 18:21:13.158] [main/INFO] [net.minecraft.world.item.crafting.RecipeManager/]: Loaded 9 recipes
[28May2025 18:21:13.299] [main/INFO] [net.minecraft.advancements.AdvancementList/]: Loaded 2167 advancements
[28May2025 18:21:13.306] [main/INFO] [placebo/]: Registered 0 additional recipes.
[28May2025 18:21:13.580] [main/INFO] [top.theillusivec4.curios.Curios/]: Loaded 16 curio slots
[28May2025 18:21:13.585] [main/ERROR] [top.theillusivec4.curios.Curios/]: talisman is not a registered slot type!
[28May2025 18:21:13.586] [main/INFO] [top.theillusivec4.curios.Curios/]: Loaded 1 curio entities
[28May2025 18:21:13.589] [main/WARN] [epicfight/]: Skill cdmoveset:fatalslash doesn't exist in the registry.
[28May2025 18:21:13.589] [main/WARN] [epicfight/]: Skill cdmoveset:sstep doesn't exist in the registry.
[28May2025 18:21:13.633] [main/INFO] [placebo/]: Registered 0 gear_sets.
[28May2025 18:21:13.761] [main/DEBUG] [net.minecraftforge.common.ForgeHooks/WP]: Gathering id map for writing to world save world
[28May2025 18:21:13.804] [main/DEBUG] [net.minecraftforge.common.ForgeHooks/WP]: ID Map collection complete world
[28May2025 18:21:13.868] [main/DEBUG] [mixin/]: Mixing DataFixPlayerDataStorageMixin from mixins.irons_spellbooks.json into net.minecraft.world.level.storage.PlayerDataStorage
[28May2025 18:21:13.876] [Server thread/INFO] [net.minecraft.server.dedicated.DedicatedServer/]: Starting minecraft server version 1.20.1
[28May2025 18:21:13.877] [Server thread/INFO] [net.minecraft.server.dedicated.DedicatedServer/]: Loading properties
[28May2025 18:21:13.877] [Server thread/INFO] [net.minecraft.server.dedicated.DedicatedServer/]: Default game type: SURVIVAL
[28May2025 18:21:13.877] [Server thread/INFO] [net.minecraft.server.MinecraftServer/]: Generating keypair
[28May2025 18:21:13.990] [Server thread/INFO] [net.minecraft.server.dedicated.DedicatedServer/]: Starting Minecraft server on *:25565
[28May2025 18:21:13.991] [Server thread/DEBUG] [net.minecraftforge.network.DualStackUtils/]: Detected IPv6 address: "0:0:0:0:0:0:0:0"
[28May2025 18:21:13.997] [Server thread/DEBUG] [io.netty.util.internal.NativeLibraryLoader/]: -Dio.netty.native.workdir: /tmp (io.netty.tmpdir)
[28May2025 18:21:13.997] [Server thread/DEBUG] [io.netty.util.internal.NativeLibraryLoader/]: -Dio.netty.native.deleteLibAfterLoading: true
[28May2025 18:21:13.997] [Server thread/DEBUG] [io.netty.util.internal.NativeLibraryLoader/]: -Dio.netty.native.tryPatchShadedId: true
[28May2025 18:21:13.997] [Server thread/DEBUG] [io.netty.util.internal.NativeLibraryLoader/]: -Dio.netty.native.detectNativeLibraryDuplicates: true
[28May2025 18:21:14.004] [Server thread/DEBUG] [io.netty.util.internal.NativeLibraryLoader/]: Successfully loaded the library /tmp/libnetty_transport_native_epoll_x86_643271238243224010268.so
[28May2025 18:21:14.007] [Server thread/DEBUG] [io.netty.util.NetUtil/]: -Djava.net.preferIPv4Stack: false
[28May2025 18:21:14.007] [Server thread/DEBUG] [io.netty.util.NetUtil/]: -Djava.net.preferIPv6Addresses: true
[28May2025 18:21:14.009] [Server thread/DEBUG] [io.netty.util.NetUtilInitializations/]: Loopback interface: lo (lo, 0:0:0:0:0:0:0:1%lo)
[28May2025 18:21:14.009] [Server thread/DEBUG] [io.netty.util.NetUtil/]: /proc/sys/net/core/somaxconn: 4096
[28May2025 18:21:14.012] [Server thread/INFO] [net.minecraft.server.network.ServerConnectionListener/]: Using epoll channel type
[28May2025 18:21:14.025] [Server thread/DEBUG] [io.netty.channel.MultithreadEventLoopGroup/]: -Dio.netty.eventLoopThreads: 8
[28May2025 18:21:14.042] [Server thread/DEBUG] [io.netty.util.internal.PlatformDependent/]: org.jctools-core.MpscChunkedArrayQueue: available
[28May2025 18:21:14.049] [Server thread/DEBUG] [io.netty.channel.DefaultChannelId/]: -Dio.netty.processId: 4828 (auto-detected)
[28May2025 18:21:14.050] [Server thread/DEBUG] [io.netty.channel.DefaultChannelId/]: -Dio.netty.machineId: 60:45:bd:ff:fe:a2:79:2b (auto-detected)
[28May2025 18:21:14.071] [Server thread/DEBUG] [io.netty.buffer.PooledByteBufAllocator/]: -Dio.netty.allocator.numHeapArenas: 8
[28May2025 18:21:14.071] [Server thread/DEBUG] [io.netty.buffer.PooledByteBufAllocator/]: -Dio.netty.allocator.numDirectArenas: 8
[28May2025 18:21:14.071] [Server thread/DEBUG] [io.netty.buffer.PooledByteBufAllocator/]: -Dio.netty.allocator.pageSize: 8192
[28May2025 18:21:14.071] [Server thread/DEBUG] [io.netty.buffer.PooledByteBufAllocator/]: -Dio.netty.allocator.maxOrder: 9
[28May2025 18:21:14.072] [Server thread/DEBUG] [io.netty.buffer.PooledByteBufAllocator/]: -Dio.netty.allocator.chunkSize: 4194304
[28May2025 18:21:14.072] [Server thread/DEBUG] [io.netty.buffer.PooledByteBufAllocator/]: -Dio.netty.allocator.smallCacheSize: 256
[28May2025 18:21:14.072] [Server thread/DEBUG] [io.netty.buffer.PooledByteBufAllocator/]: -Dio.netty.allocator.normalCacheSize: 64
[28May2025 18:21:14.072] [Server thread/DEBUG] [io.netty.buffer.PooledByteBufAllocator/]: -Dio.netty.allocator.maxCachedBufferCapacity: 32768
[28May2025 18:21:14.072] [Server thread/DEBUG] [io.netty.buffer.PooledByteBufAllocator/]: -Dio.netty.allocator.cacheTrimInterval: 8192
[28May2025 18:21:14.072] [Server thread/DEBUG] [io.netty.buffer.PooledByteBufAllocator/]: -Dio.netty.allocator.cacheTrimIntervalMillis: 0
[28May2025 18:21:14.072] [Server thread/DEBUG] [io.netty.buffer.PooledByteBufAllocator/]: -Dio.netty.allocator.useCacheForAllThreads: false
[28May2025 18:21:14.072] [Server thread/DEBUG] [io.netty.buffer.PooledByteBufAllocator/]: -Dio.netty.allocator.maxCachedByteBuffersPerChunk: 1023
[28May2025 18:21:14.079] [Server thread/DEBUG] [io.netty.buffer.ByteBufUtil/]: -Dio.netty.allocator.type: pooled
[28May2025 18:21:14.079] [Server thread/DEBUG] [io.netty.buffer.ByteBufUtil/]: -Dio.netty.threadLocalDirectBufferSize: 0
[28May2025 18:21:14.079] [Server thread/DEBUG] [io.netty.buffer.ByteBufUtil/]: -Dio.netty.maxThreadLocalCharBufferSize: 16384
[28May2025 18:21:14.086] [Server thread/WARN] [net.minecraft.server.dedicated.DedicatedServer/]: **** SERVER IS RUNNING IN OFFLINE/INSECURE MODE!
[28May2025 18:21:14.087] [Server thread/WARN] [net.minecraft.server.dedicated.DedicatedServer/]: The server will make no attempt to authenticate usernames. Beware.
[28May2025 18:21:14.087] [Server thread/WARN] [net.minecraft.server.dedicated.DedicatedServer/]: While this makes the game possible to play without internet access, it also opens up the ability for hackers to connect with any username they choose.
[28May2025 18:21:14.087] [Server thread/WARN] [net.minecraft.server.dedicated.DedicatedServer/]: To change this, set "online-mode" to "true" in the server.properties file.
[28May2025 18:21:14.097] [Server thread/DEBUG] [mixin/]: Mixing ClientboundSetChunkCacheRadiusPacketMixin from dynview.mixins.json into net.minecraft.network.protocol.game.ClientboundSetChunkCacheRadiusPacket
[28May2025 18:21:14.099] [Server thread/INFO] [com.cupboard.Cupboard/]: Loaded config for: dynamicview.json
[28May2025 18:21:14.101] [Server thread/DEBUG] [net.minecraftforge.fml.config.ConfigTracker/CONFIG]: Loading configs type SERVER
[28May2025 18:21:14.101] [Server thread/DEBUG] [net.minecraftforge.fml.config.ConfigFileTypeHandler/CONFIG]: Built TOML config for ./world/serverconfig/journeymap-server.toml
[28May2025 18:21:14.101] [Server thread/DEBUG] [net.minecraftforge.fml.config.ConfigFileTypeHandler/CONFIG]: Loaded TOML config file ./world/serverconfig/journeymap-server.toml
[28May2025 18:21:14.102] [Server thread/DEBUG] [net.minecraftforge.fml.config.ConfigFileTypeHandler/CONFIG]: Watching TOML config file ./world/serverconfig/journeymap-server.toml for changes
[28May2025 18:21:14.102] [Server thread/INFO] [journeymap/]: Loading JourneyMap Forge Configs
[28May2025 18:21:14.103] [Server thread/DEBUG] [net.minecraftforge.fml.config.ConfigFileTypeHandler/CONFIG]: Built TOML config for ./world/serverconfig/jei-server.toml
[28May2025 18:21:14.103] [Server thread/DEBUG] [net.minecraftforge.fml.config.ConfigFileTypeHandler/CONFIG]: Loaded TOML config file ./world/serverconfig/jei-server.toml
[28May2025 18:21:14.103] [Server thread/DEBUG] [net.minecraftforge.fml.config.ConfigFileTypeHandler/CONFIG]: Watching TOML config file ./world/serverconfig/jei-server.toml for changes
[28May2025 18:21:14.103] [Server thread/DEBUG] [net.minecraftforge.fml.config.ConfigFileTypeHandler/CONFIG]: Built TOML config for ./world/serverconfig/travelersbackpack-server.toml
[28May2025 18:21:14.104] [Server thread/DEBUG] [net.minecraftforge.fml.config.ConfigFileTypeHandler/CONFIG]: Loaded TOML config file ./world/serverconfig/travelersbackpack-server.toml
[28May2025 18:21:14.105] [Server thread/DEBUG] [net.minecraftforge.fml.config.ConfigFileTypeHandler/CONFIG]: Watching TOML config file ./world/serverconfig/travelersbackpack-server.toml for changes
[28May2025 18:21:14.112] [Server thread/DEBUG] [net.minecraftforge.fml.config.ConfigFileTypeHandler/CONFIG]: Built TOML config for ./world/serverconfig/forge-server.toml
[28May2025 18:21:14.112] [Server thread/DEBUG] [net.minecraftforge.fml.config.ConfigFileTypeHandler/CONFIG]: Loaded TOML config file ./world/serverconfig/forge-server.toml
[28May2025 18:21:14.112] [Server thread/DEBUG] [net.minecraftforge.fml.config.ConfigFileTypeHandler/CONFIG]: Watching TOML config file ./world/serverconfig/forge-server.toml for changes
[28May2025 18:21:14.113] [Server thread/DEBUG] [net.minecraftforge.common.ForgeConfig/FORGEMOD]: Loaded forge config file forge-server.toml
[28May2025 18:21:14.113] [Server thread/DEBUG] [net.minecraftforge.fml.config.ConfigFileTypeHandler/CONFIG]: Built TOML config for ./world/serverconfig/curios-server.toml
[28May2025 18:21:14.113] [Server thread/DEBUG] [net.minecraftforge.fml.config.ConfigFileTypeHandler/CONFIG]: Loaded TOML config file ./world/serverconfig/curios-server.toml
[28May2025 18:21:14.113] [Server thread/DEBUG] [net.minecraftforge.fml.config.ConfigFileTypeHandler/CONFIG]: Watching TOML config file ./world/serverconfig/curios-server.toml for changes
[28May2025 18:21:14.113] [Server thread/DEBUG] [net.minecraftforge.fml.config.ConfigFileTypeHandler/CONFIG]: Built TOML config for /workspaces/Server_Mine/servidor_minecraft/config/tombstone-server.toml
[28May2025 18:21:14.114] [Server thread/DEBUG] [net.minecraftforge.fml.config.ConfigFileTypeHandler/CONFIG]: Loaded TOML config file /workspaces/Server_Mine/servidor_minecraft/config/tombstone-server.toml
[28May2025 18:21:14.114] [Server thread/DEBUG] [net.minecraftforge.fml.config.ConfigFileTypeHandler/CONFIG]: Watching TOML config file /workspaces/Server_Mine/servidor_minecraft/config/tombstone-server.toml for changes
[28May2025 18:21:14.115] [Server thread/DEBUG] [net.minecraftforge.fml.config.ConfigFileTypeHandler/CONFIG]: Built TOML config for ./world/serverconfig/irons_spellbooks-server.toml
[28May2025 18:21:14.118] [Server thread/DEBUG] [net.minecraftforge.fml.config.ConfigFileTypeHandler/CONFIG]: Loaded TOML config file ./world/serverconfig/irons_spellbooks-server.toml
[28May2025 18:21:14.118] [Server thread/DEBUG] [net.minecraftforge.fml.config.ConfigFileTypeHandler/CONFIG]: Watching TOML config file ./world/serverconfig/irons_spellbooks-server.toml for changes
[28May2025 18:21:14.121] [Server thread/DEBUG] [io.redspace.ironsspellbooks.IronsSpellbooks/]: ServerConfigs load item blacklists:
[28May2025 18:21:14.218] [Server thread/INFO] [net.jadenxgamer.elysium_api.Elysium/]: ElysiumBiomeSource successfully initialized for minecraft:overworld
[28May2025 18:21:14.218] [Server thread/INFO] [net.jadenxgamer.elysium_api.Elysium/]: ElysiumBiomeSource successfully initialized for minecraft:the_nether
[28May2025 18:21:14.221] [Server thread/INFO] [net.minecraft.server.dedicated.DedicatedServer/]: Preparing level "world"
[28May2025 18:21:14.221] [Server thread/DEBUG] [mixin/]: Mixing feature.branding.BrandingControlMixin from modernfix-forge.mixins.json into net.minecraftforge.internal.BrandingControl
[28May2025 18:21:14.230] [Server thread/DEBUG] [net.minecraftforge.coremod.transformer.CoreModBaseTransformer/COREMOD]: Transforming net/minecraft/world/level/levelgen/PhantomSpawner
[28May2025 18:21:14.237] [Server thread/DEBUG] [net.minecraftforge.coremod.transformer.CoreModBaseTransformer/COREMOD]: Transforming net/minecraft/world/level/levelgen/PatrolSpawner
[28May2025 18:21:14.244] [Server thread/DEBUG] [net.minecraftforge.coremod.transformer.CoreModBaseTransformer/COREMOD]: Transforming net/minecraft/world/entity/npc/CatSpawner
[28May2025 18:21:14.249] [Server thread/DEBUG] [net.minecraftforge.coremod.transformer.CoreModBaseTransformer/COREMOD]: Transforming net/minecraft/world/entity/ai/village/VillageSiege
[28May2025 18:21:14.262] [Server thread/DEBUG] [mixin/]: Mixing ChunkLoadDebug from cupboard.mixins.json into net.minecraft.server.level.ServerChunkCache
[28May2025 18:21:14.263] [Server thread/DEBUG] [mixin/]: Mixing optimizations.ticking.chunk.broadcast.ServerChunkCacheMixin from servercore.common.mixins.json into net.minecraft.server.level.ServerChunkCache
[28May2025 18:21:14.263] [Server thread/DEBUG] [mixin/]: servercore.common.mixins.json:optimizations.ticking.chunk.broadcast.ServerChunkCacheMixin: Class version 61 required is higher than the class version supported by the current version of Mixin (JAVA_16 supports class version 60)
[28May2025 18:21:14.266] [Server thread/DEBUG] [mixin/]: Mixing optimizations.ticking.chunk.cache.ServerChunkCacheMixin from servercore.common.mixins.json into net.minecraft.server.level.ServerChunkCache
[28May2025 18:21:14.266] [Server thread/DEBUG] [mixin/]: servercore.common.mixins.json:optimizations.ticking.chunk.cache.ServerChunkCacheMixin: Class version 61 required is higher than the class version supported by the current version of Mixin (JAVA_16 supports class version 60)
[28May2025 18:21:14.267] [Server thread/DEBUG] [mixin/]: Mixing optimizations.ticking.chunk.random.ServerChunkCacheMixin from servercore.common.mixins.json into net.minecraft.server.level.ServerChunkCache
[28May2025 18:21:14.267] [Server thread/DEBUG] [mixin/]: servercore.common.mixins.json:optimizations.ticking.chunk.random.ServerChunkCacheMixin: Class version 61 required is higher than the class version supported by the current version of Mixin (JAVA_16 supports class version 60)
[28May2025 18:21:14.267] [Server thread/DEBUG] [mixin/]: Mixing alloc.chunk_ticking.ServerChunkCacheMixin from canary.mixins.json into net.minecraft.server.level.ServerChunkCache
[28May2025 18:21:14.267] [Server thread/DEBUG] [mixin/]: Mixing world.chunk_access.ServerChunkCacheMixin from canary.mixins.json into net.minecraft.server.level.ServerChunkCache
[28May2025 18:21:14.268] [Server thread/DEBUG] [mixin/]: Renaming synthetic method lambda$getChunkOffThread$0(IILnet/minecraft/world/level/chunk/ChunkStatus;Z)Lnet/minecraft/world/level/chunk/ChunkAccess; to mde990a2$lambda$getChunkOffThread$0$0 in canary.mixins.json:world.chunk_access.ServerChunkCacheMixin
[28May2025 18:21:14.272] [Server thread/DEBUG] [mixin/]: Mixing bugfix.chunk_deadlock.ServerChunkCache_CurrentLoadingMixin from modernfix-forge.mixins.json into net.minecraft.server.level.ServerChunkCache
[28May2025 18:21:14.285] [Server thread/WARN] [mixin/]: @Redirect conflict. Skipping servercore.common.mixins.json:optimizations.ticking.chunk.cache.ServerChunkCacheMixin->@Redirect::servercore$noList(I)Ljava/util/ArrayList; with priority 900, already redirected by canary.mixins.json:alloc.chunk_ticking.ServerChunkCacheMixin->@Redirect::redirectChunksListClone(I)Ljava/util/ArrayList; with priority 1000
[28May2025 18:21:14.300] [Server thread/DEBUG] [mixin/]: Mixing optimizations.misc.MapItemSavedDataMixin from servercore.common.mixins.json into net.minecraft.world.level.saveddata.maps.MapItemSavedData
[28May2025 18:21:14.300] [Server thread/DEBUG] [mixin/]: servercore.common.mixins.json:optimizations.misc.MapItemSavedDataMixin: Class version 61 required is higher than the class version supported by the current version of Mixin (JAVA_16 supports class version 60)
[28May2025 18:21:14.307] [Server thread/DEBUG] [mixin/]: Mixing DamageSourcesMixin from tombstone.mixins.json into net.minecraft.world.damagesource.DamageSources
[28May2025 18:21:14.310] [Server thread/DEBUG] [mixin/]: Mixing collections.entity_ticking.EntityTickListMixin from canary.mixins.json into net.minecraft.world.level.entity.EntityTickList
[28May2025 18:21:14.313] [Server thread/DEBUG] [mixin/]: Mixing world.tick_scheduler.LevelChunkTicksMixin from canary.mixins.json into net.minecraft.world.ticks.LevelChunkTicks
[28May2025 18:21:14.314] [Server thread/DEBUG] [mixin/]: Renaming synthetic method lambda$queueTick$0(J)Lcom/abdelaziz/canary/common/world/scheduler/OrderedTickQueue; to mde990a2$lambda$queueTick$0$0 in canary.mixins.json:world.tick_scheduler.LevelChunkTicksMixin
[28May2025 18:21:14.339] [Server thread/DEBUG] [mixin/]: Mixing ai.replace_streams.storage.PersistentEntitySectionManagerMixin from canary.mixins.json into net.minecraft.world.level.entity.PersistentEntitySectionManager
[28May2025 18:21:14.340] [Server thread/DEBUG] [mixin/]: Renaming synthetic method lambda$processChunkUnload$0(Lnet/minecraft/world/level/entity/EntityAccess;)V to mde990a2$lambda$processChunkUnload$0$0 in canary.mixins.json:ai.replace_streams.storage.PersistentEntitySectionManagerMixin
[28May2025 18:21:14.342] [Server thread/DEBUG] [mixin/]: Mixing util.accessors.PersistentEntitySectionManagerAccessor from canary.mixins.json into net.minecraft.world.level.entity.PersistentEntitySectionManager
[28May2025 18:21:14.347] [Server thread/DEBUG] [mixin/]: Mixing entity.inactive_navigations.EntityCallbacksMixin from canary.mixins.json into net.minecraft.server.level.ServerLevel$EntityCallbacks
[28May2025 18:21:14.349] [Server thread/DEBUG] [mixin/]: Mixing entity.fast_retrieval.EntitySectionStorageMixin from canary.mixins.json into net.minecraft.world.level.entity.EntitySectionStorage
[28May2025 18:21:14.351] [Server thread/DEBUG] [mixin/]: Mixing util.entity_movement_tracking.EntitySectionStorageMixin from canary.mixins.json into net.minecraft.world.level.entity.EntitySectionStorage
[28May2025 18:21:14.353] [Server thread/DEBUG] [mixin/]: Mixing util.entity_section_position.EntitySectionStorageMixin from canary.mixins.json into net.minecraft.world.level.entity.EntitySectionStorage
[28May2025 18:21:14.364] [Server thread/DEBUG] [mixin/]: Mixing perf.ticking_chunk_alloc.ChunkHolderMixin from modernfix-common.mixins.json into net.minecraft.server.level.ChunkHolder
[28May2025 18:21:14.364] [Server thread/DEBUG] [mixin/]: Mixing optimizations.ticking.chunk.broadcast.ChunkHolderMixin from servercore.common.mixins.json into net.minecraft.server.level.ChunkHolder
[28May2025 18:21:14.364] [Server thread/DEBUG] [mixin/]: servercore.common.mixins.json:optimizations.ticking.chunk.broadcast.ChunkHolderMixin: Class version 61 required is higher than the class version supported by the current version of Mixin (JAVA_16 supports class version 60)
[28May2025 18:21:14.365] [Server thread/DEBUG] [mixin/]: Mixing chunk.replace_streams.ChunkHolderMixin from canary.mixins.json into net.minecraft.server.level.ChunkHolder
[28May2025 18:21:14.365] [Server thread/DEBUG] [mixin/]: Mixing world.chunk_access.ChunkHolderMixin from canary.mixins.json into net.minecraft.server.level.ChunkHolder
[28May2025 18:21:14.376] [Server thread/DEBUG] [mixin/]: Mixing bugfix.paper_chunk_patches.ChunkMapMixin from modernfix-common.mixins.json into net.minecraft.server.level.ChunkMap
[28May2025 18:21:14.376] [Server thread/DEBUG] [mixin/]: Renaming synthetic method lambda$useLegacySchedulingLogic$1(Lnet/minecraft/world/level/chunk/ChunkStatus;Lnet/minecraft/world/level/ChunkPos;Lnet/minecraft/server/level/ChunkHolder;Lcom/mojang/datafixers/util/Either;)Ljava/util/concurrent/CompletionStage; to mde990a2$lambda$useLegacySchedulingLogic$1$0 in modernfix-common.mixins.json:bugfix.paper_chunk_patches.ChunkMapMixin
[28May2025 18:21:14.376] [Server thread/DEBUG] [mixin/]: Renaming synthetic method lambda$useLegacySchedulingLogic$0(Lnet/minecraft/server/level/ChunkHolder;Lnet/minecraft/world/level/chunk/ChunkAccess;)Ljava/util/concurrent/CompletableFuture; to mde990a2$lambda$useLegacySchedulingLogic$0$1 in modernfix-common.mixins.json:bugfix.paper_chunk_patches.ChunkMapMixin
[28May2025 18:21:14.377] [Server thread/DEBUG] [mixin/]: Mixing bugfix.chunk_deadlock.ChunkMapLoadMixin from modernfix-forge.mixins.json into net.minecraft.server.level.ChunkMap
[28May2025 18:21:14.378] [Server thread/DEBUG] [mixin/]: Mixing features.dynamic.ChunkMapMixin from servercore.common.mixins.json into net.minecraft.server.level.ChunkMap
[28May2025 18:21:14.378] [Server thread/DEBUG] [mixin/]: servercore.common.mixins.json:features.dynamic.ChunkMapMixin: Class version 61 required is higher than the class version supported by the current version of Mixin (JAVA_16 supports class version 60)
[28May2025 18:21:14.390] [Server thread/DEBUG] [mixin/]: Mixing chunk.replace_streams.DistanceManagerMixin from canary.mixins.json into net.minecraft.server.level.DistanceManager
[28May2025 18:21:14.399] [Server thread/DEBUG] [mixin/]: Mixing NoiseConfigMixin from mixins.mofus_better_end_.json into net.minecraft.world.level.levelgen.RandomState
[28May2025 18:21:14.743] [Server thread/DEBUG] [mixin/]: Mixing ClimateSamplerMixin from mixins.mofus_better_end_.json into net.minecraft.world.level.biome.Climate$Sampler
[28May2025 18:21:14.752] [Server thread/DEBUG] [mixin/]: Mixing perf.cache_strongholds.ChunkGeneratorMixin from modernfix-common.mixins.json into net.minecraft.world.level.chunk.ChunkGeneratorStructureState
[28May2025 18:21:14.752] [Server thread/DEBUG] [mixin/]: Renaming synthetic method lambda$saveCachedData$0(Ljava/util/List;)Ljava/util/List; to mde990a2$lambda$saveCachedData$0$0 in modernfix-common.mixins.json:perf.cache_strongholds.ChunkGeneratorMixin
[28May2025 18:21:14.778] [Server thread/DEBUG] [mixin/]: Mixing chunk.no_validation.SimpleBitStorageMixin from canary.mixins.json into net.minecraft.util.SimpleBitStorage
[28May2025 18:21:14.778] [Server thread/DEBUG] [mixin/]: Mixing chunk.serialization.SimpleBitStorageMixin from canary.mixins.json into net.minecraft.util.SimpleBitStorage
[28May2025 18:21:14.792] [Server thread/DEBUG] [mixin/]: Mixing ai.poi.PoiManagerMixin from canary.mixins.json into net.minecraft.world.entity.ai.village.poi.PoiManager
[28May2025 18:21:14.793] [Server thread/DEBUG] [mixin/]: Renaming synthetic method lambda$withinSphereChunkSectionSorted$6(Lnet/minecraft/core/BlockPos;DLjava/util/ArrayList;Lnet/minecraft/world/entity/ai/village/poi/PoiRecord;)V to mde990a2$lambda$withinSphereChunkSectionSorted$6$0 in canary.mixins.json:ai.poi.PoiManagerMixin
[28May2025 18:21:14.793] [Server thread/DEBUG] [mixin/]: Renaming synthetic method lambda$withinSphereChunkSectionSortedStream$5(Ljava/util/function/Predicate;Lnet/minecraft/world/entity/ai/village/poi/PoiManager$Occupancy;Lnet/minecraft/core/BlockPos;DLjava/util/stream/Stream;)Ljava/util/stream/Stream; to mde990a2$lambda$withinSphereChunkSectionSortedStream$5$1 in canary.mixins.json:ai.poi.PoiManagerMixin
[28May2025 18:21:14.793] [Server thread/DEBUG] [mixin/]: Renaming synthetic method lambda$withinSphereChunkSectionSortedStream$4(Ljava/util/function/Predicate;Lnet/minecraft/world/entity/ai/village/poi/PoiManager$Occupancy;Lnet/minecraft/core/BlockPos;DLnet/minecraft/world/entity/ai/village/poi/PoiSection;)Ljava/util/stream/Stream; to mde990a2$lambda$withinSphereChunkSectionSortedStream$4$2 in canary.mixins.json:ai.poi.PoiManagerMixin
[28May2025 18:21:14.793] [Server thread/DEBUG] [mixin/]: Renaming synthetic method lambda$withinSphereChunkSectionSortedStream$3(Lnet/minecraft/core/BlockPos;DLnet/minecraft/world/entity/ai/village/poi/PoiRecord;)Z to mde990a2$lambda$withinSphereChunkSectionSortedStream$3$3 in canary.mixins.json:ai.poi.PoiManagerMixin
[28May2025 18:21:14.793] [Server thread/DEBUG] [mixin/]: Renaming synthetic method lambda$findNearestForPortalLogic$2(Lnet/minecraft/world/level/border/WorldBorder;Ljava/util/function/Predicate;Lnet/minecraft/world/entity/ai/village/poi/PoiRecord;)Z to mde990a2$lambda$findNearestForPortalLogic$2$4 in canary.mixins.json:ai.poi.PoiManagerMixin
[28May2025 18:21:14.793] [Server thread/DEBUG] [mixin/]: Renaming synthetic method lambda$findClosest$1(Ljava/util/function/Predicate;Lnet/minecraft/world/entity/ai/village/poi/PoiRecord;)Z to mde990a2$lambda$findClosest$1$5 in canary.mixins.json:ai.poi.PoiManagerMixin
[28May2025 18:21:14.793] [Server thread/DEBUG] [mixin/]: Renaming synthetic method lambda$getInChunk$0(Ljava/util/function/Predicate;Lnet/minecraft/world/entity/ai/village/poi/PoiManager$Occupancy;Lnet/minecraft/world/entity/ai/village/poi/PoiSection;)Ljava/util/stream/Stream; to mde990a2$lambda$getInChunk$0$6 in canary.mixins.json:ai.poi.PoiManagerMixin
[28May2025 18:21:14.796] [Server thread/DEBUG] [mixin/]: Mixing ai.poi.fast_portals.PoiManagerMixin from canary.mixins.json into net.minecraft.world.entity.ai.village.poi.PoiManager
[28May2025 18:21:14.807] [Server thread/DEBUG] [mixin/]: Mixing ai.poi.SectionStorageMixin from canary.mixins.json into net.minecraft.world.level.chunk.storage.SectionStorage
[28May2025 18:21:14.807] [Server thread/DEBUG] [mixin/]: Renaming synthetic method lambda$getInChunkColumn$0(Ljava/util/BitSet;Lit/unimi/dsi/fastutil/longs/Long2ObjectMap;ILnet/minecraft/world/level/LevelHeightAccessor;I)Ljava/util/Iterator; to mde990a2$lambda$getInChunkColumn$0$0 in canary.mixins.json:ai.poi.SectionStorageMixin
[28May2025 18:21:14.817] [Server thread/DEBUG] [mixin/]: Mixing ai.poi.PoiSectionMixin from canary.mixins.json into net.minecraft.world.entity.ai.village.poi.PoiSection
[28May2025 18:21:14.817] [Server thread/DEBUG] [mixin/]: Renaming synthetic method lambda$computeIfAbsent$0(Ljava/lang/Object;)Ljava/lang/Object; to mde990a2$lambda$computeIfAbsent$0$0 in canary.mixins.json:ai.poi.PoiSectionMixin
[28May2025 18:21:14.828] [Server thread/DEBUG] [mixin/]: Mixing ai.poi.fast_portals.PortalForcerMixin from canary.mixins.json into net.minecraft.world.level.portal.PortalForcer
[28May2025 18:21:14.828] [Server thread/DEBUG] [mixin/]: Renaming synthetic method lambda$findPortalAround$2(Lnet/minecraft/world/entity/ai/village/poi/PoiRecord;)Lnet/minecraft/BlockUtil$FoundRectangle; to mde990a2$lambda$findPortalAround$2$0 in canary.mixins.json:ai.poi.fast_portals.PortalForcerMixin
[28May2025 18:21:14.828] [Server thread/DEBUG] [mixin/]: Renaming synthetic method lambda$findPortalAround$1(Lnet/minecraft/world/level/block/state/BlockState;Lnet/minecraft/core/BlockPos;)Z to mde990a2$lambda$findPortalAround$1$1 in canary.mixins.json:ai.poi.fast_portals.PortalForcerMixin
[28May2025 18:21:14.828] [Server thread/DEBUG] [mixin/]: Renaming synthetic method lambda$findPortalAround$0(Lnet/minecraft/world/entity/ai/village/poi/PoiRecord;)Z to mde990a2$lambda$findPortalAround$0$2 in canary.mixins.json:ai.poi.fast_portals.PortalForcerMixin
[28May2025 18:21:14.843] [Server thread/DEBUG] [mixin/]: Mixing perf.faster_structure_location.StructureCheckMixin from modernfix-common.mixins.json into net.minecraft.world.level.levelgen.structure.StructureCheck
[28May2025 18:21:14.844] [Server thread/DEBUG] [mixin/]: Mixing optimizations.sync_loads.StructureCheckMixin from servercore.common.mixins.json into net.minecraft.world.level.levelgen.structure.StructureCheck
[28May2025 18:21:14.844] [Server thread/DEBUG] [mixin/]: servercore.common.mixins.json:optimizations.sync_loads.StructureCheckMixin: Class version 61 required is higher than the class version supported by the current version of Mixin (JAVA_16 supports class version 60)
[28May2025 18:21:14.848] [Server thread/DEBUG] [mixin/]: Mixing StructureManagerAccessor from cataclysm.mixins.json into net.minecraft.world.level.StructureManager
[28May2025 18:21:14.862] [Server thread/DEBUG] [ModernFix/]: Loaded stronghold cache for dimension minecraft:overworld with 128 positions
[28May2025 18:21:14.908] [Server thread/DEBUG] [mixin/]: Mixing features.activation_range.inactive_ticks.GoalSelectorMixin from servercore.common.mixins.json into net.minecraft.world.entity.ai.goal.GoalSelector
[28May2025 18:21:14.908] [Server thread/DEBUG] [mixin/]: servercore.common.mixins.json:features.activation_range.inactive_ticks.GoalSelectorMixin: Class version 61 required is higher than the class version supported by the current version of Mixin (JAVA_16 supports class version 60)
[28May2025 18:21:14.908] [Server thread/DEBUG] [mixin/]: Mixing collections.goals.GoalSelectorMixin from canary.mixins.json into net.minecraft.world.entity.ai.goal.GoalSelector
[28May2025 18:21:14.915] [Server thread/DEBUG] [mixin/]: Mixing ai.pathing.WalkNodeEvaluatorMixin from canary.mixins.json into net.minecraft.world.level.pathfinder.WalkNodeEvaluator
[28May2025 18:21:14.920] [Server thread/DEBUG] [mixin/]: Mixing ai.pathing.FlyNodeEvaluatorMixin from canary.mixins.json into net.minecraft.world.level.pathfinder.FlyNodeEvaluator
[28May2025 18:21:14.927] [Server thread/DEBUG] [mixin/]: Mixing optimizations.misc.PathFinderMixin from servercore.common.mixins.json into net.minecraft.world.level.pathfinder.PathFinder
[28May2025 18:21:14.927] [Server thread/DEBUG] [mixin/]: servercore.common.mixins.json:optimizations.misc.PathFinderMixin: Class version 61 required is higher than the class version supported by the current version of Mixin (JAVA_16 supports class version 60)
[28May2025 18:21:14.983] [Server thread/DEBUG] [mixin/]: Mixing alloc.explosion_behavior.EntityBasedExplosionDamageCalculatorMixin from canary.mixins.json into net.minecraft.world.level.EntityBasedExplosionDamageCalculator
[28May2025 18:21:15.084] [Server thread/DEBUG] [mixin/]: Mixing optimizations.sync_loads.DynamicGameEventListenerMixin from servercore.common.mixins.json into net.minecraft.world.level.gameevent.DynamicGameEventListener
[28May2025 18:21:15.084] [Server thread/DEBUG] [mixin/]: servercore.common.mixins.json:optimizations.sync_loads.DynamicGameEventListenerMixin: Class version 61 required is higher than the class version supported by the current version of Mixin (JAVA_16 supports class version 60)
[28May2025 18:21:15.114] [Server thread/DEBUG] [io.netty.buffer.AbstractByteBuf/]: -Dio.netty.buffer.checkAccessible: true
[28May2025 18:21:15.114] [Server thread/DEBUG] [io.netty.buffer.AbstractByteBuf/]: -Dio.netty.buffer.checkBounds: true
[28May2025 18:21:15.115] [Server thread/DEBUG] [io.netty.util.ResourceLeakDetectorFactory/]: Loaded default ResourceLeakDetector: io.netty.util.ResourceLeakDetector@3cfc14ac
[28May2025 18:21:15.154] [Server thread/DEBUG] [mixin/]: Mixing ai.task.memory_change_counting.BehaviorMixin from canary.mixins.json into net.minecraft.world.entity.ai.behavior.Behavior
[28May2025 18:21:15.178] [Server thread/DEBUG] [mixin/]: Mixing ai.task.replace_streams.GateBehaviorMixin from canary.mixins.json into net.minecraft.world.entity.ai.behavior.GateBehavior
[28May2025 18:21:15.184] [Server thread/DEBUG] [mixin/]: Mixing ai.task.replace_streams.ShufflingListMixin from canary.mixins.json into net.minecraft.world.entity.ai.behavior.ShufflingList
[28May2025 18:21:15.196] [Server thread/DEBUG] [mixin/]: Mixing features.breeding_cap.tasks.AnimalMakeLoveMixin from servercore.common.mixins.json into net.minecraft.world.entity.ai.behavior.AnimalMakeLove
[28May2025 18:21:15.196] [Server thread/DEBUG] [mixin/]: servercore.common.mixins.json:features.breeding_cap.tasks.AnimalMakeLoveMixin: Class version 61 required is higher than the class version supported by the current version of Mixin (JAVA_16 supports class version 60)
[28May2025 18:21:15.300] [Server thread/DEBUG] [mixin/]: Mixing entity.PiglinAiMixin from mixins.elysium_api.json into net.minecraft.world.entity.monster.piglin.PiglinAi
[28May2025 18:21:15.300] [Server thread/DEBUG] [mixin/]: Mixing PiglinAiMixin from relics.mixins.json into net.minecraft.world.entity.monster.piglin.PiglinAi
[28May2025 18:21:15.300] [Server thread/DEBUG] [mixin/]: relics.mixins.json:PiglinAiMixin: Class version 61 required is higher than the class version supported by the current version of Mixin (JAVA_8 supports class version 52)
[28May2025 18:21:15.302] [Server thread/DEBUG] [mixin/]: Mixing MixinPiglinAi from curios.mixins.json into net.minecraft.world.entity.monster.piglin.PiglinAi
[28May2025 18:21:15.371] [Server thread/DEBUG] [epicfight/]: Cannot find the joint named Knee_R in yesman.epicfight.model.armature.VexArmature
[28May2025 18:21:15.371] [Server thread/DEBUG] [epicfight/]: Cannot find the joint named Knee_L in yesman.epicfight.model.armature.VexArmature
[28May2025 18:21:15.371] [Server thread/DEBUG] [epicfight/]: Cannot find the joint named Elbow_R in yesman.epicfight.model.armature.VexArmature
[28May2025 18:21:15.371] [Server thread/DEBUG] [epicfight/]: Cannot find the joint named Elbow_L in yesman.epicfight.model.armature.VexArmature
[28May2025 18:21:15.371] [Server thread/DEBUG] [epicfight/]: Cannot find the joint named Knee_R in yesman.epicfight.model.armature.VexArmature
[28May2025 18:21:15.371] [Server thread/DEBUG] [epicfight/]: Cannot find the joint named Knee_L in yesman.epicfight.model.armature.VexArmature
[28May2025 18:21:15.371] [Server thread/DEBUG] [epicfight/]: Cannot find the joint named Elbow_R in yesman.epicfight.model.armature.VexArmature
[28May2025 18:21:15.371] [Server thread/DEBUG] [epicfight/]: Cannot find the joint named Elbow_L in yesman.epicfight.model.armature.VexArmature
[28May2025 18:21:15.398] [Server thread/DEBUG] [mixin/]: Mixing optimizations.sync_loads.SleepInBedMixin from servercore.common.mixins.json into net.minecraft.world.entity.ai.behavior.SleepInBed
[28May2025 18:21:15.398] [Server thread/DEBUG] [mixin/]: servercore.common.mixins.json:optimizations.sync_loads.SleepInBedMixin: Class version 61 required is higher than the class version supported by the current version of Mixin (JAVA_16 supports class version 60)
[28May2025 18:21:15.408] [Server thread/DEBUG] [mixin/]: Mixing features.breeding_cap.tasks.VillagerMakeLoveMixin from servercore.common.mixins.json into net.minecraft.world.entity.ai.behavior.VillagerMakeLove
[28May2025 18:21:15.408] [Server thread/DEBUG] [mixin/]: servercore.common.mixins.json:features.breeding_cap.tasks.VillagerMakeLoveMixin: Class version 61 required is higher than the class version supported by the current version of Mixin (JAVA_16 supports class version 60)
[28May2025 18:21:15.415] [Server thread/DEBUG] [mixin/]: Mixing ai.poi.tasks.LocateHidingPlaceMixin from canary.mixins.json into net.minecraft.world.entity.ai.behavior.LocateHidingPlace
[28May2025 18:21:15.527] [Server thread/ERROR] [net.minecraftforge.fml.loading.RuntimeDistCleaner/DISTXFORM]: Attempted to load class net/minecraft/client/resources/sounds/SoundInstance for invalid dist DEDICATED_SERVER
[28May2025 18:21:15.559] [Server thread/DEBUG] [ModernFix/]: Loaded stronghold cache for dimension minecraft:the_nether with 256 positions
[28May2025 18:21:15.565] [Server thread/INFO] [net.minecraft.server.MinecraftServer/]: Preparing start region for dimension minecraft:overworld
[28May2025 18:21:15.566] [Server thread/DEBUG] [mixin/]: Mixing bugfix.paper_chunk_patches.SortedArraySetMixin from modernfix-common.mixins.json into net.minecraft.util.SortedArraySet
[28May2025 18:21:15.567] [Server thread/DEBUG] [mixin/]: Mixing world.chunk_tickets.SortedArraySetMixin from canary.mixins.json into net.minecraft.util.SortedArraySet
[28May2025 18:21:15.568] [Server thread/WARN] [mixin/]: Method overwrite conflict for removeIf in canary.mixins.json:world.chunk_tickets.SortedArraySetMixin, previously written by org.embeddedt.modernfix.common.mixin.bugfix.paper_chunk_patches.SortedArraySetMixin. Skipping method.
[28May2025 18:21:15.568] [Server thread/DEBUG] [mixin/]: Unexpected: Registered method removeIf(Ljava/util/function/Predicate;)Z in net.minecraft.util.SortedArraySet was not merged
[28May2025 18:21:15.688] [Server thread/DEBUG] [mixin/]: Mixing MixinChunkSerializer from architectury.mixins.json into net.minecraft.world.level.chunk.storage.ChunkSerializer
[28May2025 18:21:15.696] [Server thread/DEBUG] [mixin/]: Mixing chunk.palette.PalettedContainerMixin from canary.mixins.json into net.minecraft.world.level.chunk.PalettedContainer$Strategy
[28May2025 18:21:15.702] [Server thread/DEBUG] [mixin/]: Generating mapped inner class net/minecraft/world/level/chunk/PalettedContainer$Strategy$Anonymous$32f1b69e65e04c43a04e9f990db337d5 (originally com/abdelaziz/canary/mixin/chunk/palette/PalettedContainerMixin$1)
[28May2025 18:21:15.706] [Server thread/DEBUG] [mixin/]: Generating mapped inner class net/minecraft/world/level/chunk/PalettedContainer$Strategy$Anonymous$21a63f6fc88646cba7f577c42d2055d1 (originally com/abdelaziz/canary/mixin/chunk/palette/PalettedContainerMixin$2)
[28May2025 18:21:15.709] [Server thread/DEBUG] [mixin/]: Mixing perf.compact_bit_storage.PalettedContainerMixin from modernfix-common.mixins.json into net.minecraft.world.level.chunk.PalettedContainer
[28May2025 18:21:15.710] [Server thread/DEBUG] [mixin/]: Mixing chunk.serialization.PalettedContainerMixin from canary.mixins.json into net.minecraft.world.level.chunk.PalettedContainer
[28May2025 18:21:15.710] [Server thread/DEBUG] [mixin/]: Renaming synthetic method lambda$count$2([SI)V to mde990a2$lambda$count$2$0 in canary.mixins.json:chunk.serialization.PalettedContainerMixin
[28May2025 18:21:15.711] [Server thread/DEBUG] [mixin/]: Renaming synthetic method lambda$static$1()[S to mde990a2$lambda$static$1$1 in canary.mixins.json:chunk.serialization.PalettedContainerMixin
[28May2025 18:21:15.711] [Server thread/DEBUG] [mixin/]: Renaming synthetic method lambda$static$0()[S to mde990a2$lambda$static$0$2 in canary.mixins.json:chunk.serialization.PalettedContainerMixin
[28May2025 18:21:15.736] [Server thread/DEBUG] [mixin/]: Mixing ThreadingDetectorMixin from cupboard.mixins.json into net.minecraft.util.ThreadingDetector
[28May2025 18:21:15.739] [Server thread/DEBUG] [mixin/]: Mixing chunk.no_validation.ZeroBitStorageMixin from canary.mixins.json into net.minecraft.util.ZeroBitStorage
[28May2025 18:21:15.977] [Server thread/DEBUG] [mixin/]: Mixing accessor.BoundingBoxAccessor from cataclysm.mixins.json into net.minecraft.world.level.levelgen.structure.BoundingBox
[28May2025 18:21:15.990] [Server thread/DEBUG] [ModernFix/]: Using cached upgraded version of mowziesmobs:wroughtnaut_chamber
[28May2025 18:21:15.991] [Server thread/DEBUG] [net.minecraftforge.coremod.transformer.CoreModBaseTransformer/COREMOD]: Transforming net/minecraft/world/level/levelgen/structure/templatesystem/StructureTemplate
[28May2025 18:21:16.037] [Server thread/DEBUG] [mixin/]: Mixing StructureTemplateMixin from cataclysm.mixins.json into net.minecraft.world.level.levelgen.structure.templatesystem.StructureTemplate
[28May2025 18:21:16.038] [Server thread/DEBUG] [mixin/]: Renaming synthetic method lambda$repurposedstructures_preventAutoWaterlogging$0(Lnet/minecraft/world/level/levelgen/structure/templatesystem/StructureProcessor;)Z to mde990a2$lambda$repurposedstructures_preventAutoWaterlogging$0$0 in cataclysm.mixins.json:StructureTemplateMixin
[28May2025 18:21:16.039] [Server thread/DEBUG] [mixin/]: Mixing StructureTemplateMixin from legendary_monsters.mixins.json into net.minecraft.world.level.levelgen.structure.templatesystem.StructureTemplate
[28May2025 18:21:16.039] [Server thread/DEBUG] [mixin/]: Renaming synthetic method lambda$repurposedstructures_preventAutoWaterlogging$0(Lnet/minecraft/world/level/levelgen/structure/templatesystem/StructureProcessor;)Z to mde990a2$lambda$repurposedstructures_preventAutoWaterlogging$0$1 in legendary_monsters.mixins.json:StructureTemplateMixin
[28May2025 18:21:16.048] [Server thread/DEBUG] [mixin/]: Mixing perf.cache_blockstate_cache_arrays.AbstractBlockStateCacheMixin from modernfix-common.mixins.json into net.minecraft.world.level.block.state.BlockBehaviour$BlockStateBase$Cache
[28May2025 18:21:16.049] [Server thread/DEBUG] [mixin/]: Mixing BlockStateCacheMixin from ferritecore.blockstatecache.mixin.json into net.minecraft.world.level.block.state.BlockBehaviour$BlockStateBase$Cache
[28May2025 18:21:16.060] [Server thread/DEBUG] [mixin/]: Mixing SubShapeAccess from ferritecore.blockstatecache.mixin.json into net.minecraft.world.phys.shapes.SubShape
[28May2025 18:21:16.191] [Server thread/DEBUG] [ModernFix/]: Using cached upgraded version of irons_spellbooks:catacombs/catacombs_origin
[28May2025 18:21:16.232] [Server thread/DEBUG] [ModernFix/]: Using cached upgraded version of irons_spellbooks:catacombs/hallway/hallway_straight
[28May2025 18:21:16.234] [Server thread/DEBUG] [ModernFix/]: Using cached upgraded version of irons_spellbooks:catacombs/hallway/hallway_tee_2
[28May2025 18:21:16.238] [Server thread/DEBUG] [ModernFix/]: Using cached upgraded version of irons_spellbooks:catacombs/hallway/hallway_straight_2
[28May2025 18:21:16.240] [Server thread/DEBUG] [ModernFix/]: Using cached upgraded version of irons_spellbooks:catacombs/hallway/hallway_tee_1
[28May2025 18:21:16.242] [Server thread/DEBUG] [ModernFix/]: Using cached upgraded version of irons_spellbooks:catacombs/room_origin_zigzag
[28May2025 18:21:16.244] [Server thread/DEBUG] [ModernFix/]: Using cached upgraded version of irons_spellbooks:catacombs/room_origin_arch
[28May2025 18:21:16.246] [Server thread/DEBUG] [ModernFix/]: Using cached upgraded version of irons_spellbooks:catacombs/room_origin_1
[28May2025 18:21:16.247] [Server thread/DEBUG] [ModernFix/]: Using cached upgraded version of irons_spellbooks:catacombs/hallway/hallway_turn_1
[28May2025 18:21:16.249] [Server thread/DEBUG] [ModernFix/]: Using cached upgraded version of irons_spellbooks:catacombs/room/crypt_2
[28May2025 18:21:16.253] [Server thread/DEBUG] [ModernFix/]: Using cached upgraded version of irons_spellbooks:catacombs/room/double_storage
[28May2025 18:21:16.258] [Server thread/DEBUG] [ModernFix/]: Using cached upgraded version of irons_spellbooks:catacombs/room_origin_2
[28May2025 18:21:16.259] [Server thread/DEBUG] [ModernFix/]: Using cached upgraded version of irons_spellbooks:catacombs/room/wall_crypt
[28May2025 18:21:16.261] [Server thread/DEBUG] [ModernFix/]: Using cached upgraded version of irons_spellbooks:catacombs/room/crypt_1
[28May2025 18:21:16.265] [Server thread/DEBUG] [ModernFix/]: Using cached upgraded version of irons_spellbooks:catacombs/room/balcony
[28May2025 18:21:16.271] [Server thread/DEBUG] [ModernFix/]: Using cached upgraded version of irons_spellbooks:catacombs/room/dormitories_2
[28May2025 18:21:16.277] [Server thread/DEBUG] [ModernFix/]: Using cached upgraded version of irons_spellbooks:catacombs/room/trap_pitfall
[28May2025 18:21:16.279] [Server thread/DEBUG] [ModernFix/]: Using cached upgraded version of irons_spellbooks:catacombs/room/hallway_connector
[28May2025 18:21:16.280] [Server thread/DEBUG] [ModernFix/]: Using cached upgraded version of irons_spellbooks:catacombs/room/study_platform
[28May2025 18:21:16.282] [Server thread/DEBUG] [ModernFix/]: Using cached upgraded version of irons_spellbooks:catacombs/room/small_spawner_1
[28May2025 18:21:16.283] [Server thread/DEBUG] [ModernFix/]: Using cached upgraded version of irons_spellbooks:catacombs/room/boiler
[28May2025 18:21:16.287] [Server thread/DEBUG] [ModernFix/]: Using cached upgraded version of irons_spellbooks:catacombs/room/small_storage_2
[28May2025 18:21:16.288] [Server thread/DEBUG] [ModernFix/]: Using cached upgraded version of irons_spellbooks:catacombs/hallway/hallway_spiral_stairs
[28May2025 18:21:16.291] [Server thread/DEBUG] [ModernFix/]: Using cached upgraded version of irons_spellbooks:catacombs/room/dropdown_hallway
[28May2025 18:21:16.295] [Server thread/DEBUG] [ModernFix/]: Using cached upgraded version of irons_spellbooks:catacombs/room/trap_jail
[28May2025 18:21:16.298] [Server thread/DEBUG] [ModernFix/]: Using cached upgraded version of irons_spellbooks:catacombs/end_room_wall
[28May2025 18:21:17.179] [Server thread/DEBUG] [ModernFix/]: Using cached upgraded version of irons_spellbooks:pyromancer_tower/tower
[28May2025 18:21:17.190] [Server thread/DEBUG] [ModernFix/]: Using cached upgraded version of irons_spellbooks:pyromancer_tower/staircase
[28May2025 18:21:17.195] [Server thread/DEBUG] [ModernFix/]: Using cached upgraded version of irons_spellbooks:pyromancer_tower/basement
[28May2025 18:21:17.204] [Server thread/DEBUG] [ModernFix/]: Using cached upgraded version of irons_spellbooks:pyromancer_tower/cellar_dungeon/stairway
[28May2025 18:21:17.206] [Server thread/DEBUG] [ModernFix/]: Using cached upgraded version of irons_spellbooks:pyromancer_tower/cellar_dungeon/junction
[28May2025 18:21:17.208] [Server thread/DEBUG] [ModernFix/]: Using cached upgraded version of irons_spellbooks:pyromancer_tower/cellar_dungeon/dual_storage_secret
[28May2025 18:21:17.210] [Server thread/DEBUG] [ModernFix/]: Using cached upgraded version of irons_spellbooks:pyromancer_tower/cellar_dungeon/rubble_dead_end_2
[28May2025 18:21:17.589] [Server thread/INFO] [net.minecraft.server.level.progress.LoggerChunkProgressListener/]: Preparing spawn area: 0%
[28May2025 18:21:17.590] [Server thread/INFO] [net.minecraft.server.level.progress.LoggerChunkProgressListener/]: Preparing spawn area: 0%
[28May2025 18:21:17.590] [Server thread/INFO] [net.minecraft.server.level.progress.LoggerChunkProgressListener/]: Preparing spawn area: 0%
[28May2025 18:21:17.590] [Server thread/INFO] [net.minecraft.server.level.progress.LoggerChunkProgressListener/]: Preparing spawn area: 0%
[28May2025 18:21:17.591] [Server thread/INFO] [net.minecraft.server.level.progress.LoggerChunkProgressListener/]: Preparing spawn area: 0%
[28May2025 18:21:17.953] [Server thread/DEBUG] [mixin/]: Mixing world.block_entity_ticking.sleeping.RebindableTickingBlockEntityWrapperAccessor from canary.mixins.json into net.minecraft.world.level.chunk.LevelChunk$RebindableTickingBlockEntityWrapper
[28May2025 18:21:17.955] [Server thread/DEBUG] [mixin/]: Mixing world.block_entity_ticking.world_border.BoundTickingBlockEntityMixin from canary.mixins.json into net.minecraft.world.level.chunk.LevelChunk$BoundTickingBlockEntity
[28May2025 18:21:17.971] [Server thread/DEBUG] [mixin/]: Mixing entity.collisions.unpushable_cramming.EntitySectionMixin from canary.mixins.json into net.minecraft.world.level.entity.EntitySection
[28May2025 18:21:17.974] [Server thread/DEBUG] [mixin/]: Mixing util.accessors.EntitySectionAccessor from canary.mixins.json into net.minecraft.world.level.entity.EntitySection
[28May2025 18:21:17.975] [Server thread/DEBUG] [mixin/]: Mixing util.entity_movement_tracking.EntitySectionMixin from canary.mixins.json into net.minecraft.world.level.entity.EntitySection
[28May2025 18:21:17.979] [Server thread/DEBUG] [mixin/]: Mixing util.entity_section_position.EntitySectionMixin from canary.mixins.json into net.minecraft.world.level.entity.EntitySection
[28May2025 18:21:18.229] [Server thread/INFO] [net.minecraft.server.level.progress.LoggerChunkProgressListener/]: Time elapsed: 2664 ms
[28May2025 18:21:18.229] [Server thread/INFO] [net.minecraft.server.dedicated.DedicatedServer/]: Done (4.128s)! For help, type "help"
[28May2025 18:21:18.238] [Server thread/DEBUG] [net.minecraftforge.network.DualStackUtils/]: Detected IPv6 address: "0:0:0:0:0:0:0:0"
[28May2025 18:21:18.278] [Server thread/DEBUG] [net.minecraftforge.common.ForgeI18n/CORE]: Loading I18N data entries: 12447
[28May2025 18:21:18.282] [Server thread/INFO] [net.minecraftforge.server.permission.PermissionAPI/]: Successfully initialized permission handler forge:default_handler
[28May2025 18:21:18.342] [Server thread/WARN] [ModernFix/]: Dedicated server took 37.782 seconds to load
[28May2025 18:21:18.381] [Server thread/DEBUG] [net.minecraftforge.coremod.transformer.CoreModBaseTransformer/COREMOD]: Transforming net/minecraft/world/level/NaturalSpawner
[28May2025 18:21:18.397] [Server thread/DEBUG] [mixin/]: Mixing features.mob_spawning.NaturalSpawnerMixin from servercore.common.mixins.json into net.minecraft.world.level.NaturalSpawner
[28May2025 18:21:18.397] [Server thread/DEBUG] [mixin/]: servercore.common.mixins.json:features.mob_spawning.NaturalSpawnerMixin: Class version 61 required is higher than the class version supported by the current version of Mixin (JAVA_16 supports class version 60)
[28May2025 18:21:18.397] [Server thread/DEBUG] [mixin/]: Mixing NaturalSpawnerMixin from alexscaves.mixins.json into net.minecraft.world.level.NaturalSpawner
[28May2025 18:21:18.406] [Server thread/DEBUG] [mixin/]: Mixing optimizations.tickets.NaturalSpawnerMixin from servercore.common.mixins.json into net.minecraft.world.level.NaturalSpawner
[28May2025 18:21:18.406] [Server thread/DEBUG] [mixin/]: servercore.common.mixins.json:optimizations.tickets.NaturalSpawnerMixin: Class version 61 required is higher than the class version supported by the current version of Mixin (JAVA_16 supports class version 60)
[28May2025 18:21:18.430] [Server thread/DEBUG] [mixin/]: Mixing chunk.entity_class_groups.ClassInstanceMultiMapMixin from canary.mixins.json into net.minecraft.util.ClassInstanceMultiMap
[28May2025 18:21:18.432] [Server thread/DEBUG] [mixin/]: Mixing collections.entity_by_type.ClassInstanceMultiMapMixin from canary.mixins.json into net.minecraft.util.ClassInstanceMultiMap
[28May2025 18:21:18.432] [Server thread/DEBUG] [mixin/]: Mixing collections.entity_filtering.ClassInstanceMultiMapMixin from canary.mixins.json into net.minecraft.util.ClassInstanceMultiMap
[28May2025 18:21:18.439] [Server thread/DEBUG] [mixin/]: Mixing util.entity_movement_tracking.PersistentEntitySectionManagerMixin from canary.mixins.json into net.minecraft.world.level.entity.PersistentEntitySectionManager$Callback
[28May2025 18:21:18.445] [Server thread/DEBUG] [mixin/]: Mixing alloc.entity_tracker.TrackedEntityMixin from canary.mixins.json into net.minecraft.server.level.ChunkMap$TrackedEntity
[28May2025 18:21:18.447] [Server thread/DEBUG] [mixin/]: Mixing chunk.replace_streams.ServerEntityMixin from canary.mixins.json into net.minecraft.server.level.ServerEntity
[28May2025 18:21:18.626] [Server thread/DEBUG] [mixin/]: Mixing ai.pathing.PathNavigationRegionMixin from canary.mixins.json into net.minecraft.world.level.PathNavigationRegion
[28May2025 18:21:18.629] [Server thread/DEBUG] [mixin/]: Mixing util.chunk_access.PathNavigationRegionMixin from canary.mixins.json into net.minecraft.world.level.PathNavigationRegion
[28May2025 18:21:21.636] [Netty Epoll Server IO #2/DEBUG] [io.netty.util.Recycler/]: -Dio.netty.recycler.maxCapacityPerThread: 4096
[28May2025 18:21:21.637] [Netty Epoll Server IO #2/DEBUG] [io.netty.util.Recycler/]: -Dio.netty.recycler.ratio: 8
[28May2025 18:21:21.637] [Netty Epoll Server IO #2/DEBUG] [io.netty.util.Recycler/]: -Dio.netty.recycler.chunkSize: 32
[28May2025 18:21:21.637] [Netty Epoll Server IO #2/DEBUG] [io.netty.util.Recycler/]: -Dio.netty.recycler.blocking: false
[28May2025 18:21:21.645] [Netty Epoll Server IO #2/DEBUG] [mixin/]: Mixing core.NetworkHooksMixin from modernfix-forge.mixins.json into net.minecraftforge.network.NetworkHooks
[28May2025 18:21:23.076] [Netty Epoll Server IO #3/DEBUG] [net.minecraftforge.network.HandshakeHandler/FMLHANDSHAKE]: Starting new modded impl connection. Found 34 messages to dispatch.
[28May2025 18:21:23.102] [Server thread/DEBUG] [net.minecraftforge.network.HandshakeHandler/FMLHANDSHAKE]: Sending ticking packet info 'net.minecraftforge.network.HandshakeMessages$S2CModData' to 'fml:handshake' sequence 0
[28May2025 18:21:23.157] [Server thread/DEBUG] [net.minecraftforge.network.HandshakeHandler/FMLHANDSHAKE]: Sending ticking packet info 'net.minecraftforge.network.HandshakeMessages$S2CModList' to 'fml:handshake' sequence 1
[28May2025 18:21:23.201] [Server thread/DEBUG] [net.minecraftforge.network.HandshakeHandler/FMLHANDSHAKE]: Sending ticking packet info 'Registry minecraft:command_argument_type' to 'fml:handshake' sequence 2
[28May2025 18:21:23.251] [Server thread/DEBUG] [net.minecraftforge.network.HandshakeHandler/FMLHANDSHAKE]: Sending ticking packet info 'Registry irons_spellbooks:schools' to 'fml:handshake' sequence 3
[28May2025 18:21:23.301] [Server thread/DEBUG] [net.minecraftforge.network.HandshakeHandler/FMLHANDSHAKE]: Sending ticking packet info 'Registry minecraft:villager_profession' to 'fml:handshake' sequence 4
[28May2025 18:21:23.353] [Server thread/DEBUG] [net.minecraftforge.network.HandshakeHandler/FMLHANDSHAKE]: Sending ticking packet info 'Registry minecraft:item' to 'fml:handshake' sequence 5
[28May2025 18:21:23.401] [Server thread/DEBUG] [net.minecraftforge.network.HandshakeHandler/FMLHANDSHAKE]: Sending ticking packet info 'Registry minecraft:potion' to 'fml:handshake' sequence 6
[28May2025 18:21:23.451] [Server thread/DEBUG] [net.minecraftforge.network.HandshakeHandler/FMLHANDSHAKE]: Sending ticking packet info 'Registry minecraft:block_entity_type' to 'fml:handshake' sequence 7
[28May2025 18:21:23.501] [Server thread/DEBUG] [net.minecraftforge.network.HandshakeHandler/FMLHANDSHAKE]: Sending ticking packet info 'Registry forge:display_contexts' to 'fml:handshake' sequence 8
[28May2025 18:21:23.551] [Server thread/DEBUG] [net.minecraftforge.network.HandshakeHandler/FMLHANDSHAKE]: Sending ticking packet info 'Registry irons_spellbooks:spells' to 'fml:handshake' sequence 9
[28May2025 18:21:23.603] [Server thread/DEBUG] [net.minecraftforge.network.HandshakeHandler/FMLHANDSHAKE]: Sending ticking packet info 'Registry minecraft:stat_type' to 'fml:handshake' sequence 10
[28May2025 18:21:23.635] [Netty Epoll Server IO #3/DEBUG] [net.minecraftforge.network.LoginWrapper/FMLHANDSHAKE]: Recieved login wrapper packet event for channel fml:handshake with index 1
[28May2025 18:21:23.638] [Netty Epoll Server IO #3/DEBUG] [net.minecraftforge.network.HandshakeHandler/FMLHANDSHAKE]: Received client indexed reply 1 of type net.minecraftforge.network.HandshakeMessages$C2SModListReply
[28May2025 18:21:23.638] [Netty Epoll Server IO #3/DEBUG] [net.minecraftforge.network.HandshakeHandler/FMLHANDSHAKE]: Received client connection with modlist [mowziesmobs, netherexp, efiscompat, geckolib, playeranimator, elysium_api, mowzies_cataclysm, caelus, incendium, journeymap, placebo, modernfix, jei, citadel, travelersbackpack, mixinextras, relics, terralith, dynview, memoryleakfix, jeresources, dungeons_arise_seven_seas, forge, tlskincape, embeddium, rubidium, dungeons_arise, minecraft, dungeons_and_combat, alexscaves, nightmareesm, mofus_better_end_, creativecore, eeeabsmobs, lionfishapi, traveloptics, cataclysm, curios, legendary_monsters, irons_spellbooks, attributeslib, entityculling, canary, tombstone, architectury, octolib, nerb, ferritecore, aiimprovements, embeddium_extra, cupboard, playerrevive, cdmoveset, epicfight, wom]
[28May2025 18:21:23.639] [Netty Epoll Server IO #3/DEBUG] [net.minecraftforge.network.NetworkRegistry/NETREGISTRY]: Channel 'dungeons_and_combat:dungeons_and_combat' : Version test of '1' from client : ACCEPTED
[28May2025 18:21:23.639] [Netty Epoll Server IO #3/DEBUG] [net.minecraftforge.network.NetworkRegistry/NETREGISTRY]: Channel 'alexscaves:main_channel' : Version test of '1' from client : ACCEPTED
[28May2025 18:21:23.639] [Netty Epoll Server IO #3/DEBUG] [net.minecraftforge.network.NetworkRegistry/NETREGISTRY]: Channel 'architectury:network' : Version test of '1' from client : ACCEPTED
[28May2025 18:21:23.639] [Netty Epoll Server IO #3/DEBUG] [net.minecraftforge.network.NetworkRegistry/NETREGISTRY]: Channel 'eeeabsmobs:net' : Version test of '1.0' from client : ACCEPTED
[28May2025 18:21:23.639] [Netty Epoll Server IO #3/DEBUG] [net.minecraftforge.network.NetworkRegistry/NETREGISTRY]: Channel 'jei:channel' : Version test of '1.0.0' from client : ACCEPTED
[28May2025 18:21:23.639] [Netty Epoll Server IO #3/DEBUG] [net.minecraftforge.network.NetworkRegistry/NETREGISTRY]: Channel 'legendary_monsters:main_channel' : Version test of '1' from client : ACCEPTED
[28May2025 18:21:23.639] [Netty Epoll Server IO #3/DEBUG] [net.minecraftforge.network.NetworkRegistry/NETREGISTRY]: Channel 'minecraft:unregister' : Version test of 'FML3' from client : ACCEPTED
[28May2025 18:21:23.639] [Netty Epoll Server IO #3/DEBUG] [net.minecraftforge.network.NetworkRegistry/NETREGISTRY]: Channel 'citadel:main_channel' : Version test of '1' from client : ACCEPTED
[28May2025 18:21:23.639] [Netty Epoll Server IO #3/DEBUG] [net.minecraftforge.network.NetworkRegistry/NETREGISTRY]: Channel 'journeymap:version' : Version test of '1' from client : ACCEPTED
[28May2025 18:21:23.639] [Netty Epoll Server IO #3/DEBUG] [net.minecraftforge.network.NetworkRegistry/NETREGISTRY]: Channel 'travelersbackpack:network' : Version test of 'travelersbackpack:1' from client : ACCEPTED
[28May2025 18:21:23.640] [Netty Epoll Server IO #3/DEBUG] [net.minecraftforge.network.NetworkRegistry/NETREGISTRY]: Channel 'modernfix:main' : Version test of '1' from client : ACCEPTED
[28May2025 18:21:23.640] [Netty Epoll Server IO #3/DEBUG] [net.minecraftforge.network.NetworkRegistry/NETREGISTRY]: Channel 'curios:main' : Version test of '1' from client : ACCEPTED
[28May2025 18:21:23.640] [Netty Epoll Server IO #3/DEBUG] [net.minecraftforge.network.NetworkRegistry/NETREGISTRY]: Channel 'placebo:placebo' : Version test of '1.0.0' from client : ACCEPTED
[28May2025 18:21:23.640] [Netty Epoll Server IO #3/DEBUG] [net.minecraftforge.network.NetworkRegistry/NETREGISTRY]: Channel 'worldinfo:world_id' : Version test of '1' from client : ACCEPTED
[28May2025 18:21:23.640] [Netty Epoll Server IO #3/DEBUG] [net.minecraftforge.network.NetworkRegistry/NETREGISTRY]: Channel 'attributeslib:attributeslib' : Version test of '1.0.0' from client : ACCEPTED
[28May2025 18:21:23.640] [Netty Epoll Server IO #3/DEBUG] [net.minecraftforge.network.NetworkRegistry/NETREGISTRY]: Channel 'journeymap:admin_req' : Version test of '1' from client : ACCEPTED
[28May2025 18:21:23.640] [Netty Epoll Server IO #3/DEBUG] [net.minecraftforge.network.NetworkRegistry/NETREGISTRY]: Channel 'cataclysm:main_channel' : Version test of '1' from client : ACCEPTED
[28May2025 18:21:23.640] [Netty Epoll Server IO #3/DEBUG] [net.minecraftforge.network.NetworkRegistry/NETREGISTRY]: Channel 'journeymap:mp_options_req' : Version test of '1' from client : ACCEPTED
[28May2025 18:21:23.640] [Netty Epoll Server IO #3/DEBUG] [net.minecraftforge.network.NetworkRegistry/NETREGISTRY]: Channel 'journeymap:waypoint' : Version test of '1' from client : ACCEPTED
[28May2025 18:21:23.640] [Netty Epoll Server IO #3/DEBUG] [net.minecraftforge.network.NetworkRegistry/NETREGISTRY]: Channel 'lionfishapi:main_channel' : Version test of '1' from client : ACCEPTED
[28May2025 18:21:23.640] [Netty Epoll Server IO #3/DEBUG] [net.minecraftforge.network.NetworkRegistry/NETREGISTRY]: Channel 'irons_spellbooks:messages' : Version test of '1.0' from client : ACCEPTED
[28May2025 18:21:23.640] [Netty Epoll Server IO #3/DEBUG] [net.minecraftforge.network.NetworkRegistry/NETREGISTRY]: Channel 'fml:loginwrapper' : Version test of 'FML3' from client : ACCEPTED
[28May2025 18:21:23.640] [Netty Epoll Server IO #3/DEBUG] [net.minecraftforge.network.NetworkRegistry/NETREGISTRY]: Channel 'forge:tier_sorting' : Version test of '1.0' from client : ACCEPTED
[28May2025 18:21:23.640] [Netty Epoll Server IO #3/DEBUG] [net.minecraftforge.network.NetworkRegistry/NETREGISTRY]: Channel 'tombstone:tombstone_channel' : Version test of 'tombstone-8.9.4' from client : ACCEPTED
[28May2025 18:21:23.640] [Netty Epoll Server IO #3/DEBUG] [net.minecraftforge.network.NetworkRegistry/NETREGISTRY]: Channel 'playerrevive:main' : Version test of '1' from client : ACCEPTED
[28May2025 18:21:23.640] [Netty Epoll Server IO #3/DEBUG] [net.minecraftforge.network.NetworkRegistry/NETREGISTRY]: Channel 'mowziesmobs:net' : Version test of '1' from client : ACCEPTED
[28May2025 18:21:23.640] [Netty Epoll Server IO #3/DEBUG] [net.minecraftforge.network.NetworkRegistry/NETREGISTRY]: Channel 'relics:network' : Version test of '1.0' from client : ACCEPTED
[28May2025 18:21:23.640] [Netty Epoll Server IO #3/DEBUG] [net.minecraftforge.network.NetworkRegistry/NETREGISTRY]: Channel 'mofus_better_end_:mofus_better_end_' : Version test of '1' from client : ACCEPTED
[28May2025 18:21:23.640] [Netty Epoll Server IO #3/DEBUG] [net.minecraftforge.network.NetworkRegistry/NETREGISTRY]: Channel 'fml:play' : Version test of 'FML3' from client : ACCEPTED
[28May2025 18:21:23.640] [Netty Epoll Server IO #3/DEBUG] [net.minecraftforge.network.NetworkRegistry/NETREGISTRY]: Channel 'journeymap:admin_save' : Version test of '1' from client : ACCEPTED
[28May2025 18:21:23.640] [Netty Epoll Server IO #3/DEBUG] [net.minecraftforge.network.NetworkRegistry/NETREGISTRY]: Channel 'journeymap:player_loc' : Version test of '1' from client : ACCEPTED
[28May2025 18:21:23.640] [Netty Epoll Server IO #3/DEBUG] [net.minecraftforge.network.NetworkRegistry/NETREGISTRY]: Channel 'creativecore:main' : Version test of '1' from client : ACCEPTED
[28May2025 18:21:23.640] [Netty Epoll Server IO #3/DEBUG] [net.minecraftforge.network.NetworkRegistry/NETREGISTRY]: Channel 'cdmoveset:network_manager' : Version test of '1' from client : ACCEPTED
[28May2025 18:21:23.640] [Netty Epoll Server IO #3/DEBUG] [net.minecraftforge.network.NetworkRegistry/NETREGISTRY]: Channel 'journeymap:teleport_req' : Version test of '1' from client : ACCEPTED
[28May2025 18:21:23.640] [Netty Epoll Server IO #3/DEBUG] [net.minecraftforge.network.NetworkRegistry/NETREGISTRY]: Channel 'epicfight:network_manager' : Version test of '1' from client : ACCEPTED
[28May2025 18:21:23.641] [Netty Epoll Server IO #3/DEBUG] [net.minecraftforge.network.NetworkRegistry/NETREGISTRY]: Channel 'caelus:main' : Version test of '1' from client : ACCEPTED
[28May2025 18:21:23.641] [Netty Epoll Server IO #3/DEBUG] [net.minecraftforge.network.NetworkRegistry/NETREGISTRY]: Channel 'traveloptics:main_channel' : Version test of '1' from client : ACCEPTED
[28May2025 18:21:23.641] [Netty Epoll Server IO #3/DEBUG] [net.minecraftforge.network.NetworkRegistry/NETREGISTRY]: Channel 'fml:handshake' : Version test of 'FML3' from client : ACCEPTED
[28May2025 18:21:23.641] [Netty Epoll Server IO #3/DEBUG] [net.minecraftforge.network.NetworkRegistry/NETREGISTRY]: Channel 'journeymap:common' : Version test of '1' from client : ACCEPTED
[28May2025 18:21:23.641] [Netty Epoll Server IO #3/DEBUG] [net.minecraftforge.network.NetworkRegistry/NETREGISTRY]: Channel 'traveloptics:traveloptics' : Version test of '1' from client : ACCEPTED
[28May2025 18:21:23.641] [Netty Epoll Server IO #3/DEBUG] [net.minecraftforge.network.NetworkRegistry/NETREGISTRY]: Channel 'minecraft:register' : Version test of 'FML3' from client : ACCEPTED
[28May2025 18:21:23.641] [Netty Epoll Server IO #3/DEBUG] [net.minecraftforge.network.NetworkRegistry/NETREGISTRY]: Channel 'forge:split' : Version test of '1.1' from client : ACCEPTED
[28May2025 18:21:23.641] [Netty Epoll Server IO #3/DEBUG] [net.minecraftforge.network.NetworkRegistry/NETREGISTRY]: Channel 'journeymap:perm_req' : Version test of '1' from client : ACCEPTED
[28May2025 18:21:23.641] [Netty Epoll Server IO #3/DEBUG] [net.minecraftforge.network.NetworkRegistry/NETREGISTRY]: Channel 'geckolib:main' : Version test of '1' from client : ACCEPTED
[28May2025 18:21:23.641] [Netty Epoll Server IO #3/DEBUG] [net.minecraftforge.network.NetworkRegistry/NETREGISTRY]: Accepting channel list from client
[28May2025 18:21:23.641] [Netty Epoll Server IO #3/DEBUG] [net.minecraftforge.network.HandshakeHandler/FMLHANDSHAKE]: Accepted client connection mod list
[28May2025 18:21:23.642] [Netty Epoll Server IO #3/DEBUG] [net.minecraftforge.network.LoginWrapper/FMLHANDSHAKE]: Recieved login wrapper packet event for channel fml:handshake with index 2
[28May2025 18:21:23.642] [Netty Epoll Server IO #3/DEBUG] [net.minecraftforge.network.HandshakeHandler/FMLHANDSHAKE]: Received client indexed reply 2 of type net.minecraftforge.network.HandshakeMessages$C2SAcknowledge
[28May2025 18:21:23.642] [Netty Epoll Server IO #3/DEBUG] [net.minecraftforge.network.HandshakeHandler/FMLHANDSHAKE]: Received acknowledgement from client
[28May2025 18:21:23.642] [Netty Epoll Server IO #3/DEBUG] [net.minecraftforge.network.LoginWrapper/FMLHANDSHAKE]: Recieved login wrapper packet event for channel fml:handshake with index 3
[28May2025 18:21:23.642] [Netty Epoll Server IO #3/DEBUG] [net.minecraftforge.network.HandshakeHandler/FMLHANDSHAKE]: Received client indexed reply 3 of type net.minecraftforge.network.HandshakeMessages$C2SAcknowledge
[28May2025 18:21:23.642] [Netty Epoll Server IO #3/DEBUG] [net.minecraftforge.network.HandshakeHandler/FMLHANDSHAKE]: Received acknowledgement from client
[28May2025 18:21:23.642] [Netty Epoll Server IO #3/DEBUG] [net.minecraftforge.network.LoginWrapper/FMLHANDSHAKE]: Recieved login wrapper packet event for channel fml:handshake with index 4
[28May2025 18:21:23.642] [Netty Epoll Server IO #3/DEBUG] [net.minecraftforge.network.HandshakeHandler/FMLHANDSHAKE]: Received client indexed reply 4 of type net.minecraftforge.network.HandshakeMessages$C2SAcknowledge
[28May2025 18:21:23.642] [Netty Epoll Server IO #3/DEBUG] [net.minecraftforge.network.HandshakeHandler/FMLHANDSHAKE]: Received acknowledgement from client
[28May2025 18:21:23.653] [Server thread/DEBUG] [net.minecraftforge.network.HandshakeHandler/FMLHANDSHAKE]: Sending ticking packet info 'Registry minecraft:menu' to 'fml:handshake' sequence 11
[28May2025 18:21:23.700] [Server thread/DEBUG] [net.minecraftforge.network.HandshakeHandler/FMLHANDSHAKE]: Sending ticking packet info 'Registry minecraft:fluid' to 'fml:handshake' sequence 12
[28May2025 18:21:23.752] [Server thread/DEBUG] [net.minecraftforge.network.HandshakeHandler/FMLHANDSHAKE]: Sending ticking packet info 'Registry epicfight:skill' to 'fml:handshake' sequence 13
[28May2025 18:21:23.802] [Server thread/DEBUG] [net.minecraftforge.network.HandshakeHandler/FMLHANDSHAKE]: Sending ticking packet info 'Registry minecraft:recipe_serializer' to 'fml:handshake' sequence 14
[28May2025 18:21:23.851] [Server thread/DEBUG] [net.minecraftforge.network.HandshakeHandler/FMLHANDSHAKE]: Sending ticking packet info 'Registry minecraft:sound_event' to 'fml:handshake' sequence 15
[28May2025 18:21:23.902] [Server thread/DEBUG] [net.minecraftforge.network.HandshakeHandler/FMLHANDSHAKE]: Sending ticking packet info 'Registry minecraft:particle_type' to 'fml:handshake' sequence 16
[28May2025 18:21:23.951] [Server thread/DEBUG] [net.minecraftforge.network.HandshakeHandler/FMLHANDSHAKE]: Sending ticking packet info 'Registry minecraft:painting_variant' to 'fml:handshake' sequence 17
[28May2025 18:21:24.000] [Server thread/DEBUG] [net.minecraftforge.network.HandshakeHandler/FMLHANDSHAKE]: Sending ticking packet info 'Registry forge:fluid_type' to 'fml:handshake' sequence 18
[28May2025 18:21:24.051] [Server thread/DEBUG] [net.minecraftforge.network.HandshakeHandler/FMLHANDSHAKE]: Sending ticking packet info 'Registry epicfight:skill_data_keys' to 'fml:handshake' sequence 19
[28May2025 18:21:24.100] [Server thread/DEBUG] [net.minecraftforge.network.HandshakeHandler/FMLHANDSHAKE]: Sending ticking packet info 'Registry minecraft:block' to 'fml:handshake' sequence 20
[28May2025 18:21:24.151] [Server thread/DEBUG] [net.minecraftforge.network.HandshakeHandler/FMLHANDSHAKE]: Sending ticking packet info 'Registry forge:entity_data_serializers' to 'fml:handshake' sequence 21
[28May2025 18:21:24.200] [Server thread/DEBUG] [net.minecraftforge.network.HandshakeHandler/FMLHANDSHAKE]: Sending ticking packet info 'Registry minecraft:mob_effect' to 'fml:handshake' sequence 22
[28May2025 18:21:24.251] [Server thread/DEBUG] [net.minecraftforge.network.HandshakeHandler/FMLHANDSHAKE]: Sending ticking packet info 'Registry tombstone:perks' to 'fml:handshake' sequence 23
[28May2025 18:21:24.299] [Server thread/DEBUG] [net.minecraftforge.network.HandshakeHandler/FMLHANDSHAKE]: Sending ticking packet info 'Registry epicfight:conditions' to 'fml:handshake' sequence 24
[28May2025 18:21:24.351] [Server thread/DEBUG] [net.minecraftforge.network.HandshakeHandler/FMLHANDSHAKE]: Sending ticking packet info 'Registry minecraft:enchantment' to 'fml:handshake' sequence 25
[28May2025 18:21:24.402] [Server thread/DEBUG] [net.minecraftforge.network.HandshakeHandler/FMLHANDSHAKE]: Sending ticking packet info 'Registry minecraft:entity_type' to 'fml:handshake' sequence 26
[28May2025 18:21:24.454] [Server thread/DEBUG] [net.minecraftforge.network.HandshakeHandler/FMLHANDSHAKE]: Sending ticking packet info 'Config journeymap-server.toml' to 'fml:handshake' sequence 27
[28May2025 18:21:24.501] [Server thread/DEBUG] [net.minecraftforge.network.HandshakeHandler/FMLHANDSHAKE]: Sending ticking packet info 'Config curios-server.toml' to 'fml:handshake' sequence 28
[28May2025 18:21:24.551] [Server thread/DEBUG] [net.minecraftforge.network.HandshakeHandler/FMLHANDSHAKE]: Sending ticking packet info 'Config irons_spellbooks-server.toml' to 'fml:handshake' sequence 29
[28May2025 18:21:24.600] [Server thread/DEBUG] [net.minecraftforge.network.HandshakeHandler/FMLHANDSHAKE]: Sending ticking packet info 'Config tombstone-server.toml' to 'fml:handshake' sequence 30
[28May2025 18:21:24.650] [Server thread/DEBUG] [net.minecraftforge.network.HandshakeHandler/FMLHANDSHAKE]: Sending ticking packet info 'Config travelersbackpack-server.toml' to 'fml:handshake' sequence 31
[28May2025 18:21:24.702] [Server thread/DEBUG] [net.minecraftforge.network.HandshakeHandler/FMLHANDSHAKE]: Sending ticking packet info 'Config jei-server.toml' to 'fml:handshake' sequence 32
[28May2025 18:21:24.753] [Server thread/DEBUG] [net.minecraftforge.network.HandshakeHandler/FMLHANDSHAKE]: Sending ticking packet info 'Config forge-server.toml' to 'fml:handshake' sequence 33
[28May2025 18:21:26.141] [Netty Epoll Server IO #3/DEBUG] [net.minecraftforge.network.LoginWrapper/FMLHANDSHAKE]: Recieved login wrapper packet event for channel fml:handshake with index 5
[28May2025 18:21:26.142] [Netty Epoll Server IO #3/DEBUG] [net.minecraftforge.network.HandshakeHandler/FMLHANDSHAKE]: Received client indexed reply 5 of type net.minecraftforge.network.HandshakeMessages$C2SAcknowledge
[28May2025 18:21:26.142] [Netty Epoll Server IO #3/DEBUG] [net.minecraftforge.network.HandshakeHandler/FMLHANDSHAKE]: Received acknowledgement from client
[28May2025 18:21:26.142] [Netty Epoll Server IO #3/DEBUG] [net.minecraftforge.network.LoginWrapper/FMLHANDSHAKE]: Recieved login wrapper packet event for channel fml:handshake with index 6
[28May2025 18:21:26.142] [Netty Epoll Server IO #3/DEBUG] [net.minecraftforge.network.HandshakeHandler/FMLHANDSHAKE]: Received client indexed reply 6 of type net.minecraftforge.network.HandshakeMessages$C2SAcknowledge
[28May2025 18:21:26.142] [Netty Epoll Server IO #3/DEBUG] [net.minecraftforge.network.HandshakeHandler/FMLHANDSHAKE]: Received acknowledgement from client
[28May2025 18:21:26.212] [Netty Epoll Server IO #3/DEBUG] [net.minecraftforge.network.LoginWrapper/FMLHANDSHAKE]: Recieved login wrapper packet event for channel fml:handshake with index 7
[28May2025 18:21:26.213] [Netty Epoll Server IO #3/DEBUG] [net.minecraftforge.network.HandshakeHandler/FMLHANDSHAKE]: Received client indexed reply 7 of type net.minecraftforge.network.HandshakeMessages$C2SAcknowledge
[28May2025 18:21:26.213] [Netty Epoll Server IO #3/DEBUG] [net.minecraftforge.network.HandshakeHandler/FMLHANDSHAKE]: Received acknowledgement from client
[28May2025 18:21:26.213] [Netty Epoll Server IO #3/DEBUG] [net.minecraftforge.network.LoginWrapper/FMLHANDSHAKE]: Recieved login wrapper packet event for channel fml:handshake with index 8
[28May2025 18:21:26.213] [Netty Epoll Server IO #3/DEBUG] [net.minecraftforge.network.HandshakeHandler/FMLHANDSHAKE]: Received client indexed reply 8 of type net.minecraftforge.network.HandshakeMessages$C2SAcknowledge
[28May2025 18:21:26.213] [Netty Epoll Server IO #3/DEBUG] [net.minecraftforge.network.HandshakeHandler/FMLHANDSHAKE]: Received acknowledgement from client
[28May2025 18:21:26.262] [Netty Epoll Server IO #3/DEBUG] [net.minecraftforge.network.LoginWrapper/FMLHANDSHAKE]: Recieved login wrapper packet event for channel fml:handshake with index 9
[28May2025 18:21:26.263] [Netty Epoll Server IO #3/DEBUG] [net.minecraftforge.network.HandshakeHandler/FMLHANDSHAKE]: Received client indexed reply 9 of type net.minecraftforge.network.HandshakeMessages$C2SAcknowledge
[28May2025 18:21:26.263] [Netty Epoll Server IO #3/DEBUG] [net.minecraftforge.network.HandshakeHandler/FMLHANDSHAKE]: Received acknowledgement from client
[28May2025 18:21:26.263] [Netty Epoll Server IO #3/DEBUG] [net.minecraftforge.network.LoginWrapper/FMLHANDSHAKE]: Recieved login wrapper packet event for channel fml:handshake with index 10
[28May2025 18:21:26.263] [Netty Epoll Server IO #3/DEBUG] [net.minecraftforge.network.HandshakeHandler/FMLHANDSHAKE]: Received client indexed reply 10 of type net.minecraftforge.network.HandshakeMessages$C2SAcknowledge
[28May2025 18:21:26.263] [Netty Epoll Server IO #3/DEBUG] [net.minecraftforge.network.HandshakeHandler/FMLHANDSHAKE]: Received acknowledgement from client
[28May2025 18:21:26.263] [Netty Epoll Server IO #3/DEBUG] [net.minecraftforge.network.LoginWrapper/FMLHANDSHAKE]: Recieved login wrapper packet event for channel fml:handshake with index 11
[28May2025 18:21:26.263] [Netty Epoll Server IO #3/DEBUG] [net.minecraftforge.network.HandshakeHandler/FMLHANDSHAKE]: Received client indexed reply 11 of type net.minecraftforge.network.HandshakeMessages$C2SAcknowledge
[28May2025 18:21:26.263] [Netty Epoll Server IO #3/DEBUG] [net.minecraftforge.network.HandshakeHandler/FMLHANDSHAKE]: Received acknowledgement from client
[28May2025 18:21:26.351] [Netty Epoll Server IO #3/DEBUG] [net.minecraftforge.network.LoginWrapper/FMLHANDSHAKE]: Recieved login wrapper packet event for channel fml:handshake with index 12
[28May2025 18:21:26.352] [Netty Epoll Server IO #3/DEBUG] [net.minecraftforge.network.HandshakeHandler/FMLHANDSHAKE]: Received client indexed reply 12 of type net.minecraftforge.network.HandshakeMessages$C2SAcknowledge
[28May2025 18:21:26.352] [Netty Epoll Server IO #3/DEBUG] [net.minecraftforge.network.HandshakeHandler/FMLHANDSHAKE]: Received acknowledgement from client
[28May2025 18:21:26.352] [Netty Epoll Server IO #3/DEBUG] [net.minecraftforge.network.LoginWrapper/FMLHANDSHAKE]: Recieved login wrapper packet event for channel fml:handshake with index 13
[28May2025 18:21:26.352] [Netty Epoll Server IO #3/DEBUG] [net.minecraftforge.network.HandshakeHandler/FMLHANDSHAKE]: Received client indexed reply 13 of type net.minecraftforge.network.HandshakeMessages$C2SAcknowledge
[28May2025 18:21:26.352] [Netty Epoll Server IO #3/DEBUG] [net.minecraftforge.network.HandshakeHandler/FMLHANDSHAKE]: Received acknowledgement from client
[28May2025 18:21:26.352] [Netty Epoll Server IO #3/DEBUG] [net.minecraftforge.network.LoginWrapper/FMLHANDSHAKE]: Recieved login wrapper packet event for channel fml:handshake with index 14
[28May2025 18:21:26.352] [Netty Epoll Server IO #3/DEBUG] [net.minecraftforge.network.HandshakeHandler/FMLHANDSHAKE]: Received client indexed reply 14 of type net.minecraftforge.network.HandshakeMessages$C2SAcknowledge
[28May2025 18:21:26.352] [Netty Epoll Server IO #3/DEBUG] [net.minecraftforge.network.HandshakeHandler/FMLHANDSHAKE]: Received acknowledgement from client
[28May2025 18:21:27.216] [Netty Epoll Server IO #3/DEBUG] [net.minecraftforge.network.LoginWrapper/FMLHANDSHAKE]: Recieved login wrapper packet event for channel fml:handshake with index 15
[28May2025 18:21:27.216] [Netty Epoll Server IO #3/DEBUG] [net.minecraftforge.network.HandshakeHandler/FMLHANDSHAKE]: Received client indexed reply 15 of type net.minecraftforge.network.HandshakeMessages$C2SAcknowledge
[28May2025 18:21:27.216] [Netty Epoll Server IO #3/DEBUG] [net.minecraftforge.network.HandshakeHandler/FMLHANDSHAKE]: Received acknowledgement from client
[28May2025 18:21:27.288] [Netty Epoll Server IO #3/DEBUG] [net.minecraftforge.network.LoginWrapper/FMLHANDSHAKE]: Recieved login wrapper packet event for channel fml:handshake with index 16
[28May2025 18:21:27.288] [Netty Epoll Server IO #3/DEBUG] [net.minecraftforge.network.HandshakeHandler/FMLHANDSHAKE]: Received client indexed reply 16 of type net.minecraftforge.network.HandshakeMessages$C2SAcknowledge
[28May2025 18:21:27.288] [Netty Epoll Server IO #3/DEBUG] [net.minecraftforge.network.HandshakeHandler/FMLHANDSHAKE]: Received acknowledgement from client
[28May2025 18:21:27.288] [Netty Epoll Server IO #3/DEBUG] [net.minecraftforge.network.LoginWrapper/FMLHANDSHAKE]: Recieved login wrapper packet event for channel fml:handshake with index 17
[28May2025 18:21:27.288] [Netty Epoll Server IO #3/DEBUG] [net.minecraftforge.network.HandshakeHandler/FMLHANDSHAKE]: Received client indexed reply 17 of type net.minecraftforge.network.HandshakeMessages$C2SAcknowledge
[28May2025 18:21:27.288] [Netty Epoll Server IO #3/DEBUG] [net.minecraftforge.network.HandshakeHandler/FMLHANDSHAKE]: Received acknowledgement from client
[28May2025 18:21:27.288] [Netty Epoll Server IO #3/DEBUG] [net.minecraftforge.network.LoginWrapper/FMLHANDSHAKE]: Recieved login wrapper packet event for channel fml:handshake with index 18
[28May2025 18:21:27.289] [Netty Epoll Server IO #3/DEBUG] [net.minecraftforge.network.HandshakeHandler/FMLHANDSHAKE]: Received client indexed reply 18 of type net.minecraftforge.network.HandshakeMessages$C2SAcknowledge
[28May2025 18:21:27.289] [Netty Epoll Server IO #3/DEBUG] [net.minecraftforge.network.HandshakeHandler/FMLHANDSHAKE]: Received acknowledgement from client
[28May2025 18:21:27.289] [Netty Epoll Server IO #3/DEBUG] [net.minecraftforge.network.LoginWrapper/FMLHANDSHAKE]: Recieved login wrapper packet event for channel fml:handshake with index 19
[28May2025 18:21:27.289] [Netty Epoll Server IO #3/DEBUG] [net.minecraftforge.network.HandshakeHandler/FMLHANDSHAKE]: Received client indexed reply 19 of type net.minecraftforge.network.HandshakeMessages$C2SAcknowledge
[28May2025 18:21:27.289] [Netty Epoll Server IO #3/DEBUG] [net.minecraftforge.network.HandshakeHandler/FMLHANDSHAKE]: Received acknowledgement from client
[28May2025 18:21:27.647] [Netty Epoll Server IO #3/DEBUG] [net.minecraftforge.network.LoginWrapper/FMLHANDSHAKE]: Recieved login wrapper packet event for channel fml:handshake with index 20
[28May2025 18:21:27.647] [Netty Epoll Server IO #3/DEBUG] [net.minecraftforge.network.HandshakeHandler/FMLHANDSHAKE]: Received client indexed reply 20 of type net.minecraftforge.network.HandshakeMessages$C2SAcknowledge
[28May2025 18:21:27.647] [Netty Epoll Server IO #3/DEBUG] [net.minecraftforge.network.HandshakeHandler/FMLHANDSHAKE]: Received acknowledgement from client
[28May2025 18:21:27.647] [Netty Epoll Server IO #3/DEBUG] [net.minecraftforge.network.LoginWrapper/FMLHANDSHAKE]: Recieved login wrapper packet event for channel fml:handshake with index 21
[28May2025 18:21:27.647] [Netty Epoll Server IO #3/DEBUG] [net.minecraftforge.network.HandshakeHandler/FMLHANDSHAKE]: Received client indexed reply 21 of type net.minecraftforge.network.HandshakeMessages$C2SAcknowledge
[28May2025 18:21:27.647] [Netty Epoll Server IO #3/DEBUG] [net.minecraftforge.network.HandshakeHandler/FMLHANDSHAKE]: Received acknowledgement from client
[28May2025 18:21:27.718] [Netty Epoll Server IO #3/DEBUG] [net.minecraftforge.network.LoginWrapper/FMLHANDSHAKE]: Recieved login wrapper packet event for channel fml:handshake with index 22
[28May2025 18:21:27.719] [Netty Epoll Server IO #3/DEBUG] [net.minecraftforge.network.HandshakeHandler/FMLHANDSHAKE]: Received client indexed reply 22 of type net.minecraftforge.network.HandshakeMessages$C2SAcknowledge
[28May2025 18:21:27.719] [Netty Epoll Server IO #3/DEBUG] [net.minecraftforge.network.HandshakeHandler/FMLHANDSHAKE]: Received acknowledgement from client
[28May2025 18:21:27.719] [Netty Epoll Server IO #3/DEBUG] [net.minecraftforge.network.LoginWrapper/FMLHANDSHAKE]: Recieved login wrapper packet event for channel fml:handshake with index 23
[28May2025 18:21:27.719] [Netty Epoll Server IO #3/DEBUG] [net.minecraftforge.network.HandshakeHandler/FMLHANDSHAKE]: Received client indexed reply 23 of type net.minecraftforge.network.HandshakeMessages$C2SAcknowledge
[28May2025 18:21:27.719] [Netty Epoll Server IO #3/DEBUG] [net.minecraftforge.network.HandshakeHandler/FMLHANDSHAKE]: Received acknowledgement from client
[28May2025 18:21:27.719] [Netty Epoll Server IO #3/DEBUG] [net.minecraftforge.network.LoginWrapper/FMLHANDSHAKE]: Recieved login wrapper packet event for channel fml:handshake with index 24
[28May2025 18:21:27.719] [Netty Epoll Server IO #3/DEBUG] [net.minecraftforge.network.HandshakeHandler/FMLHANDSHAKE]: Received client indexed reply 24 of type net.minecraftforge.network.HandshakeMessages$C2SAcknowledge
[28May2025 18:21:27.719] [Netty Epoll Server IO #3/DEBUG] [net.minecraftforge.network.HandshakeHandler/FMLHANDSHAKE]: Received acknowledgement from client
[28May2025 18:21:27.767] [Netty Epoll Server IO #3/DEBUG] [net.minecraftforge.network.LoginWrapper/FMLHANDSHAKE]: Recieved login wrapper packet event for channel fml:handshake with index 25
[28May2025 18:21:27.767] [Netty Epoll Server IO #3/DEBUG] [net.minecraftforge.network.HandshakeHandler/FMLHANDSHAKE]: Received client indexed reply 25 of type net.minecraftforge.network.HandshakeMessages$C2SAcknowledge
[28May2025 18:21:27.768] [Netty Epoll Server IO #3/DEBUG] [net.minecraftforge.network.HandshakeHandler/FMLHANDSHAKE]: Received acknowledgement from client
[28May2025 18:21:27.940] [Netty Epoll Server IO #3/DEBUG] [net.minecraftforge.network.LoginWrapper/FMLHANDSHAKE]: Recieved login wrapper packet event for channel fml:handshake with index 26
[28May2025 18:21:27.940] [Netty Epoll Server IO #3/DEBUG] [net.minecraftforge.network.HandshakeHandler/FMLHANDSHAKE]: Received client indexed reply 26 of type net.minecraftforge.network.HandshakeMessages$C2SAcknowledge
[28May2025 18:21:27.940] [Netty Epoll Server IO #3/DEBUG] [net.minecraftforge.network.HandshakeHandler/FMLHANDSHAKE]: Received acknowledgement from client
[28May2025 18:21:27.942] [Netty Epoll Server IO #3/DEBUG] [net.minecraftforge.network.LoginWrapper/FMLHANDSHAKE]: Recieved login wrapper packet event for channel fml:handshake with index 27
[28May2025 18:21:27.942] [Netty Epoll Server IO #3/DEBUG] [net.minecraftforge.network.HandshakeHandler/FMLHANDSHAKE]: Received client indexed reply 27 of type net.minecraftforge.network.HandshakeMessages$C2SAcknowledge
[28May2025 18:21:27.942] [Netty Epoll Server IO #3/DEBUG] [net.minecraftforge.network.HandshakeHandler/FMLHANDSHAKE]: Received acknowledgement from client
[28May2025 18:21:27.943] [Netty Epoll Server IO #3/DEBUG] [net.minecraftforge.network.LoginWrapper/FMLHANDSHAKE]: Recieved login wrapper packet event for channel fml:handshake with index 28
[28May2025 18:21:27.943] [Netty Epoll Server IO #3/DEBUG] [net.minecraftforge.network.HandshakeHandler/FMLHANDSHAKE]: Received client indexed reply 28 of type net.minecraftforge.network.HandshakeMessages$C2SAcknowledge
[28May2025 18:21:27.943] [Netty Epoll Server IO #3/DEBUG] [net.minecraftforge.network.HandshakeHandler/FMLHANDSHAKE]: Received acknowledgement from client
[28May2025 18:21:28.078] [Netty Epoll Server IO #3/DEBUG] [net.minecraftforge.network.LoginWrapper/FMLHANDSHAKE]: Recieved login wrapper packet event for channel fml:handshake with index 29
[28May2025 18:21:28.078] [Netty Epoll Server IO #3/DEBUG] [net.minecraftforge.network.HandshakeHandler/FMLHANDSHAKE]: Received client indexed reply 29 of type net.minecraftforge.network.HandshakeMessages$C2SAcknowledge
[28May2025 18:21:28.078] [Netty Epoll Server IO #3/DEBUG] [net.minecraftforge.network.HandshakeHandler/FMLHANDSHAKE]: Received acknowledgement from client
[28May2025 18:21:28.079] [Netty Epoll Server IO #3/DEBUG] [net.minecraftforge.network.LoginWrapper/FMLHANDSHAKE]: Recieved login wrapper packet event for channel fml:handshake with index 30
[28May2025 18:21:28.079] [Netty Epoll Server IO #3/DEBUG] [net.minecraftforge.network.HandshakeHandler/FMLHANDSHAKE]: Received client indexed reply 30 of type net.minecraftforge.network.HandshakeMessages$C2SAcknowledge
[28May2025 18:21:28.079] [Netty Epoll Server IO #3/DEBUG] [net.minecraftforge.network.HandshakeHandler/FMLHANDSHAKE]: Received acknowledgement from client
[28May2025 18:21:28.149] [Netty Epoll Server IO #3/DEBUG] [net.minecraftforge.network.LoginWrapper/FMLHANDSHAKE]: Recieved login wrapper packet event for channel fml:handshake with index 31
[28May2025 18:21:28.149] [Netty Epoll Server IO #3/DEBUG] [net.minecraftforge.network.HandshakeHandler/FMLHANDSHAKE]: Received client indexed reply 31 of type net.minecraftforge.network.HandshakeMessages$C2SAcknowledge
[28May2025 18:21:28.149] [Netty Epoll Server IO #3/DEBUG] [net.minecraftforge.network.HandshakeHandler/FMLHANDSHAKE]: Received acknowledgement from client
[28May2025 18:21:28.149] [Netty Epoll Server IO #3/DEBUG] [net.minecraftforge.network.LoginWrapper/FMLHANDSHAKE]: Recieved login wrapper packet event for channel fml:handshake with index 32
[28May2025 18:21:28.149] [Netty Epoll Server IO #3/DEBUG] [net.minecraftforge.network.HandshakeHandler/FMLHANDSHAKE]: Received client indexed reply 32 of type net.minecraftforge.network.HandshakeMessages$C2SAcknowledge
[28May2025 18:21:28.149] [Netty Epoll Server IO #3/DEBUG] [net.minecraftforge.network.HandshakeHandler/FMLHANDSHAKE]: Received acknowledgement from client
[28May2025 18:21:28.150] [Netty Epoll Server IO #3/DEBUG] [net.minecraftforge.network.LoginWrapper/FMLHANDSHAKE]: Recieved login wrapper packet event for channel fml:handshake with index 33
[28May2025 18:21:28.150] [Netty Epoll Server IO #3/DEBUG] [net.minecraftforge.network.HandshakeHandler/FMLHANDSHAKE]: Received client indexed reply 33 of type net.minecraftforge.network.HandshakeMessages$C2SAcknowledge
[28May2025 18:21:28.150] [Netty Epoll Server IO #3/DEBUG] [net.minecraftforge.network.HandshakeHandler/FMLHANDSHAKE]: Received acknowledgement from client
[28May2025 18:21:28.201] [Server thread/DEBUG] [net.minecraftforge.network.HandshakeHandler/FMLHANDSHAKE]: Handshake complete!
[28May2025 18:21:28.272] [Server thread/DEBUG] [mixin/]: Mixing FoodDataMixin from alexscaves.mixins.json into net.minecraft.world.food.FoodData
[28May2025 18:21:28.275] [Server thread/DEBUG] [mixin/]: Mixing AbilitiesMixin from attributeslib.mixins.json into net.minecraft.world.entity.player.Abilities
[28May2025 18:21:28.375] [Server thread/INFO] [net.minecraft.server.players.PlayerList/]: Jhonxd592[/127.33.255.94:60941] logged in with entity id 1012 at (-6892.300000011921, 195.0, -11872.528664901422)
[28May2025 18:21:28.383] [Server thread/DEBUG] [net.minecraftforge.network.filters.NetworkFilters/]: Injected net.minecraftforge.network.filters.ForgeConnectionNetworkFilter@5bd0ff55 into net.minecraft.network.Connection@c2d1e62
[28May2025 18:21:28.410] [Server thread/DEBUG] [ModernFix/]: Sending ID correction packet to client with 489 classes
[28May2025 18:21:28.454] [Server thread/INFO] [net.minecraft.server.MinecraftServer/]: Jhonxd592 joined the game
[28May2025 18:21:28.584] [Server thread/DEBUG] [ModernFix/]: Using cached upgraded version of alexscaves:underground_cabin_2
[28May2025 18:21:29.130] [Server thread/DEBUG] [mixin/]: Mixing cached_hashcode.BlockStatePairKeyMixin from canary.mixins.json into net.minecraft.world.level.block.Block$BlockStatePairKey
[28May2025 18:21:29.891] [Server thread/DEBUG] [ModernFix/]: Using cached upgraded version of terralith:underground/smallminingoutpost
[28May2025 18:21:30.277] [Server thread/DEBUG] [mixin/]: Generating mapped inner class net/minecraft/world/level/chunk/storage/SectionStorage$Anonymous$58bb22076a404d6e8d5ae68cc1c3e508 (originally com/abdelaziz/canary/mixin/ai/poi/SectionStorageMixin$1)
[28May2025 18:21:39.914] [Server thread/INFO] [net.minecraft.server.MinecraftServer/]: Set the time to 1000
[28May2025 18:22:11.347] [Server thread/INFO] [com.esm.nightmare.MobBehavs.SpawnRideableMob/]: ESM - Init Rideable EntityEntity_Type and Jockey Lists...
[28May2025 18:22:11.347] [Server thread/INFO] [com.esm.nightmare.MobBehavs.SpawnRideableMob/]: RideListLength = 7
[28May2025 18:22:11.348] [Server thread/INFO] [com.esm.nightmare.MobBehavs.SpawnRideableMob/]: RideList = creeper,spider,skeleton,chicken,pig,skeleton horse,zombie horse,
[28May2025 18:22:11.348] [Server thread/INFO] [com.esm.nightmare.MobBehavs.SpawnRideableMob/]: Jockey List Length = 7
[28May2025 18:22:11.348] [Server thread/INFO] [com.esm.nightmare.MobBehavs.SpawnRideableMob/]: JockeyList = creeper,skeleton,zombie,pillager,vindicator,witch,zombified piglin,
[28May2025 18:22:11.350] [Server thread/INFO] [com.esm.nightmare.MobBehavs.SpawnRideableMob/]: Spawning Jockey at: BlockPos{x=-6922, y=178, z=-11904}
[28May2025 18:22:25.105] [Server thread/DEBUG] [io.redspace.ironsspellbooks.IronsSpellbooks/]: AppendLootModifier.doApply irons_spellbooks:chests/additional_generic_loot
[28May2025 18:22:33.695] [Server thread/INFO] [com.esm.nightmare.MobBehavs.SpawnRideableMob/]: ESM - Init Rideable EntityEntity_Type and Jockey Lists...
[28May2025 18:24:15.395] [Server thread/INFO] [com.esm.nightmare.MobBehavs.SpawnRideableMob/]: ESM - Init Rideable EntityEntity_Type and Jockey Lists...
[28May2025 18:24:15.395] [Server thread/INFO] [com.esm.nightmare.MobBehavs.SpawnRideableMob/]: Spawning Jockey at: BlockPos{x=-6821, y=146, z=-11897}
[28May2025 18:24:25.296] [Server thread/INFO] [com.esm.nightmare.MobBehavs.SpawnRideableMob/]: ESM - Init Rideable EntityEntity_Type and Jockey Lists...
[28May2025 18:24:25.296] [Server thread/INFO] [com.esm.nightmare.MobBehavs.SpawnRideableMob/]: Spawning Jockey at: BlockPos{x=-6974, y=153, z=-11953}
[28May2025 18:24:25.297] [Server thread/INFO] [com.esm.nightmare.MobBehavs.SpawnRideableMob/]: ESM - Init Rideable EntityEntity_Type and Jockey Lists...
[28May2025 18:24:25.298] [Server thread/INFO] [com.esm.nightmare.MobBehavs.SpawnRideableMob/]: Spawning Jockey at: BlockPos{x=-6974, y=153, z=-11951}
[28May2025 18:25:19.645] [Server thread/INFO] [com.esm.nightmare.MobBehavs.SpawnRideableMob/]: ESM - Init Rideable EntityEntity_Type and Jockey Lists...
[28May2025 18:25:33.096] [Server thread/INFO] [com.esm.nightmare.MobBehavs.SpawnRideableMob/]: ESM - Init Rideable EntityEntity_Type and Jockey Lists...
[28May2025 18:25:33.096] [Server thread/INFO] [com.esm.nightmare.MobBehavs.SpawnRideableMob/]: Spawning Jockey at: BlockPos{x=-6815, y=143, z=-11936}
[28May2025 18:25:35.593] [Server thread/INFO] [com.esm.nightmare.MobBehavs.SpawnRideableMob/]: ESM - Init Rideable EntityEntity_Type and Jockey Lists...
[28May2025 18:25:35.694] [Server thread/INFO] [com.esm.nightmare.MobBehavs.SpawnRideableMob/]: ESM - Init Rideable EntityEntity_Type and Jockey Lists...
[28May2025 18:25:35.695] [Server thread/INFO] [com.esm.nightmare.MobBehavs.SpawnRideableMob/]: Spawning Jockey at: BlockPos{x=-6836, y=146, z=-11789}
[28May2025 18:25:44.572] [Server thread/DEBUG] [ModernFix/]: Using cached upgraded version of alexscaves:underground_cabin_1
[28May2025 18:25:50.451] [Server thread/DEBUG] [ModernFix/]: Using cached upgraded version of terralith:underground/old_refinery
[28May2025 18:25:52.955] [Server thread/DEBUG] [ModernFix/]: Using cached upgraded version of alexscaves:underground_cabin_0
[28May2025 18:25:53.077] [Worker-Main-2/DEBUG] [mixin/]: Mixing WorldGenRegionAccessor from cataclysm.mixins.json into net.minecraft.server.level.WorldGenRegion
[28May2025 18:25:53.077] [Worker-Main-2/DEBUG] [mixin/]: Mixing gen.chunk_region.WorldGenRegionMixin from canary.mixins.json into net.minecraft.server.level.WorldGenRegion
[28May2025 18:25:53.433] [Worker-Main-1/DEBUG] [mixin/]: Mixing ChunkNoiseSamplerMixin from mixins.mofus_better_end_.json into net.minecraft.world.level.levelgen.NoiseChunk
[28May2025 18:25:53.441] [Worker-Main-1/DEBUG] [mixin/]: Mixing accessor.BeardifierAccessor from cataclysm.mixins.json into net.minecraft.world.level.levelgen.Beardifier
[28May2025 18:25:53.441] [Worker-Main-1/DEBUG] [mixin/]: Mixing BeardifierMixin from mixins.irons_spellbooks.json into net.minecraft.world.level.levelgen.Beardifier
[28May2025 18:25:56.301] [Server thread/INFO] [com.esm.nightmare.MobBehavs.SpawnRideableMob/]: ESM - Init Rideable EntityEntity_Type and Jockey Lists...
[28May2025 18:25:56.984] [Server thread/DEBUG] [ModernFix/]: Using cached upgraded version of mowziesmobs:umvuthana/umvuthana_firepit
[28May2025 18:25:56.988] [Server thread/DEBUG] [ModernFix/]: Using cached upgraded version of mowziesmobs:umvuthana/umvuthi_throne
[28May2025 18:25:56.990] [Server thread/DEBUG] [ModernFix/]: Using cached upgraded version of mowziesmobs:umvuthana/umvuthana_platform_1
[28May2025 18:25:56.991] [Server thread/DEBUG] [ModernFix/]: Using cached upgraded version of mowziesmobs:umvuthana/umvuthana_platform_2
[28May2025 18:25:56.992] [Server thread/DEBUG] [ModernFix/]: Using cached upgraded version of mowziesmobs:umvuthana/umvuthana_platform_extend
[28May2025 18:25:56.993] [Server thread/DEBUG] [ModernFix/]: Using cached upgraded version of mowziesmobs:umvuthana/umvuthana_tree_1
[28May2025 18:25:56.993] [Server thread/DEBUG] [ModernFix/]: Using cached upgraded version of mowziesmobs:umvuthana/umvuthana_tree_3
[28May2025 18:25:56.994] [Server thread/DEBUG] [ModernFix/]: Using cached upgraded version of mowziesmobs:umvuthana/umvuthana_tree_2
[28May2025 18:25:56.996] [Server thread/DEBUG] [ModernFix/]: Using cached upgraded version of mowziesmobs:umvuthana/umvuthana_firepit_small_1
[28May2025 18:25:56.996] [Server thread/DEBUG] [ModernFix/]: Using cached upgraded version of mowziesmobs:umvuthana/umvuthana_firepit_small_2
[28May2025 18:25:56.997] [Server thread/DEBUG] [ModernFix/]: Using cached upgraded version of mowziesmobs:umvuthana/umvuthana_spike_3
[28May2025 18:25:56.997] [Server thread/DEBUG] [ModernFix/]: Using cached upgraded version of mowziesmobs:umvuthana/umvuthana_spike_2
[28May2025 18:25:56.997] [Server thread/DEBUG] [ModernFix/]: Using cached upgraded version of mowziesmobs:umvuthana/umvuthana_spike_4
[28May2025 18:26:03.146] [Server thread/INFO] [com.esm.nightmare.MobBehavs.SpawnRideableMob/]: ESM - Init Rideable EntityEntity_Type and Jockey Lists...
[28May2025 18:26:03.146] [Server thread/INFO] [com.esm.nightmare.MobBehavs.SpawnRideableMob/]: Spawning Jockey at: BlockPos{x=-7005, y=39, z=-11920}
[28May2025 18:26:03.847] [Server thread/INFO] [com.esm.nightmare.MobBehavs.SpawnRideableMob/]: ESM - Init Rideable EntityEntity_Type and Jockey Lists...
[28May2025 18:26:03.847] [Server thread/INFO] [com.esm.nightmare.MobBehavs.SpawnRideableMob/]: Spawning Jockey at: BlockPos{x=-6993, y=58, z=-11825}
[28May2025 18:26:14.546] [Server thread/INFO] [com.esm.nightmare.MobBehavs.SpawnRideableMob/]: ESM - Init Rideable EntityEntity_Type and Jockey Lists...
[28May2025 18:26:18.430] [Server thread/DEBUG] [net.minecraftforge.common.ForgeHooks/WP]: Gathering id map for writing to world save world
[28May2025 18:26:18.446] [Server thread/DEBUG] [net.minecraftforge.common.ForgeHooks/WP]: ID Map collection complete world
[28May2025 18:26:19.944] [Server thread/INFO] [com.esm.nightmare.MobBehavs.SpawnRideableMob/]: ESM - Init Rideable EntityEntity_Type and Jockey Lists...
[28May2025 18:26:19.945] [Server thread/INFO] [com.esm.nightmare.MobBehavs.SpawnRideableMob/]: Spawning Jockey at: BlockPos{x=-7020, y=35, z=-11933}
[28May2025 18:26:20.997] [Server thread/INFO] [com.esm.nightmare.MobBehavs.SpawnRideableMob/]: ESM - Init Rideable EntityEntity_Type and Jockey Lists...
[28May2025 18:26:20.997] [Server thread/INFO] [com.esm.nightmare.MobBehavs.SpawnRideableMob/]: Spawning Jockey at: BlockPos{x=-7063, y=19, z=-11909}
[28May2025 18:26:22.544] [Server thread/INFO] [com.esm.nightmare.MobBehavs.SpawnRideableMob/]: ESM - Init Rideable EntityEntity_Type and Jockey Lists...
[28May2025 18:26:22.545] [Server thread/INFO] [com.esm.nightmare.MobBehavs.SpawnRideableMob/]: Spawning Jockey at: BlockPos{x=-6974, y=67, z=-11944}
[28May2025 18:26:27.446] [Server thread/INFO] [com.esm.nightmare.MobBehavs.SpawnRideableMob/]: ESM - Init Rideable EntityEntity_Type and Jockey Lists...
[28May2025 18:26:27.446] [Server thread/INFO] [com.esm.nightmare.MobBehavs.SpawnRideableMob/]: Spawning Jockey at: BlockPos{x=-7034, y=-5, z=-11900}
[28May2025 18:26:30.395] [Server thread/INFO] [com.esm.nightmare.MobBehavs.SpawnRideableMob/]: ESM - Init Rideable EntityEntity_Type and Jockey Lists...
[28May2025 18:26:31.932] [Worker-Main-2/INFO] [com.esm.nightmare.MobBehavs.SpawnRideableMob/]: ESM - Init Rideable EntityEntity_Type and Jockey Lists...
[28May2025 18:26:40.547] [Server thread/INFO] [com.esm.nightmare.MobBehavs.SpawnRideableMob/]: ESM - Init Rideable EntityEntity_Type and Jockey Lists...
[28May2025 18:26:40.548] [Server thread/INFO] [com.esm.nightmare.MobBehavs.SpawnRideableMob/]: Spawning Jockey at: BlockPos{x=-7051, y=-12, z=-11939}
[28May2025 18:26:45.545] [Server thread/INFO] [com.esm.nightmare.MobBehavs.SpawnRideableMob/]: ESM - Init Rideable EntityEntity_Type and Jockey Lists...
[28May2025 18:26:45.546] [Server thread/INFO] [com.esm.nightmare.MobBehavs.SpawnRideableMob/]: Spawning Jockey at: BlockPos{x=-7010, y=39, z=-11969}
[28May2025 18:26:56.194] [Server thread/INFO] [com.esm.nightmare.MobBehavs.SpawnRideableMob/]: ESM - Init Rideable EntityEntity_Type and Jockey Lists...
[28May2025 18:26:56.194] [Server thread/INFO] [com.esm.nightmare.MobBehavs.SpawnRideableMob/]: Spawning Jockey at: BlockPos{x=-6956, y=30, z=-11824}
[28May2025 18:27:43.746] [Server thread/INFO] [com.esm.nightmare.MobBehavs.SpawnRideableMob/]: ESM - Init Rideable EntityEntity_Type and Jockey Lists...
[28May2025 18:27:43.746] [Server thread/INFO] [com.esm.nightmare.MobBehavs.SpawnRideableMob/]: Spawning Jockey at: BlockPos{x=-7053, y=-32, z=-11783}
[28May2025 18:27:49.146] [Server thread/INFO] [com.esm.nightmare.MobBehavs.SpawnRideableMob/]: ESM - Init Rideable EntityEntity_Type and Jockey Lists...
[28May2025 18:27:55.945] [Server thread/INFO] [com.esm.nightmare.MobBehavs.SpawnRideableMob/]: ESM - Init Rideable EntityEntity_Type and Jockey Lists...
[28May2025 18:27:55.945] [Server thread/INFO] [com.esm.nightmare.MobBehavs.SpawnRideableMob/]: Spawning Jockey at: BlockPos{x=-6976, y=33, z=-11939}
[28May2025 18:27:58.495] [Server thread/INFO] [com.esm.nightmare.MobBehavs.SpawnRideableMob/]: ESM - Init Rideable EntityEntity_Type and Jockey Lists...
[28May2025 18:27:58.495] [Server thread/INFO] [com.esm.nightmare.MobBehavs.SpawnRideableMob/]: Spawning Jockey at: BlockPos{x=-6966, y=31, z=-11788}
[28May2025 18:27:58.497] [Server thread/INFO] [com.esm.nightmare.MobBehavs.SpawnRideableMob/]: ESM - Init Rideable EntityEntity_Type and Jockey Lists...
[28May2025 18:27:58.497] [Server thread/INFO] [com.esm.nightmare.MobBehavs.SpawnRideableMob/]: Spawning Jockey at: BlockPos{x=-6964, y=31, z=-11791}
[28May2025 18:28:02.396] [Server thread/INFO] [com.esm.nightmare.MobBehavs.SpawnRideableMob/]: ESM - Init Rideable EntityEntity_Type and Jockey Lists...
[28May2025 18:28:05.896] [Server thread/INFO] [com.esm.nightmare.MobBehavs.SpawnRideableMob/]: ESM - Init Rideable EntityEntity_Type and Jockey Lists...
[28May2025 18:28:05.896] [Server thread/INFO] [com.esm.nightmare.MobBehavs.SpawnRideableMob/]: Spawning Jockey at: BlockPos{x=-7072, y=13, z=-11946}
[28May2025 18:28:06.297] [Server thread/INFO] [com.esm.nightmare.MobBehavs.SpawnRideableMob/]: ESM - Init Rideable EntityEntity_Type and Jockey Lists...
[28May2025 18:28:06.297] [Server thread/INFO] [com.esm.nightmare.MobBehavs.SpawnRideableMob/]: Spawning Jockey at: BlockPos{x=-7094, y=73, z=-11851}
[28May2025 18:28:11.244] [Server thread/INFO] [com.esm.nightmare.MobBehavs.SpawnRideableMob/]: ESM - Init Rideable EntityEntity_Type and Jockey Lists...
[28May2025 18:28:13.496] [Server thread/INFO] [com.esm.nightmare.MobBehavs.SpawnRideableMob/]: ESM - Init Rideable EntityEntity_Type and Jockey Lists...
[28May2025 18:28:13.545] [Server thread/INFO] [com.esm.nightmare.MobBehavs.SpawnRideableMob/]: ESM - Init Rideable EntityEntity_Type and Jockey Lists...
[28May2025 18:28:18.444] [Server thread/INFO] [com.esm.nightmare.MobBehavs.SpawnRideableMob/]: ESM - Init Rideable EntityEntity_Type and Jockey Lists...
[28May2025 18:28:24.745] [Server thread/INFO] [com.esm.nightmare.MobBehavs.SpawnRideableMob/]: ESM - Init Rideable EntityEntity_Type and Jockey Lists...
[28May2025 18:28:24.746] [Server thread/INFO] [com.esm.nightmare.MobBehavs.SpawnRideableMob/]: Spawning Jockey at: BlockPos{x=-7035, y=13, z=-11842}
[28May2025 18:28:24.796] [Server thread/INFO] [com.esm.nightmare.MobBehavs.SpawnRideableMob/]: ESM - Init Rideable EntityEntity_Type and Jockey Lists...
[28May2025 18:28:24.797] [Server thread/INFO] [com.esm.nightmare.MobBehavs.SpawnRideableMob/]: Spawning Jockey at: BlockPos{x=-7089, y=2, z=-11966}
[28May2025 18:28:25.495] [Server thread/INFO] [com.esm.nightmare.MobBehavs.SpawnRideableMob/]: ESM - Init Rideable EntityEntity_Type and Jockey Lists...
[28May2025 18:28:25.495] [Server thread/INFO] [com.esm.nightmare.MobBehavs.SpawnRideableMob/]: Spawning Jockey at: BlockPos{x=-7043, y=27, z=-11885}
[28May2025 18:28:27.345] [Server thread/INFO] [com.esm.nightmare.MobBehavs.SpawnRideableMob/]: ESM - Init Rideable EntityEntity_Type and Jockey Lists...
[28May2025 18:28:30.744] [Server thread/INFO] [com.esm.nightmare.MobBehavs.SpawnRideableMob/]: ESM - Init Rideable EntityEntity_Type and Jockey Lists...
[28May2025 18:28:32.995] [Server thread/INFO] [com.esm.nightmare.MobBehavs.SpawnRideableMob/]: ESM - Init Rideable EntityEntity_Type and Jockey Lists...
[28May2025 18:28:32.995] [Server thread/INFO] [com.esm.nightmare.MobBehavs.SpawnRideableMob/]: Spawning Jockey at: BlockPos{x=-7073, y=42, z=-11992}
[28May2025 18:28:34.444] [Server thread/INFO] [com.esm.nightmare.MobBehavs.SpawnRideableMob/]: ESM - Init Rideable EntityEntity_Type and Jockey Lists...
[28May2025 18:28:40.245] [Server thread/INFO] [com.esm.nightmare.MobBehavs.SpawnRideableMob/]: ESM - Init Rideable EntityEntity_Type and Jockey Lists...
[28May2025 18:28:40.245] [Server thread/INFO] [com.esm.nightmare.MobBehavs.SpawnRideableMob/]: Spawning Jockey at: BlockPos{x=-7007, y=39, z=-11997}
[28May2025 18:28:41.845] [Server thread/INFO] [com.esm.nightmare.MobBehavs.SpawnRideableMob/]: ESM - Init Rideable EntityEntity_Type and Jockey Lists...
[28May2025 18:28:41.845] [Server thread/INFO] [com.esm.nightmare.MobBehavs.SpawnRideableMob/]: Spawning Jockey at: BlockPos{x=-6950, y=64, z=-11934}
[28May2025 18:28:42.543] [Server thread/INFO] [com.esm.nightmare.MobBehavs.SpawnRideableMob/]: ESM - Init Rideable EntityEntity_Type and Jockey Lists...
[28May2025 18:28:42.544] [Server thread/INFO] [com.esm.nightmare.MobBehavs.SpawnRideableMob/]: Spawning Jockey at: BlockPos{x=-6982, y=32, z=-11933}
[28May2025 18:28:43.846] [Server thread/INFO] [com.esm.nightmare.MobBehavs.SpawnRideableMob/]: ESM - Init Rideable EntityEntity_Type and Jockey Lists...
[28May2025 18:28:43.846] [Server thread/INFO] [com.esm.nightmare.MobBehavs.SpawnRideableMob/]: Spawning Jockey at: BlockPos{x=-7010, y=38, z=-11961}
[28May2025 18:28:46.646] [Server thread/INFO] [com.esm.nightmare.MobBehavs.SpawnRideableMob/]: ESM - Init Rideable EntityEntity_Type and Jockey Lists...
[28May2025 18:28:46.647] [Server thread/INFO] [com.esm.nightmare.MobBehavs.SpawnRideableMob/]: Spawning Jockey at: BlockPos{x=-7064, y=64, z=-11936}
[28May2025 18:28:49.127] [Worker-Main-3/INFO] [com.esm.nightmare.MobBehavs.SpawnRideableMob/]: ESM - Init Rideable EntityEntity_Type and Jockey Lists...
[28May2025 18:28:49.143] [Worker-Main-1/INFO] [com.esm.nightmare.MobBehavs.SpawnRideableMob/]: ESM - Init Rideable EntityEntity_Type and Jockey Lists...
[28May2025 18:28:51.544] [Server thread/INFO] [com.esm.nightmare.MobBehavs.SpawnRideableMob/]: ESM - Init Rideable EntityEntity_Type and Jockey Lists...
[28May2025 18:28:51.544] [Server thread/INFO] [com.esm.nightmare.MobBehavs.SpawnRideableMob/]: Spawning Jockey at: BlockPos{x=-6975, y=57, z=-11950}
[28May2025 18:28:52.595] [Server thread/INFO] [com.esm.nightmare.MobBehavs.SpawnRideableMob/]: ESM - Init Rideable EntityEntity_Type and Jockey Lists...
[28May2025 18:28:52.595] [Server thread/INFO] [com.esm.nightmare.MobBehavs.SpawnRideableMob/]: Spawning Jockey at: BlockPos{x=-7036, y=110, z=-11949}
[28May2025 18:28:52.796] [Server thread/INFO] [com.esm.nightmare.MobBehavs.SpawnRideableMob/]: ESM - Init Rideable EntityEntity_Type and Jockey Lists...
[28May2025 18:28:52.796] [Server thread/INFO] [com.esm.nightmare.MobBehavs.SpawnRideableMob/]: Spawning Jockey at: BlockPos{x=-6980, y=92, z=-11963}
[28May2025 18:28:57.743] [Server thread/INFO] [com.esm.nightmare.MobBehavs.SpawnRideableMob/]: ESM - Init Rideable EntityEntity_Type and Jockey Lists...
[28May2025 18:28:57.744] [Server thread/INFO] [com.esm.nightmare.MobBehavs.SpawnRideableMob/]: Spawning Jockey at: BlockPos{x=-6930, y=138, z=-11939}
[28May2025 18:29:14.946] [Server thread/INFO] [com.esm.nightmare.MobBehavs.SpawnRideableMob/]: ESM - Init Rideable EntityEntity_Type and Jockey Lists...
[28May2025 18:29:14.946] [Server thread/INFO] [com.esm.nightmare.MobBehavs.SpawnRideableMob/]: Spawning Jockey at: BlockPos{x=-6933, y=123, z=-11972}
[28May2025 18:29:21.395] [Server thread/INFO] [com.esm.nightmare.MobBehavs.SpawnRideableMob/]: ESM - Init Rideable EntityEntity_Type and Jockey Lists...
[28May2025 18:29:21.395] [Server thread/INFO] [com.esm.nightmare.MobBehavs.SpawnRideableMob/]: Spawning Jockey at: BlockPos{x=-6830, y=147, z=-11907}
[28May2025 18:29:26.795] [Server thread/INFO] [com.esm.nightmare.MobBehavs.SpawnRideableMob/]: ESM - Init Rideable EntityEntity_Type and Jockey Lists...
[28May2025 18:29:26.796] [Server thread/INFO] [com.esm.nightmare.MobBehavs.SpawnRideableMob/]: Spawning Jockey at: BlockPos{x=-6828, y=144, z=-11787}
[28May2025 18:29:28.895] [Server thread/INFO] [com.esm.nightmare.MobBehavs.SpawnRideableMob/]: ESM - Init Rideable EntityEntity_Type and Jockey Lists...
[28May2025 18:29:28.896] [Server thread/INFO] [com.esm.nightmare.MobBehavs.SpawnRideableMob/]: Spawning Jockey at: BlockPos{x=-6828, y=151, z=-11911}
[28May2025 18:29:57.694] [Server thread/INFO] [com.esm.nightmare.MobBehavs.SpawnRideableMob/]: ESM - Init Rideable EntityEntity_Type and Jockey Lists...
[28May2025 18:29:57.694] [Server thread/INFO] [com.esm.nightmare.MobBehavs.SpawnRideableMob/]: Spawning Jockey at: BlockPos{x=-6921, y=115, z=-11841}
[28May2025 18:30:10.896] [Server thread/INFO] [com.esm.nightmare.MobBehavs.SpawnRideableMob/]: ESM - Init Rideable EntityEntity_Type and Jockey Lists...
[28May2025 18:30:28.194] [Server thread/INFO] [com.esm.nightmare.MobBehavs.SpawnRideableMob/]: ESM - Init Rideable EntityEntity_Type and Jockey Lists...
[28May2025 18:31:04.544] [Server thread/INFO] [com.esm.nightmare.MobBehavs.SpawnRideableMob/]: ESM - Init Rideable EntityEntity_Type and Jockey Lists...
[28May2025 18:31:04.545] [Server thread/INFO] [com.esm.nightmare.MobBehavs.SpawnRideableMob/]: Spawning Jockey at: BlockPos{x=-6886, y=177, z=-11860}
[28May2025 18:31:15.296] [Server thread/INFO] [com.esm.nightmare.MobBehavs.SpawnRideableMob/]: ESM - Init Rideable EntityEntity_Type and Jockey Lists...
[28May2025 18:31:15.296] [Server thread/INFO] [com.esm.nightmare.MobBehavs.SpawnRideableMob/]: Spawning Jockey at: BlockPos{x=-6895, y=167, z=-11890}
[28May2025 18:31:18.357] [Server thread/DEBUG] [net.minecraftforge.common.ForgeHooks/WP]: Gathering id map for writing to world save world
[28May2025 18:31:18.370] [Server thread/DEBUG] [net.minecraftforge.common.ForgeHooks/WP]: ID Map collection complete world
[28May2025 18:31:23.344] [Server thread/INFO] [com.esm.nightmare.MobBehavs.SpawnRideableMob/]: ESM - Init Rideable EntityEntity_Type and Jockey Lists...
[28May2025 18:31:23.344] [Server thread/INFO] [com.esm.nightmare.MobBehavs.SpawnRideableMob/]: Spawning Jockey at: BlockPos{x=-6816, y=110, z=-11821}
[28May2025 18:31:30.795] [Server thread/INFO] [com.esm.nightmare.MobBehavs.SpawnRideableMob/]: ESM - Init Rideable EntityEntity_Type and Jockey Lists...
[28May2025 18:31:30.795] [Server thread/INFO] [com.esm.nightmare.MobBehavs.SpawnRideableMob/]: Spawning Jockey at: BlockPos{x=-6827, y=146, z=-11800}
[28May2025 18:31:32.006] [Server thread/INFO] [net.minecraft.server.MinecraftServer/]: Set the time to 1000
[28May2025 18:31:36.345] [Server thread/INFO] [com.esm.nightmare.MobBehavs.SpawnRideableMob/]: ESM - Init Rideable EntityEntity_Type and Jockey Lists...
[28May2025 18:31:36.345] [Server thread/INFO] [com.esm.nightmare.MobBehavs.SpawnRideableMob/]: Spawning Jockey at: BlockPos{x=-6831, y=146, z=-11793}
[28May2025 18:31:52.045] [Server thread/INFO] [com.esm.nightmare.MobBehavs.SpawnRideableMob/]: ESM - Init Rideable EntityEntity_Type and Jockey Lists...
[28May2025 18:32:43.594] [Server thread/INFO] [com.esm.nightmare.MobBehavs.SpawnRideableMob/]: ESM - Init Rideable EntityEntity_Type and Jockey Lists...
[28May2025 18:32:43.594] [Server thread/INFO] [com.esm.nightmare.MobBehavs.SpawnRideableMob/]: Spawning Jockey at: BlockPos{x=-6922, y=104, z=-11809}
[28May2025 18:32:43.594] [Server thread/INFO] [com.esm.nightmare.MobBehavs.SpawnRideableMob/]: ESM - Init Rideable EntityEntity_Type and Jockey Lists...
[28May2025 18:32:43.595] [Server thread/INFO] [com.esm.nightmare.MobBehavs.SpawnRideableMob/]: Spawning Jockey at: BlockPos{x=-6922, y=104, z=-11809}
[28May2025 18:33:08.894] [Server thread/INFO] [com.esm.nightmare.MobBehavs.SpawnRideableMob/]: ESM - Init Rideable EntityEntity_Type and Jockey Lists...
[28May2025 18:33:08.894] [Server thread/INFO] [com.esm.nightmare.MobBehavs.SpawnRideableMob/]: Spawning Jockey at: BlockPos{x=-6899, y=79, z=-11821}
[28May2025 18:33:32.345] [Server thread/INFO] [com.esm.nightmare.MobBehavs.SpawnRideableMob/]: ESM - Init Rideable EntityEntity_Type and Jockey Lists...
[28May2025 18:33:45.294] [Server thread/INFO] [com.esm.nightmare.MobBehavs.SpawnRideableMob/]: ESM - Init Rideable EntityEntity_Type and Jockey Lists...
[28May2025 18:33:45.294] [Server thread/INFO] [com.esm.nightmare.MobBehavs.SpawnRideableMob/]: Spawning Jockey at: BlockPos{x=-6908, y=177, z=-11885}
[28May2025 18:34:11.595] [Server thread/INFO] [com.esm.nightmare.MobBehavs.SpawnRideableMob/]: ESM - Init Rideable EntityEntity_Type and Jockey Lists...
[28May2025 18:34:11.595] [Server thread/INFO] [com.esm.nightmare.MobBehavs.SpawnRideableMob/]: Spawning Jockey at: BlockPos{x=-6923, y=137, z=-11932}
[28May2025 18:34:19.445] [Server thread/INFO] [com.esm.nightmare.MobBehavs.SpawnRideableMob/]: ESM - Init Rideable EntityEntity_Type and Jockey Lists...
[28May2025 18:34:19.445] [Server thread/INFO] [com.esm.nightmare.MobBehavs.SpawnRideableMob/]: Spawning Jockey at: BlockPos{x=-6904, y=76, z=-11835}
[28May2025 18:34:24.794] [Server thread/INFO] [com.esm.nightmare.MobBehavs.SpawnRideableMob/]: ESM - Init Rideable EntityEntity_Type and Jockey Lists...
[28May2025 18:34:24.794] [Server thread/INFO] [com.esm.nightmare.MobBehavs.SpawnRideableMob/]: Spawning Jockey at: BlockPos{x=-6915, y=90, z=-11825}
[28May2025 18:34:41.645] [Server thread/INFO] [com.esm.nightmare.MobBehavs.SpawnRideableMob/]: ESM - Init Rideable EntityEntity_Type and Jockey Lists...
[28May2025 18:34:41.645] [Server thread/INFO] [com.esm.nightmare.MobBehavs.SpawnRideableMob/]: Spawning Jockey at: BlockPos{x=-6910, y=119, z=-11845}
[28May2025 18:35:16.044] [Server thread/INFO] [com.esm.nightmare.MobBehavs.SpawnRideableMob/]: ESM - Init Rideable EntityEntity_Type and Jockey Lists...
[28May2025 18:35:16.045] [Server thread/INFO] [com.esm.nightmare.MobBehavs.SpawnRideableMob/]: Spawning Jockey at: BlockPos{x=-6936, y=136, z=-11965}
[28May2025 18:35:16.046] [Server thread/INFO] [com.esm.nightmare.MobBehavs.SpawnRideableMob/]: ESM - Init Rideable EntityEntity_Type and Jockey Lists...
[28May2025 18:35:16.046] [Server thread/INFO] [com.esm.nightmare.MobBehavs.SpawnRideableMob/]: Spawning Jockey at: BlockPos{x=-6937, y=136, z=-11964}
[28May2025 18:36:18.344] [Server thread/DEBUG] [net.minecraftforge.common.ForgeHooks/WP]: Gathering id map for writing to world save world
[28May2025 18:36:18.356] [Server thread/DEBUG] [net.minecraftforge.common.ForgeHooks/WP]: ID Map collection complete world
[28May2025 18:36:33.995] [Server thread/INFO] [com.esm.nightmare.MobBehavs.SpawnRideableMob/]: ESM - Init Rideable EntityEntity_Type and Jockey Lists...
[28May2025 18:36:33.996] [Server thread/INFO] [com.esm.nightmare.MobBehavs.SpawnRideableMob/]: Spawning Jockey at: BlockPos{x=-6914, y=92, z=-11937}
[28May2025 18:36:44.143] [Server thread/INFO] [com.esm.nightmare.MobBehavs.SpawnRideableMob/]: ESM - Init Rideable EntityEntity_Type and Jockey Lists...
[28May2025 18:37:32.196] [Server thread/INFO] [com.esm.nightmare.MobBehavs.SpawnRideableMob/]: ESM - Init Rideable EntityEntity_Type and Jockey Lists...
