[02Jun2025 01:58:40.085] [main/INFO] [cpw.mods.modlauncher.Launcher/MODLAUNCHER]: ModLauncher running: args [--launchTarget, forgeserver, --fml.forgeVersion, 47.3.7, --fml.mcVersion, 1.20.1, --fml.forgeGroup, net.minecraftforge, --fml.mcpVersion, 20230612.114412, nogui]
[02Jun2025 01:58:40.090] [main/INFO] [cpw.mods.modlauncher.Launcher/MODLAUNCHER]: ModLauncher 10.0.9+10.0.9+main.dcd20f30 starting: java version 17.0.15 by Ubuntu; OS Linux arch amd64 version 6.8.0-1027-azure
[02Jun2025 01:58:41.529] [main/INFO] [net.minecraftforge.fml.loading.ImmediateWindowHandler/]: ImmediateWindowProvider not loading because launch target is forgeserver
[02Jun2025 01:58:41.585] [main/INFO] [mixin/]: SpongePowered MIXIN Subsystem Version=0.8.5 Source=union:/workspaces/Server_Mine/servidor_minecraft/libraries/org/spongepowered/mixin/0.8.5/mixin-0.8.5.jar%2365!/ Service=ModLauncher Env=SERVER
[02Jun2025 01:58:41.900] [main/WARN] [net.minecraftforge.fml.loading.moddiscovery.ModFileParser/LOADING]: Mod file /workspaces/Server_Mine/servidor_minecraft/libraries/net/minecraftforge/fmlcore/1.20.1-47.3.7/fmlcore-1.20.1-47.3.7.jar is missing mods.toml file
[02Jun2025 01:58:41.902] [main/WARN] [net.minecraftforge.fml.loading.moddiscovery.ModFileParser/LOADING]: Mod file /workspaces/Server_Mine/servidor_minecraft/libraries/net/minecraftforge/javafmllanguage/1.20.1-47.3.7/javafmllanguage-1.20.1-47.3.7.jar is missing mods.toml file
[02Jun2025 01:58:41.902] [main/WARN] [net.minecraftforge.fml.loading.moddiscovery.ModFileParser/LOADING]: Mod file /workspaces/Server_Mine/servidor_minecraft/libraries/net/minecraftforge/lowcodelanguage/1.20.1-47.3.7/lowcodelanguage-1.20.1-47.3.7.jar is missing mods.toml file
[02Jun2025 01:58:41.903] [main/WARN] [net.minecraftforge.fml.loading.moddiscovery.ModFileParser/LOADING]: Mod file /workspaces/Server_Mine/servidor_minecraft/libraries/net/minecraftforge/mclanguage/1.20.1-47.3.7/mclanguage-1.20.1-47.3.7.jar is missing mods.toml file
[02Jun2025 01:58:42.149] [main/INFO] [net.minecraftforge.fml.loading.moddiscovery.JarInJarDependencyLocator/]: Found 7 dependencies adding them to mods collection
[02Jun2025 01:58:44.539] [main/INFO] [mixin/]: Compatibility level set to JAVA_17
[02Jun2025 01:58:44.549] [main/ERROR] [mixin/]: Mixin config mixins.epicironcompat.json does not specify "minVersion" property
[02Jun2025 01:58:44.719] [main/INFO] [mixin/]: Successfully loaded Mixin Connector [org.tlauncher.MixinConnector]
[02Jun2025 01:58:44.721] [main/INFO] [cpw.mods.modlauncher.LaunchServiceHandler/MODLAUNCHER]: Launching target 'forgeserver' with arguments [nogui]
[02Jun2025 01:58:44.822] [main/INFO] [ModernFix/]: Loaded configuration file for ModernFix 5.21.0+mc1.20.1: 88 options available, 0 override(s) found
[02Jun2025 01:58:44.823] [main/INFO] [ModernFix/]: Applying Nashorn fix
[02Jun2025 01:58:44.843] [main/INFO] [ModernFix/]: Applied Forge config corruption patch
[02Jun2025 01:58:44.955] [main/INFO] [Embeddium/]: Loaded configuration file for Embeddium: 100 options available, 0 override(s) found
[02Jun2025 01:58:45.141] [main/INFO] [Canary/]: Loaded configuration file for Canary: 116 options available, 0 override(s) found
[02Jun2025 01:58:45.189] [main/INFO] [Embeddium Extra/]: Loaded configuration file for Sodium Extra: 35 options available, 0 override(s) found
[02Jun2025 01:58:45.688] [main/INFO] [net.minecraftforge.coremod.CoreMod.placebo/COREMODLOG]: Patching IForgeItemStack#getEnchantmentLevel
[02Jun2025 01:58:45.706] [main/INFO] [net.minecraftforge.coremod.CoreMod.placebo/COREMODLOG]: Patching IForgeItemStack#getEnchantmentLevel
[02Jun2025 01:58:46.037] [main/ERROR] [net.minecraftforge.fml.loading.RuntimeDistCleaner/DISTXFORM]: Attempted to load class net/minecraft/client/gui/screens/Screen for invalid dist DEDICATED_SERVER
[02Jun2025 01:58:46.038] [main/WARN] [mixin/]: Error loading class: net/minecraft/client/gui/screens/Screen (java.lang.RuntimeException: Attempted to load class net/minecraft/client/gui/screens/Screen for invalid dist DEDICATED_SERVER)
[02Jun2025 01:58:46.039] [main/WARN] [mixin/]: @Mixin target net.minecraft.client.gui.screens.Screen was not found relics.mixins.json:ScreenMixin
[02Jun2025 01:58:47.282] [main/ERROR] [net.minecraftforge.fml.loading.RuntimeDistCleaner/DISTXFORM]: Attempted to load class net/minecraft/client/player/AbstractClientPlayer for invalid dist DEDICATED_SERVER
[02Jun2025 01:58:47.282] [main/WARN] [mixin/]: Error loading class: net/minecraft/client/player/AbstractClientPlayer (java.lang.RuntimeException: Attempted to load class net/minecraft/client/player/AbstractClientPlayer for invalid dist DEDICATED_SERVER)
[02Jun2025 01:58:47.282] [main/WARN] [mixin/]: @Mixin target net.minecraft.client.player.AbstractClientPlayer was not found tlskincape-mixins.json:MixinAbstractPlayer
[02Jun2025 01:58:47.283] [main/ERROR] [net.minecraftforge.fml.loading.RuntimeDistCleaner/DISTXFORM]: Attempted to load class net/minecraft/client/gui/screens/TitleScreen for invalid dist DEDICATED_SERVER
[02Jun2025 01:58:47.284] [main/WARN] [mixin/]: Error loading class: net/minecraft/client/gui/screens/TitleScreen (java.lang.RuntimeException: Attempted to load class net/minecraft/client/gui/screens/TitleScreen for invalid dist DEDICATED_SERVER)
[02Jun2025 01:58:47.284] [main/WARN] [mixin/]: @Mixin target net.minecraft.client.gui.screens.TitleScreen was not found tlskincape-mixins.json:MixinMainMenu
[02Jun2025 01:58:47.285] [main/WARN] [mixin/]: Error loading class: net/minecraft/client/model/PlayerModel (java.lang.ClassNotFoundException: net.minecraft.client.model.PlayerModel)
[02Jun2025 01:58:47.285] [main/WARN] [mixin/]: @Mixin target net.minecraft.client.model.PlayerModel was not found tlskincape-mixins.json:MixinPlayerModel
[02Jun2025 01:58:47.287] [main/INFO] [memoryleakfix/]: [MemoryLeakFix] Will be applying 1 memory leak fixes!
[02Jun2025 01:58:47.287] [main/INFO] [memoryleakfix/]: [MemoryLeakFix] Currently enabled memory leak fixes: [biomeTemperatureLeak]
[02Jun2025 01:58:47.463] [main/INFO] [MixinExtras|Service/]: Initializing MixinExtras via com.llamalad7.mixinextras.service.MixinExtrasServiceImpl(version=0.4.1).
[02Jun2025 01:58:48.038] [main/INFO] [net.minecraft.server.Bootstrap/]: ModernFix reached bootstrap stage (10.26 s after launch)
[02Jun2025 01:58:48.149] [main/WARN] [mixin/]: @Final field delegatesByName:Ljava/util/Map; in modernfix-forge.mixins.json:perf.forge_registry_alloc.ForgeRegistryMixin should be final
[02Jun2025 01:58:48.150] [main/WARN] [mixin/]: @Final field delegatesByValue:Ljava/util/Map; in modernfix-forge.mixins.json:perf.forge_registry_alloc.ForgeRegistryMixin should be final
[02Jun2025 01:58:48.280] [main/INFO] [ModernFix/]: Injecting BlockStateBase cache population hook into getNeighborPathNodeType from com.abdelaziz.canary.mixin.ai.pathing.BlockStateBaseMixin
[02Jun2025 01:58:48.280] [main/INFO] [ModernFix/]: Injecting BlockStateBase cache population hook into getPathNodeType from com.abdelaziz.canary.mixin.ai.pathing.BlockStateBaseMixin
[02Jun2025 01:58:48.844] [main/INFO] [net.minecraftforge.coremod.CoreMod.placebo/COREMODLOG]: Patching IForgeItemStack#getEnchantmentLevel
[02Jun2025 01:58:48.846] [main/INFO] [net.minecraftforge.coremod.CoreMod.placebo/COREMODLOG]: Patching IForgeItemStack#getEnchantmentLevel
[02Jun2025 01:58:50.244] [main/INFO] [net.minecraft.server.Bootstrap/]: Vanilla bootstrap took 2202 milliseconds
[02Jun2025 01:58:50.925] [main/INFO] [net.minecraftforge.coremod.CoreMod.placebo/COREMODLOG]: Patching IForgeItemStack#getEnchantmentLevel
[02Jun2025 01:58:50.926] [main/INFO] [net.minecraftforge.coremod.CoreMod.placebo/COREMODLOG]: Patching IForgeItemStack#getEnchantmentLevel
[02Jun2025 01:58:50.998] [main/WARN] [mixin/]: @Final field f_31427_:[I in mixins.epicfight.json:MixinWitherBoss should be final
[02Jun2025 01:58:50.998] [main/WARN] [mixin/]: @Final field f_31428_:[I in mixins.epicfight.json:MixinWitherBoss should be final
[02Jun2025 01:58:52.061] [main/WARN] [net.minecraft.network.syncher.SynchedEntityData/]: defineId called for: class net.minecraft.world.entity.LivingEntity from class yesman.epicfight.world.capabilities.entitypatch.LivingEntityPatch
[02Jun2025 01:58:52.061] [main/WARN] [net.minecraft.network.syncher.SynchedEntityData/]: defineId called for: class net.minecraft.world.entity.LivingEntity from class yesman.epicfight.world.capabilities.entitypatch.LivingEntityPatch
[02Jun2025 01:58:52.062] [main/WARN] [net.minecraft.network.syncher.SynchedEntityData/]: defineId called for: class net.minecraft.world.entity.LivingEntity from class yesman.epicfight.world.capabilities.entitypatch.LivingEntityPatch
[02Jun2025 01:58:52.062] [main/WARN] [net.minecraft.network.syncher.SynchedEntityData/]: defineId called for: class net.minecraft.world.entity.LivingEntity from class yesman.epicfight.world.capabilities.entitypatch.LivingEntityPatch
[02Jun2025 01:58:52.848] [main/WARN] [mixin/]: Mixin alexscaves.mixins.json:SwampHutPieceMixin has multiple constructors, (Lnet/minecraft/world/level/levelgen/structure/pieces/StructurePieceType;IIIIIILnet/minecraft/core/Direction;)V was selected

[02Jun2025 01:58:53.775] [modloading-worker-0/INFO] [net.minecraftforge.common.ForgeMod/FORGEMOD]: Forge mod loading, version 47.3.7, for MC 1.20.1 with MCP 20230612.114412
[02Jun2025 01:58:53.776] [modloading-worker-0/INFO] [net.minecraftforge.common.MinecraftForge/FORGE]: MinecraftForge v47.3.7 Initialized
[02Jun2025 01:58:54.487] [modloading-worker-0/INFO] [me.wesley1808.servercore.common.ServerCore/]: [ServerCore] Loaded V1.5.2+1.20.1!
[02Jun2025 01:58:55.063] [modloading-worker-0/INFO] [dev.architectury.networking.forge.NetworkManagerImpl/]: Registering C2S receiver with id architectury:sync_ids
[02Jun2025 01:58:55.085] [modloading-worker-0/INFO] [com.cupboard.Cupboard/]: Loaded config for: cupboard.json
[02Jun2025 01:58:55.176] [modloading-worker-0/INFO] [epicfight/]: Loaded mod compat: GeckolibCompat
[02Jun2025 01:58:57.986] [main/INFO] [ModernFix/]: Bypassed Mojang DFU
[02Jun2025 01:58:57.986] [main/INFO] [ModernFix/]: Instantiating Mojang DFU
[02Jun2025 01:58:58.916] [main/INFO] [net.corruptdog.cdm.main.CDmoveset/]: buildSkillEvent
[02Jun2025 01:58:58.995] [main/WARN] [net.minecraft.network.syncher.SynchedEntityData/]: defineId called for: class net.minecraft.world.entity.player.Player from class yesman.epicfight.world.capabilities.entitypatch.player.PlayerPatch
[02Jun2025 01:58:59.028] [main/WARN] [net.minecraft.network.syncher.SynchedEntityData/]: defineId called for: class com.github.alexmodguy.alexscaves.server.entity.living.TremorzillaEntity from class com.github.alexmodguy.alexscaves.server.entity.living.LicowitchEntity
[02Jun2025 01:58:59.106] [main/WARN] [net.minecraft.network.syncher.SynchedEntityData/]: defineId called for: class net.minecraft.world.entity.boss.wither.WitherBoss from class yesman.epicfight.world.capabilities.entitypatch.boss.WitherPatch
[02Jun2025 01:58:59.107] [main/WARN] [net.minecraft.network.syncher.SynchedEntityData/]: defineId called for: class net.minecraft.world.entity.boss.wither.WitherBoss from class yesman.epicfight.world.capabilities.entitypatch.boss.WitherPatch
[02Jun2025 01:58:59.107] [main/WARN] [net.minecraft.network.syncher.SynchedEntityData/]: defineId called for: class net.minecraft.world.entity.boss.wither.WitherBoss from class yesman.epicfight.world.capabilities.entitypatch.boss.WitherPatch
[02Jun2025 01:58:59.107] [main/WARN] [net.minecraft.network.syncher.SynchedEntityData/]: defineId called for: class net.minecraft.world.entity.boss.wither.WitherBoss from class yesman.epicfight.world.capabilities.entitypatch.boss.WitherPatch
[02Jun2025 01:58:59.107] [main/WARN] [net.minecraft.network.syncher.SynchedEntityData/]: defineId called for: class net.minecraft.world.entity.boss.wither.WitherBoss from class yesman.epicfight.world.capabilities.entitypatch.boss.WitherPatch
[02Jun2025 01:58:59.108] [main/WARN] [net.minecraft.network.syncher.SynchedEntityData/]: defineId called for: class net.minecraft.world.entity.boss.wither.WitherBoss from class yesman.epicfight.world.capabilities.entitypatch.boss.WitherPatch
[02Jun2025 01:58:59.108] [main/WARN] [net.minecraft.network.syncher.SynchedEntityData/]: defineId called for: class net.minecraft.world.entity.boss.wither.WitherBoss from class yesman.epicfight.world.capabilities.entitypatch.boss.WitherPatch
[02Jun2025 01:58:59.108] [main/WARN] [net.minecraft.network.syncher.SynchedEntityData/]: defineId called for: class net.minecraft.world.entity.boss.wither.WitherBoss from class yesman.epicfight.world.capabilities.entitypatch.boss.WitherPatch
[02Jun2025 01:58:59.108] [main/WARN] [net.minecraft.network.syncher.SynchedEntityData/]: defineId called for: class net.minecraft.world.entity.boss.wither.WitherBoss from class yesman.epicfight.world.capabilities.entitypatch.boss.WitherPatch
[02Jun2025 01:58:59.344] [main/INFO] [com.yukami.epicironcompat.config.CommonConfig/]: Config loaded! [irons_spellbooks:blood_staff, irons_spellbooks:ice_staff, irons_spellbooks:graybeard_staff, irons_spellbooks:artificer_cane, irons_spellbooks:lightning_rod, irons_spellbooks:magehunter, irons_spellbooks:keeper_flamberge, irons_spellbooks:spellbreaker, irons_spellbooks:amethyst_rapier, irons_spellbooks:hither_thither_wand]
[02Jun2025 01:58:59.461] [Thread-0/INFO] [ModernFix/]: Please use /mfsrc to reload any changed mod config files
[02Jun2025 01:58:59.598] [Forge Version Check/INFO] [net.minecraftforge.fml.VersionChecker/]: [journeymap] Starting version check at https://forge.curseupdate.com/32274/journeymap
[02Jun2025 01:58:59.912] [Forge Version Check/INFO] [net.minecraftforge.fml.VersionChecker/]: [journeymap] Found status: OUTDATED Current: 5.10.1 Target: 5.10.3
[02Jun2025 01:58:59.913] [Forge Version Check/INFO] [net.minecraftforge.fml.VersionChecker/]: [travelersbackpack] Starting version check at https://gist.githubusercontent.com/Tiviacz1337/906937677aa472285dff9d6c2a189d5e/raw
[02Jun2025 01:58:59.942] [main/INFO] [journeymap/]: Initializing Packet Registries
[02Jun2025 01:58:59.957] [Forge Version Check/INFO] [net.minecraftforge.fml.VersionChecker/]: [travelersbackpack] Found status: AHEAD Current: 9.1.36 Target: null
[02Jun2025 01:58:59.959] [Forge Version Check/INFO] [net.minecraftforge.fml.VersionChecker/]: [forge] Starting version check at https://files.minecraftforge.net/net/minecraftforge/forge/promotions_slim.json
[02Jun2025 01:58:59.976] [main/INFO] [com.tiviacz.travelersbackpack.TravelersBackpack/]: Registered the FluidEffect with Unique ID of minecraft:water for Water (Fluid Amount Required: 1000) with the ID 0
[02Jun2025 01:58:59.977] [main/INFO] [com.tiviacz.travelersbackpack.TravelersBackpack/]: Registered the FluidEffect with Unique ID of minecraft:lava for Lava (Fluid Amount Required: 1000) with the ID 1
[02Jun2025 01:58:59.977] [main/INFO] [com.tiviacz.travelersbackpack.TravelersBackpack/]: Registered the FluidEffect with Unique ID of travelersbackpack:potion for Uncraftable Potion (Fluid Amount Required: 250) with the ID 2
[02Jun2025 01:58:59.977] [main/INFO] [com.tiviacz.travelersbackpack.TravelersBackpack/]: Registered the FluidEffect with Unique ID of minecraft:milk for Milk (Fluid Amount Required: 1000) with the ID 3
[02Jun2025 01:59:00.003] [main/INFO] [com.eeeab.eeeabsmobs.EEEABMobs/]: Starting to register Curios item...
[02Jun2025 01:59:00.148] [Forge Version Check/INFO] [net.minecraftforge.fml.VersionChecker/]: [forge] Found status: OUTDATED Current: 47.3.7 Target: 47.4.0
[02Jun2025 01:59:00.149] [Forge Version Check/INFO] [net.minecraftforge.fml.VersionChecker/]: [canary] Starting version check at https://github.com/AbdElAziz333/Canary/raw/mc1.19.2/dev/updates.json
[02Jun2025 01:59:00.362] [modloading-worker-0/INFO] [com.esm.nightmare.NightmareMain/]: Got IMC []
[02Jun2025 01:59:00.362] [modloading-worker-0/INFO] [io.redspace.ironsspellbooks.IronsSpellbooks/]: Got IMC []
[02Jun2025 01:59:00.385] [Forge Version Check/INFO] [net.minecraftforge.fml.VersionChecker/]: [canary] Found status: UP_TO_DATE Current: 0.3.3 Target: null
[02Jun2025 01:59:00.386] [Forge Version Check/INFO] [net.minecraftforge.fml.VersionChecker/]: [tombstone] Starting version check at https://raw.githubusercontent.com/Corail31/tombstone_lite/master/update.json
[02Jun2025 01:59:00.400] [Forge Version Check/INFO] [net.minecraftforge.fml.VersionChecker/]: [tombstone] Found status: OUTDATED Current: 8.9.4 Target: 8.9.5
[02Jun2025 01:59:00.400] [Forge Version Check/INFO] [net.minecraftforge.fml.VersionChecker/]: [embeddium_extra] Starting version check at https://api.modrinth.com/updates/rubidium-extra/forge_updates.json
[02Jun2025 01:59:00.463] [modloading-worker-0/INFO] [com.eeeab.eeeabsmobs.EEEABMobs/]: Registering custom criteria trigger...
[02Jun2025 01:59:00.616] [Forge Version Check/INFO] [net.minecraftforge.fml.VersionChecker/]: [embeddium_extra] Found status: UP_TO_DATE Current: 0.5.4.4+mc1.20.1-build.131 Target: null
[02Jun2025 01:59:01.051] [main/INFO] [com.mojang.authlib.yggdrasil.YggdrasilAuthenticationService/]: Environment: authHost='https://authserver.mojang.com', accountsHost='https://api.mojang.com', sessionHost='https://sessionserver.mojang.com', servicesHost='https://api.minecraftservices.com', name='PROD'
[02Jun2025 01:59:01.644] [main/WARN] [net.minecraft.server.packs.VanillaPackResourcesBuilder/]: Assets URL 'union:/workspaces/Server_Mine/servidor_minecraft/libraries/net/minecraft/server/1.20.1-20230612.114412/server-1.20.1-20230612.114412-srg.jar%23205!/assets/.mcassetsroot' uses unexpected schema
[02Jun2025 01:59:01.644] [main/WARN] [net.minecraft.server.packs.VanillaPackResourcesBuilder/]: Assets URL 'union:/workspaces/Server_Mine/servidor_minecraft/libraries/net/minecraft/server/1.20.1-20230612.114412/server-1.20.1-20230612.114412-srg.jar%23205!/data/.mcassetsroot' uses unexpected schema
[02Jun2025 01:59:03.991] [Worker-Main-3/ERROR] [net.minecraft.tags.TagLoader/]: Couldn't load tag traveloptics:magic_sword_weapon_type as it is missing following references: minecraft: (from traveloptics-4.4.0-1.20.1.jar)
[02Jun2025 01:59:04.055] [Worker-Main-2/ERROR] [net.minecraft.tags.TagLoader/]: Couldn't load tag legendary_monsters:ancient_stronghold_biomes as it is missing following references: minecraft:spruce_forest (from legendarymonsters-1.9.4 MC 1.20.1.jar)
[02Jun2025 01:59:04.517] [Worker-Main-3/INFO] [epicfight/]: Register animations from cdmoveset
[02Jun2025 01:59:04.945] [Worker-Main-2/ERROR] [net.minecraftforge.common.ForgeHooks/]: Couldn't parse element loot_tables:dungeons_and_combat:chests/blazing_fortress_loot
com.google.gson.JsonSyntaxException: Expected name to be an item, was unknown string 'dungeons_and_combat:deleted_mod_element'
	at net.minecraft.util.GsonHelper.m_13866_(GsonHelper.java:145) ~[server-1.20.1-20230612.114412-srg.jar%23205!/:?]
	at java.util.Optional.orElseThrow(Optional.java:403) ~[?:?]
	at net.minecraft.util.GsonHelper.m_13874_(GsonHelper.java:145) ~[server-1.20.1-20230612.114412-srg.jar%23205!/:?]
	at net.minecraft.util.GsonHelper.m_13909_(GsonHelper.java:153) ~[server-1.20.1-20230612.114412-srg.jar%23205!/:?]
	at net.minecraft.world.level.storage.loot.entries.LootItem$Serializer.m_7267_(LootItem.java:55) ~[server-1.20.1-20230612.114412-srg.jar%23205!/:?]
	at net.minecraft.world.level.storage.loot.entries.LootItem$Serializer.m_7267_(LootItem.java:40) ~[server-1.20.1-20230612.114412-srg.jar%23205!/:?]
	at net.minecraft.world.level.storage.loot.entries.LootPoolSingletonContainer$Serializer.m_5921_(LootPoolSingletonContainer.java:151) ~[server-1.20.1-20230612.114412-srg.jar%23205!/:?]
	at net.minecraft.world.level.storage.loot.entries.LootPoolSingletonContainer$Serializer.m_5921_(LootPoolSingletonContainer.java:129) ~[server-1.20.1-20230612.114412-srg.jar%23205!/:?]
	at net.minecraft.world.level.storage.loot.entries.LootPoolEntryContainer$Serializer.m_7561_(LootPoolEntryContainer.java:86) ~[server-1.20.1-20230612.114412-srg.jar%23205!/:?]
	at net.minecraft.world.level.storage.loot.entries.LootPoolEntryContainer$Serializer.m_7561_(LootPoolEntryContainer.java:74) ~[server-1.20.1-20230612.114412-srg.jar%23205!/:?]
	at net.minecraft.world.level.storage.loot.GsonAdapterFactory$JsonAdapter.deserialize(GsonAdapterFactory.java:102) ~[server-1.20.1-20230612.114412-srg.jar%23205!/:?]
	at com.google.gson.internal.bind.TreeTypeAdapter.read(TreeTypeAdapter.java:76) ~[gson-2.10.jar%2372!/:?]
	at com.google.gson.internal.bind.TypeAdapterRuntimeTypeWrapper.read(TypeAdapterRuntimeTypeWrapper.java:40) ~[gson-2.10.jar%2372!/:?]
	at com.google.gson.internal.bind.ArrayTypeAdapter.read(ArrayTypeAdapter.java:72) ~[gson-2.10.jar%2372!/:?]
	at com.google.gson.Gson.fromJson(Gson.java:1214) ~[gson-2.10.jar%2372!/:?]
	at com.google.gson.Gson.fromJson(Gson.java:1319) ~[gson-2.10.jar%2372!/:?]
	at com.google.gson.Gson.fromJson(Gson.java:1290) ~[gson-2.10.jar%2372!/:?]
	at com.google.gson.internal.bind.TreeTypeAdapter$GsonContextImpl.deserialize(TreeTypeAdapter.java:179) ~[gson-2.10.jar%2372!/:?]
	at net.minecraft.util.GsonHelper.m_13808_(GsonHelper.java:463) ~[server-1.20.1-20230612.114412-srg.jar%23205!/:?]
	at net.minecraft.util.GsonHelper.m_13836_(GsonHelper.java:471) ~[server-1.20.1-20230612.114412-srg.jar%23205!/:?]
	at net.minecraft.world.level.storage.loot.LootPool$Serializer.deserialize(LootPool.java:192) ~[server-1.20.1-20230612.114412-srg.jar%23205!/:?]
	at net.minecraft.world.level.storage.loot.LootPool$Serializer.deserialize(LootPool.java:189) ~[server-1.20.1-20230612.114412-srg.jar%23205!/:?]
	at com.google.gson.internal.bind.TreeTypeAdapter.read(TreeTypeAdapter.java:76) ~[gson-2.10.jar%2372!/:?]
	at com.google.gson.internal.bind.TypeAdapterRuntimeTypeWrapper.read(TypeAdapterRuntimeTypeWrapper.java:40) ~[gson-2.10.jar%2372!/:?]
	at com.google.gson.internal.bind.ArrayTypeAdapter.read(ArrayTypeAdapter.java:72) ~[gson-2.10.jar%2372!/:?]
	at com.google.gson.Gson.fromJson(Gson.java:1214) ~[gson-2.10.jar%2372!/:?]
	at com.google.gson.Gson.fromJson(Gson.java:1319) ~[gson-2.10.jar%2372!/:?]
	at com.google.gson.Gson.fromJson(Gson.java:1290) ~[gson-2.10.jar%2372!/:?]
	at com.google.gson.internal.bind.TreeTypeAdapter$GsonContextImpl.deserialize(TreeTypeAdapter.java:179) ~[gson-2.10.jar%2372!/:?]
	at net.minecraft.util.GsonHelper.m_13808_(GsonHelper.java:463) ~[server-1.20.1-20230612.114412-srg.jar%23205!/:?]
	at net.minecraft.util.GsonHelper.m_13845_(GsonHelper.java:481) ~[server-1.20.1-20230612.114412-srg.jar%23205!/:?]
	at net.minecraft.world.level.storage.loot.LootTable$Serializer.deserialize(LootTable.java:294) ~[server-1.20.1-20230612.114412-srg.jar%23205!/:?]
	at net.minecraft.world.level.storage.loot.LootTable$Serializer.deserialize(LootTable.java:291) ~[server-1.20.1-20230612.114412-srg.jar%23205!/:?]
	at com.google.gson.internal.bind.TreeTypeAdapter.read(TreeTypeAdapter.java:76) ~[gson-2.10.jar%2372!/:?]
	at com.google.gson.Gson.fromJson(Gson.java:1214) ~[gson-2.10.jar%2372!/:?]
	at com.google.gson.Gson.fromJson(Gson.java:1319) ~[gson-2.10.jar%2372!/:?]
	at com.google.gson.Gson.fromJson(Gson.java:1261) ~[gson-2.10.jar%2372!/:?]
	at net.minecraftforge.common.ForgeHooks.loadLootTable(ForgeHooks.java:871) ~[forge-1.20.1-47.3.7-universal.jar%23210!/:?]
	at net.minecraftforge.common.ForgeHooks.lambda$getLootTableDeserializer$3(ForgeHooks.java:848) ~[forge-1.20.1-47.3.7-universal.jar%23210!/:?]
	at net.minecraft.world.level.storage.loot.LootDataType.deserialize(LootDataType.java:45) ~[server-1.20.1-20230612.114412-srg.jar%23205!/:?]
	at net.minecraft.world.level.storage.loot.LootDataManager.lambda$scheduleElementParse$4(LootDataManager.java:56) ~[server-1.20.1-20230612.114412-srg.jar%23205!/:?]
	at java.util.HashMap.forEach(HashMap.java:1421) ~[?:?]
	at net.minecraft.world.level.storage.loot.LootDataManager.m_278660_(LootDataManager.java:55) ~[server-1.20.1-20230612.114412-srg.jar%23205!/:?]
	at java.util.concurrent.CompletableFuture$AsyncRun.run(CompletableFuture.java:1804) ~[?:?]
	at java.util.concurrent.CompletableFuture$AsyncRun.exec(CompletableFuture.java:1796) ~[?:?]
	at java.util.concurrent.ForkJoinTask.doExec(ForkJoinTask.java:373) ~[?:?]
	at java.util.concurrent.ForkJoinPool$WorkQueue.topLevelExec(ForkJoinPool.java:1182) ~[?:?]
	at java.util.concurrent.ForkJoinPool.scan(ForkJoinPool.java:1655) ~[?:?]
	at java.util.concurrent.ForkJoinPool.runWorker(ForkJoinPool.java:1622) ~[?:?]
	at java.util.concurrent.ForkJoinWorkerThread.run(ForkJoinWorkerThread.java:165) ~[?:?]
[02Jun2025 01:59:06.530] [Worker-Main-3/INFO] [epicfight/]: Register animations from efiscompat
[02Jun2025 01:59:06.562] [Worker-Main-3/INFO] [epicfight/]: Register animations from epicfight
[02Jun2025 01:59:06.781] [Worker-Main-3/INFO] [epicfight/]: Register animations from wom
[02Jun2025 01:59:07.871] [main/WARN] [net.minecraft.world.level.storage.loot.LootDataManager/]: Found loot table element validation problem in {loot_tables:mofus_better_end_:entities/bloodworm}.pools[0].entries[1].functions[1]: Parameters [<parameter minecraft:tool>] are not provided in this context
[02Jun2025 01:59:07.871] [main/WARN] [net.minecraft.world.level.storage.loot.LootDataManager/]: Found loot table element validation problem in {loot_tables:mofus_better_end_:entities/bloodworm}.pools[0].entries[0].functions[1]: Parameters [<parameter minecraft:tool>] are not provided in this context
[02Jun2025 01:59:07.871] [main/WARN] [net.minecraft.world.level.storage.loot.LootDataManager/]: Found loot table element validation problem in {loot_tables:mofus_better_end_:entities/crown_squid}.pools[0].entries[1].functions[1]: Parameters [<parameter minecraft:tool>] are not provided in this context
[02Jun2025 01:59:07.896] [main/ERROR] [net.minecraft.world.item.crafting.RecipeManager/]: Parsing error loading recipe dungeons_and_combat:light_upgrade_molten_bone_greatsword: com.google.gson.JsonSyntaxException: Unknown item 'dungeons_and_combat:deleted_mod_element'
[02Jun2025 01:59:07.911] [main/ERROR] [net.minecraft.world.item.crafting.RecipeManager/]: Parsing error loading recipe traveloptics:augment_bruteforce_legendary: com.google.gson.JsonSyntaxException: Unknown item 'traveloptics:augment_bruteforce_epic'
[02Jun2025 01:59:07.925] [main/ERROR] [net.minecraft.world.item.crafting.RecipeManager/]: Parsing error loading recipe mofus_better_end_:end_engine_recipe: com.google.gson.JsonSyntaxException: Unknown item 'mofus_better_end_:deleted_mod_element'
[02Jun2025 01:59:07.930] [main/ERROR] [net.minecraft.world.item.crafting.RecipeManager/]: Parsing error loading recipe traveloptics:amethyst_bless/augment_bruteforce_blessed: com.google.gson.JsonSyntaxException: Unknown item 'traveloptics:augment_bruteforce_mythic'
[02Jun2025 01:59:07.939] [main/ERROR] [net.minecraft.world.item.crafting.RecipeManager/]: Parsing error loading recipe legendary_monsters:ancient_dripstone_brick_stairs_left: com.google.gson.JsonSyntaxException: Unknown item 'legendary_monsters:ancient_dripstone_brick'
[02Jun2025 01:59:07.941] [main/ERROR] [net.minecraft.world.item.crafting.RecipeManager/]: Parsing error loading recipe legendary_monsters:purified_soul: com.google.gson.JsonSyntaxException: Invalid or unsupported recipe type 'minecraft:brewing'
[02Jun2025 01:59:07.943] [main/ERROR] [net.minecraft.world.item.crafting.RecipeManager/]: Parsing error loading recipe traveloptics:augment_infusion/augment_bruteforce_wild: com.google.gson.JsonSyntaxException: Unknown item 'traveloptics:augment_bruteforce_legendary'
[02Jun2025 01:59:07.946] [main/ERROR] [net.minecraft.world.item.crafting.RecipeManager/]: Parsing error loading recipe legendary_monsters:dinosaur_bone_meal: com.google.gson.JsonSyntaxException: Unknown item 'legendary_monsters:dinosaur_bone_meal'
[02Jun2025 01:59:07.957] [main/ERROR] [net.minecraft.world.item.crafting.RecipeManager/]: Parsing error loading recipe dungeons_and_combat:light_upgrade_blazing_halberd: com.google.gson.JsonSyntaxException: Unknown item 'dungeons_and_combat:deleted_mod_element'
[02Jun2025 01:59:07.963] [main/INFO] [net.minecraft.world.item.crafting.RecipeManager/]: Loaded 9 recipes
[02Jun2025 01:59:08.094] [main/INFO] [net.minecraft.advancements.AdvancementList/]: Loaded 2167 advancements
[02Jun2025 01:59:08.101] [main/INFO] [placebo/]: Registered 0 additional recipes.
[02Jun2025 01:59:08.429] [main/INFO] [top.theillusivec4.curios.Curios/]: Loaded 16 curio slots
[02Jun2025 01:59:08.435] [main/ERROR] [top.theillusivec4.curios.Curios/]: talisman is not a registered slot type!
[02Jun2025 01:59:08.437] [main/INFO] [top.theillusivec4.curios.Curios/]: Loaded 1 curio entities
[02Jun2025 01:59:08.440] [main/WARN] [epicfight/]: Skill cdmoveset:fatalslash doesn't exist in the registry.
[02Jun2025 01:59:08.441] [main/WARN] [epicfight/]: Skill cdmoveset:sstep doesn't exist in the registry.
[02Jun2025 01:59:08.491] [main/INFO] [placebo/]: Registered 0 gear_sets.
[02Jun2025 01:59:08.723] [Server thread/INFO] [net.minecraft.server.dedicated.DedicatedServer/]: Starting minecraft server version 1.20.1
[02Jun2025 01:59:08.723] [Server thread/INFO] [net.minecraft.server.dedicated.DedicatedServer/]: Loading properties
[02Jun2025 01:59:08.724] [Server thread/INFO] [net.minecraft.server.dedicated.DedicatedServer/]: Default game type: SURVIVAL
[02Jun2025 01:59:08.724] [Server thread/INFO] [net.minecraft.server.MinecraftServer/]: Generating keypair
[02Jun2025 01:59:08.790] [Server thread/INFO] [net.minecraft.server.dedicated.DedicatedServer/]: Starting Minecraft server on *:25565
[02Jun2025 01:59:08.821] [Server thread/INFO] [net.minecraft.server.network.ServerConnectionListener/]: Using epoll channel type
[02Jun2025 01:59:08.892] [Server thread/WARN] [net.minecraft.server.dedicated.DedicatedServer/]: **** SERVER IS RUNNING IN OFFLINE/INSECURE MODE!
[02Jun2025 01:59:08.893] [Server thread/WARN] [net.minecraft.server.dedicated.DedicatedServer/]: The server will make no attempt to authenticate usernames. Beware.
[02Jun2025 01:59:08.893] [Server thread/WARN] [net.minecraft.server.dedicated.DedicatedServer/]: While this makes the game possible to play without internet access, it also opens up the ability for hackers to connect with any username they choose.
[02Jun2025 01:59:08.893] [Server thread/WARN] [net.minecraft.server.dedicated.DedicatedServer/]: To change this, set "online-mode" to "true" in the server.properties file.
[02Jun2025 01:59:08.904] [Server thread/INFO] [com.cupboard.Cupboard/]: Loaded config for: dynamicview.json
[02Jun2025 01:59:08.908] [Server thread/INFO] [journeymap/]: Loading JourneyMap Forge Configs
[02Jun2025 01:59:09.004] [Server thread/INFO] [net.jadenxgamer.elysium_api.Elysium/]: ElysiumBiomeSource successfully initialized for minecraft:overworld
[02Jun2025 01:59:09.005] [Server thread/INFO] [net.jadenxgamer.elysium_api.Elysium/]: ElysiumBiomeSource successfully initialized for minecraft:the_nether
[02Jun2025 01:59:09.007] [Server thread/INFO] [net.minecraft.server.dedicated.DedicatedServer/]: Preparing level "world"
[02Jun2025 01:59:09.071] [Server thread/WARN] [mixin/]: @Redirect conflict. Skipping servercore.common.mixins.json:optimizations.ticking.chunk.cache.ServerChunkCacheMixin->@Redirect::servercore$noList(I)Ljava/util/ArrayList; with priority 900, already redirected by canary.mixins.json:alloc.chunk_ticking.ServerChunkCacheMixin->@Redirect::redirectChunksListClone(I)Ljava/util/ArrayList; with priority 1000
[02Jun2025 01:59:10.196] [Server thread/ERROR] [net.minecraftforge.fml.loading.RuntimeDistCleaner/DISTXFORM]: Attempted to load class net/minecraft/client/resources/sounds/SoundInstance for invalid dist DEDICATED_SERVER
[02Jun2025 01:59:10.230] [Server thread/INFO] [net.minecraft.server.MinecraftServer/]: Preparing start region for dimension minecraft:overworld
[02Jun2025 01:59:10.233] [Server thread/WARN] [mixin/]: Method overwrite conflict for removeIf in canary.mixins.json:world.chunk_tickets.SortedArraySetMixin, previously written by org.embeddedt.modernfix.common.mixin.bugfix.paper_chunk_patches.SortedArraySetMixin. Skipping method.
[02Jun2025 01:59:11.847] [Server thread/INFO] [net.minecraft.server.level.progress.LoggerChunkProgressListener/]: Preparing spawn area: 0%
[02Jun2025 01:59:11.848] [Server thread/INFO] [net.minecraft.server.level.progress.LoggerChunkProgressListener/]: Preparing spawn area: 0%
[02Jun2025 01:59:11.848] [Server thread/INFO] [net.minecraft.server.level.progress.LoggerChunkProgressListener/]: Preparing spawn area: 0%
[02Jun2025 01:59:11.849] [Server thread/INFO] [net.minecraft.server.level.progress.LoggerChunkProgressListener/]: Preparing spawn area: 0%
[02Jun2025 01:59:12.331] [Server thread/INFO] [net.minecraft.server.level.progress.LoggerChunkProgressListener/]: Time elapsed: 2101 ms
[02Jun2025 01:59:12.332] [Server thread/INFO] [net.minecraft.server.dedicated.DedicatedServer/]: Done (3.425s)! For help, type "help"
[02Jun2025 01:59:12.385] [Server thread/INFO] [net.minecraftforge.server.permission.PermissionAPI/]: Successfully initialized permission handler forge:default_handler
[02Jun2025 01:59:12.452] [Server thread/WARN] [ModernFix/]: Dedicated server took 34.669 seconds to load
[02Jun2025 01:59:58.759] [Server thread/INFO] [net.minecraft.server.network.ServerLoginPacketListenerImpl/]: com.mojang.authlib.GameProfile@230ad0e6[id=<null>,name=s22e310,properties={},legacy=false] (/127.3.19.212:56283) lost connection: Disconnected
[02Jun2025 01:59:59.672] [Server thread/INFO] [net.minecraft.server.players.PlayerList/]: Jhonxd592[/127.33.255.94:60801] logged in with entity id 1018 at (531.1109079536782, 75.0, 683.0020875256315)
[02Jun2025 01:59:59.751] [Server thread/INFO] [net.minecraft.server.MinecraftServer/]: Jhonxd592 joined the game
[02Jun2025 02:00:17.358] [Server thread/INFO] [com.esm.nightmare.MobBehavs.SpawnRideableMob/]: ESM - Init Rideable EntityEntity_Type and Jockey Lists...
[02Jun2025 02:00:17.359] [Server thread/INFO] [com.esm.nightmare.MobBehavs.SpawnRideableMob/]: RideListLength = 7
[02Jun2025 02:00:17.359] [Server thread/INFO] [com.esm.nightmare.MobBehavs.SpawnRideableMob/]: RideList = creeper,spider,skeleton,chicken,pig,skeleton horse,zombie horse,
[02Jun2025 02:00:17.360] [Server thread/INFO] [com.esm.nightmare.MobBehavs.SpawnRideableMob/]: Jockey List Length = 7
[02Jun2025 02:00:17.360] [Server thread/INFO] [com.esm.nightmare.MobBehavs.SpawnRideableMob/]: JockeyList = creeper,skeleton,zombie,pillager,vindicator,witch,zombified piglin,
[02Jun2025 02:00:17.361] [Server thread/INFO] [com.esm.nightmare.MobBehavs.SpawnRideableMob/]: ESM - Init Rideable EntityEntity_Type and Jockey Lists...
[02Jun2025 02:00:23.356] [Server thread/INFO] [com.esm.nightmare.MobBehavs.SpawnRideableMob/]: ESM - Init Rideable EntityEntity_Type and Jockey Lists...
[02Jun2025 02:00:23.358] [Server thread/INFO] [com.esm.nightmare.MobBehavs.SpawnRideableMob/]: Spawning Jockey at: BlockPos{x=497, y=-13, z=568}
[02Jun2025 02:00:25.808] [Server thread/INFO] [com.esm.nightmare.MobBehavs.SpawnRideableMob/]: ESM - Init Rideable EntityEntity_Type and Jockey Lists...
[02Jun2025 02:00:26.157] [Server thread/INFO] [com.esm.nightmare.MobBehavs.SpawnRideableMob/]: ESM - Init Rideable EntityEntity_Type and Jockey Lists...
[02Jun2025 02:00:39.254] [Server thread/INFO] [com.esm.nightmare.MobBehavs.SpawnRideableMob/]: ESM - Init Rideable EntityEntity_Type and Jockey Lists...
[02Jun2025 02:00:41.905] [Server thread/INFO] [com.esm.nightmare.MobBehavs.SpawnRideableMob/]: ESM - Init Rideable EntityEntity_Type and Jockey Lists...
[02Jun2025 02:00:41.905] [Server thread/INFO] [com.esm.nightmare.MobBehavs.SpawnRideableMob/]: Spawning Jockey at: BlockPos{x=547, y=39, z=669}
[02Jun2025 02:00:50.856] [Server thread/INFO] [com.esm.nightmare.MobBehavs.SpawnRideableMob/]: ESM - Init Rideable EntityEntity_Type and Jockey Lists...
[02Jun2025 02:01:58.270] [Server thread/INFO] [net.minecraft.server.network.ServerLoginPacketListenerImpl/]: com.mojang.authlib.GameProfile@49b0594e[id=<null>,name=s22e310,properties={},legacy=false] (/127.3.19.212:33337) lost connection: Disconnected
[02Jun2025 02:02:03.754] [Server thread/INFO] [net.minecraft.server.players.PlayerList/]: s22e310[/127.3.19.212:41223] logged in with entity id 2047 at (547.5824232191449, 98.0, 640.5362008333451)
[02Jun2025 02:02:03.765] [Server thread/INFO] [net.minecraft.server.MinecraftServer/]: s22e310 joined the game
[02Jun2025 02:02:03.929] [Server thread/INFO] [com.esm.nightmare.MobBehavs.SpawnRideableMob/]: ESM - Init Rideable EntityEntity_Type and Jockey Lists...
[02Jun2025 02:02:03.930] [Server thread/INFO] [com.esm.nightmare.MobBehavs.SpawnRideableMob/]: Spawning Jockey at: BlockPos{x=569, y=53, z=592}
[02Jun2025 02:02:27.256] [Server thread/INFO] [com.esm.nightmare.MobBehavs.SpawnRideableMob/]: ESM - Init Rideable EntityEntity_Type and Jockey Lists...
[02Jun2025 02:02:27.257] [Server thread/INFO] [com.esm.nightmare.MobBehavs.SpawnRideableMob/]: Spawning Jockey at: BlockPos{x=520, y=25, z=635}
[02Jun2025 02:02:28.755] [Server thread/INFO] [com.esm.nightmare.MobBehavs.SpawnRideableMob/]: ESM - Init Rideable EntityEntity_Type and Jockey Lists...
[02Jun2025 02:02:28.755] [Server thread/INFO] [com.esm.nightmare.MobBehavs.SpawnRideableMob/]: Spawning Jockey at: BlockPos{x=516, y=34, z=615}
[02Jun2025 02:02:34.007] [Server thread/INFO] [com.esm.nightmare.MobBehavs.SpawnRideableMob/]: ESM - Init Rideable EntityEntity_Type and Jockey Lists...
[02Jun2025 02:02:34.007] [Server thread/INFO] [com.esm.nightmare.MobBehavs.SpawnRideableMob/]: Spawning Jockey at: BlockPos{x=545, y=80, z=523}
[02Jun2025 02:02:45.605] [Server thread/INFO] [com.esm.nightmare.MobBehavs.SpawnRideableMob/]: ESM - Init Rideable EntityEntity_Type and Jockey Lists...
[02Jun2025 02:02:45.606] [Server thread/INFO] [com.esm.nightmare.MobBehavs.SpawnRideableMob/]: Spawning Jockey at: BlockPos{x=535, y=42, z=598}
[02Jun2025 02:02:47.555] [Server thread/INFO] [com.esm.nightmare.MobBehavs.SpawnRideableMob/]: ESM - Init Rideable EntityEntity_Type and Jockey Lists...
[02Jun2025 02:02:47.555] [Server thread/INFO] [com.esm.nightmare.MobBehavs.SpawnRideableMob/]: Spawning Jockey at: BlockPos{x=490, y=-19, z=612}
[02Jun2025 02:02:49.056] [Server thread/INFO] [com.esm.nightmare.MobBehavs.SpawnRideableMob/]: ESM - Init Rideable EntityEntity_Type and Jockey Lists...
[02Jun2025 02:02:49.306] [Server thread/INFO] [com.esm.nightmare.MobBehavs.SpawnRideableMob/]: ESM - Init Rideable EntityEntity_Type and Jockey Lists...
[02Jun2025 02:03:08.106] [Server thread/INFO] [com.esm.nightmare.MobBehavs.SpawnRideableMob/]: ESM - Init Rideable EntityEntity_Type and Jockey Lists...
[02Jun2025 02:03:12.356] [Server thread/INFO] [com.esm.nightmare.MobBehavs.SpawnRideableMob/]: ESM - Init Rideable EntityEntity_Type and Jockey Lists...
[02Jun2025 02:03:12.356] [Server thread/INFO] [com.esm.nightmare.MobBehavs.SpawnRideableMob/]: Spawning Jockey at: BlockPos{x=565, y=8, z=716}
[02Jun2025 02:03:17.756] [Server thread/INFO] [com.esm.nightmare.MobBehavs.SpawnRideableMob/]: ESM - Init Rideable EntityEntity_Type and Jockey Lists...
[02Jun2025 02:03:17.756] [Server thread/INFO] [com.esm.nightmare.MobBehavs.SpawnRideableMob/]: Spawning Jockey at: BlockPos{x=489, y=26, z=607}
[02Jun2025 02:03:20.707] [Server thread/INFO] [com.esm.nightmare.MobBehavs.SpawnRideableMob/]: ESM - Init Rideable EntityEntity_Type and Jockey Lists...
[02Jun2025 02:03:20.707] [Server thread/INFO] [com.esm.nightmare.MobBehavs.SpawnRideableMob/]: Spawning Jockey at: BlockPos{x=477, y=34, z=595}
[02Jun2025 02:03:26.505] [Server thread/INFO] [com.esm.nightmare.MobBehavs.SpawnRideableMob/]: ESM - Init Rideable EntityEntity_Type and Jockey Lists...
[02Jun2025 02:03:26.506] [Server thread/INFO] [com.esm.nightmare.MobBehavs.SpawnRideableMob/]: Spawning Jockey at: BlockPos{x=522, y=22, z=597}
[02Jun2025 02:03:27.356] [Server thread/INFO] [com.esm.nightmare.MobBehavs.SpawnRideableMob/]: ESM - Init Rideable EntityEntity_Type and Jockey Lists...
[02Jun2025 02:04:00.255] [Server thread/INFO] [com.esm.nightmare.MobBehavs.SpawnRideableMob/]: ESM - Init Rideable EntityEntity_Type and Jockey Lists...
[02Jun2025 02:04:00.256] [Server thread/INFO] [com.esm.nightmare.MobBehavs.SpawnRideableMob/]: Spawning Jockey at: BlockPos{x=565, y=68, z=726}
[02Jun2025 02:04:02.056] [Server thread/INFO] [com.esm.nightmare.MobBehavs.SpawnRideableMob/]: ESM - Init Rideable EntityEntity_Type and Jockey Lists...
[02Jun2025 02:04:27.556] [Server thread/INFO] [com.esm.nightmare.MobBehavs.SpawnRideableMob/]: ESM - Init Rideable EntityEntity_Type and Jockey Lists...
[02Jun2025 02:04:33.707] [Server thread/INFO] [com.esm.nightmare.MobBehavs.SpawnRideableMob/]: ESM - Init Rideable EntityEntity_Type and Jockey Lists...
[02Jun2025 02:04:56.155] [Server thread/INFO] [com.esm.nightmare.MobBehavs.SpawnRideableMob/]: ESM - Init Rideable EntityEntity_Type and Jockey Lists...
[02Jun2025 02:05:02.257] [Server thread/INFO] [com.esm.nightmare.MobBehavs.SpawnRideableMob/]: ESM - Init Rideable EntityEntity_Type and Jockey Lists...
[02Jun2025 02:05:02.257] [Server thread/INFO] [com.esm.nightmare.MobBehavs.SpawnRideableMob/]: Spawning Jockey at: BlockPos{x=563, y=68, z=725}
[02Jun2025 02:05:06.406] [Server thread/INFO] [com.esm.nightmare.MobBehavs.SpawnRideableMob/]: ESM - Init Rideable EntityEntity_Type and Jockey Lists...
[02Jun2025 02:05:06.406] [Server thread/INFO] [com.esm.nightmare.MobBehavs.SpawnRideableMob/]: Spawning Jockey at: BlockPos{x=573, y=-2, z=713}
[02Jun2025 02:06:10.557] [Server thread/INFO] [com.esm.nightmare.MobBehavs.SpawnRideableMob/]: ESM - Init Rideable EntityEntity_Type and Jockey Lists...
[02Jun2025 02:06:14.905] [Server thread/INFO] [com.esm.nightmare.MobBehavs.SpawnRideableMob/]: ESM - Init Rideable EntityEntity_Type and Jockey Lists...
[02Jun2025 02:06:21.205] [Server thread/INFO] [com.esm.nightmare.MobBehavs.SpawnRideableMob/]: ESM - Init Rideable EntityEntity_Type and Jockey Lists...
[02Jun2025 02:06:27.056] [Server thread/INFO] [com.esm.nightmare.MobBehavs.SpawnRideableMob/]: ESM - Init Rideable EntityEntity_Type and Jockey Lists...
[02Jun2025 02:06:47.755] [Server thread/INFO] [com.esm.nightmare.MobBehavs.SpawnRideableMob/]: ESM - Init Rideable EntityEntity_Type and Jockey Lists...
[02Jun2025 02:06:49.956] [Server thread/INFO] [com.esm.nightmare.MobBehavs.SpawnRideableMob/]: ESM - Init Rideable EntityEntity_Type and Jockey Lists...
[02Jun2025 02:06:49.956] [Server thread/INFO] [com.esm.nightmare.MobBehavs.SpawnRideableMob/]: Spawning Jockey at: BlockPos{x=586, y=68, z=769}
[02Jun2025 02:07:00.106] [Server thread/INFO] [com.esm.nightmare.MobBehavs.SpawnRideableMob/]: ESM - Init Rideable EntityEntity_Type and Jockey Lists...
[02Jun2025 02:07:07.855] [Server thread/INFO] [com.esm.nightmare.MobBehavs.SpawnRideableMob/]: ESM - Init Rideable EntityEntity_Type and Jockey Lists...
[02Jun2025 02:07:07.855] [Server thread/INFO] [com.esm.nightmare.MobBehavs.SpawnRideableMob/]: Spawning Jockey at: BlockPos{x=522, y=25, z=647}
[02Jun2025 02:07:10.856] [Server thread/INFO] [com.esm.nightmare.MobBehavs.SpawnRideableMob/]: ESM - Init Rideable EntityEntity_Type and Jockey Lists...
[02Jun2025 02:07:23.757] [Server thread/INFO] [com.esm.nightmare.MobBehavs.SpawnRideableMob/]: ESM - Init Rideable EntityEntity_Type and Jockey Lists...
[02Jun2025 02:07:23.757] [Server thread/INFO] [com.esm.nightmare.MobBehavs.SpawnRideableMob/]: Spawning Jockey at: BlockPos{x=566, y=85, z=698}
[02Jun2025 02:07:24.605] [Server thread/INFO] [com.esm.nightmare.MobBehavs.SpawnRideableMob/]: ESM - Init Rideable EntityEntity_Type and Jockey Lists...
[02Jun2025 02:07:24.605] [Server thread/INFO] [com.esm.nightmare.MobBehavs.SpawnRideableMob/]: Spawning Jockey at: BlockPos{x=651, y=79, z=676}
[02Jun2025 02:07:33.956] [Server thread/INFO] [com.esm.nightmare.MobBehavs.SpawnRideableMob/]: ESM - Init Rideable EntityEntity_Type and Jockey Lists...
[02Jun2025 02:07:33.956] [Server thread/INFO] [com.esm.nightmare.MobBehavs.SpawnRideableMob/]: Spawning Jockey at: BlockPos{x=568, y=69, z=738}
[02Jun2025 02:07:36.406] [Server thread/INFO] [com.esm.nightmare.MobBehavs.SpawnRideableMob/]: ESM - Init Rideable EntityEntity_Type and Jockey Lists...
[02Jun2025 02:07:39.905] [Server thread/INFO] [com.esm.nightmare.MobBehavs.SpawnRideableMob/]: ESM - Init Rideable EntityEntity_Type and Jockey Lists...
[02Jun2025 02:07:39.905] [Server thread/INFO] [com.esm.nightmare.MobBehavs.SpawnRideableMob/]: Spawning Jockey at: BlockPos{x=650, y=20, z=688}
[02Jun2025 02:07:41.955] [Server thread/INFO] [com.esm.nightmare.MobBehavs.SpawnRideableMob/]: ESM - Init Rideable EntityEntity_Type and Jockey Lists...
[02Jun2025 02:07:41.955] [Server thread/INFO] [com.esm.nightmare.MobBehavs.SpawnRideableMob/]: Spawning Jockey at: BlockPos{x=642, y=68, z=651}
[02Jun2025 02:07:55.656] [Server thread/INFO] [com.esm.nightmare.MobBehavs.SpawnRideableMob/]: ESM - Init Rideable EntityEntity_Type and Jockey Lists...
[02Jun2025 02:07:56.380] [Server thread/INFO] [net.minecraft.server.players.PlayerList/]: Herondale731[/127.3.19.212:57809] logged in with entity id 3357 at (363.5, 72.0, 184.5)
[02Jun2025 02:07:56.390] [Server thread/INFO] [net.minecraft.server.MinecraftServer/]: Herondale731 joined the game
[02Jun2025 02:07:56.429] [Server thread/INFO] [net.minecraft.server.MinecraftServer/]: Herondale731 has made the advancement [Dungeons And Combat]
[02Jun2025 02:07:56.453] [Server thread/INFO] [com.esm.nightmare.MobBehavs.SpawnRideableMob/]: ESM - Init Rideable EntityEntity_Type and Jockey Lists...
[02Jun2025 02:07:56.461] [Server thread/INFO] [com.esm.nightmare.MobBehavs.SpawnRideableMob/]: ESM - Init Rideable EntityEntity_Type and Jockey Lists...
[02Jun2025 02:07:56.465] [Server thread/INFO] [com.esm.nightmare.MobBehavs.SpawnRideableMob/]: ESM - Init Rideable EntityEntity_Type and Jockey Lists...
[02Jun2025 02:07:56.667] [Server thread/INFO] [com.esm.nightmare.MobBehavs.SpawnRideableMob/]: ESM - Init Rideable EntityEntity_Type and Jockey Lists...
[02Jun2025 02:07:56.668] [Server thread/INFO] [com.esm.nightmare.MobBehavs.SpawnRideableMob/]: Spawning Jockey at: BlockPos{x=490, y=103, z=530}
[02Jun2025 02:07:56.674] [Server thread/INFO] [com.esm.nightmare.MobBehavs.SpawnRideableMob/]: ESM - Init Rideable EntityEntity_Type and Jockey Lists...
[02Jun2025 02:07:56.676] [Server thread/INFO] [com.esm.nightmare.MobBehavs.SpawnRideableMob/]: Spawning Jockey at: BlockPos{x=608, y=58, z=696}
[02Jun2025 02:07:56.975] [Server thread/INFO] [com.esm.nightmare.MobBehavs.SpawnRideableMob/]: ESM - Init Rideable EntityEntity_Type and Jockey Lists...
[02Jun2025 02:07:56.975] [Server thread/INFO] [com.esm.nightmare.MobBehavs.SpawnRideableMob/]: Spawning Jockey at: BlockPos{x=409, y=71, z=236}
[02Jun2025 02:07:57.161] [Server thread/INFO] [com.esm.nightmare.MobBehavs.SpawnRideableMob/]: ESM - Init Rideable EntityEntity_Type and Jockey Lists...
[02Jun2025 02:07:58.857] [Server thread/INFO] [com.esm.nightmare.MobBehavs.SpawnRideableMob/]: ESM - Init Rideable EntityEntity_Type and Jockey Lists...
[02Jun2025 02:07:58.857] [Server thread/INFO] [com.esm.nightmare.MobBehavs.SpawnRideableMob/]: Spawning Jockey at: BlockPos{x=565, y=-3, z=595}
[02Jun2025 02:08:00.955] [Server thread/INFO] [com.esm.nightmare.MobBehavs.SpawnRideableMob/]: ESM - Init Rideable EntityEntity_Type and Jockey Lists...
[02Jun2025 02:08:00.956] [Server thread/INFO] [com.esm.nightmare.MobBehavs.SpawnRideableMob/]: Spawning Jockey at: BlockPos{x=409, y=64, z=145}
[02Jun2025 02:08:01.307] [Server thread/INFO] [com.esm.nightmare.MobBehavs.SpawnRideableMob/]: ESM - Init Rideable EntityEntity_Type and Jockey Lists...
[02Jun2025 02:08:01.308] [Server thread/INFO] [com.esm.nightmare.MobBehavs.SpawnRideableMob/]: Spawning Jockey at: BlockPos{x=571, y=69, z=740}
[02Jun2025 02:08:17.256] [Server thread/INFO] [com.esm.nightmare.MobBehavs.SpawnRideableMob/]: ESM - Init Rideable EntityEntity_Type and Jockey Lists...
[02Jun2025 02:08:17.257] [Server thread/INFO] [com.esm.nightmare.MobBehavs.SpawnRideableMob/]: ESM - Init Rideable EntityEntity_Type and Jockey Lists...
[02Jun2025 02:08:21.159] [Server thread/INFO] [com.esm.nightmare.MobBehavs.SpawnRideableMob/]: ESM - Init Rideable EntityEntity_Type and Jockey Lists...
[02Jun2025 02:08:21.160] [Server thread/INFO] [com.esm.nightmare.MobBehavs.SpawnRideableMob/]: Spawning Jockey at: BlockPos{x=494, y=6, z=600}
[02Jun2025 02:08:22.706] [Server thread/INFO] [com.esm.nightmare.MobBehavs.SpawnRideableMob/]: ESM - Init Rideable EntityEntity_Type and Jockey Lists...
[02Jun2025 02:08:22.706] [Server thread/INFO] [com.esm.nightmare.MobBehavs.SpawnRideableMob/]: Spawning Jockey at: BlockPos{x=380, y=63, z=132}
[02Jun2025 02:08:26.705] [Server thread/INFO] [com.esm.nightmare.MobBehavs.SpawnRideableMob/]: ESM - Init Rideable EntityEntity_Type and Jockey Lists...
[02Jun2025 02:08:31.356] [Server thread/INFO] [com.esm.nightmare.MobBehavs.SpawnRideableMob/]: ESM - Init Rideable EntityEntity_Type and Jockey Lists...
[02Jun2025 02:08:34.856] [Server thread/INFO] [com.esm.nightmare.MobBehavs.SpawnRideableMob/]: ESM - Init Rideable EntityEntity_Type and Jockey Lists...
[02Jun2025 02:08:42.606] [Server thread/INFO] [com.esm.nightmare.MobBehavs.SpawnRideableMob/]: ESM - Init Rideable EntityEntity_Type and Jockey Lists...
[02Jun2025 02:08:43.405] [Server thread/INFO] [com.esm.nightmare.MobBehavs.SpawnRideableMob/]: ESM - Init Rideable EntityEntity_Type and Jockey Lists...
[02Jun2025 02:08:44.232] [Server thread/INFO] [net.minecraft.server.network.ServerGamePacketListenerImpl/]: Herondale731 lost connection: Disconnected
[02Jun2025 02:08:44.233] [Server thread/INFO] [net.minecraft.server.MinecraftServer/]: Herondale731 left the game
[02Jun2025 02:09:11.156] [Server thread/INFO] [com.esm.nightmare.MobBehavs.SpawnRideableMob/]: ESM - Init Rideable EntityEntity_Type and Jockey Lists...
[02Jun2025 02:09:15.805] [Server thread/INFO] [com.esm.nightmare.MobBehavs.SpawnRideableMob/]: ESM - Init Rideable EntityEntity_Type and Jockey Lists...
[02Jun2025 02:09:15.806] [Server thread/INFO] [com.esm.nightmare.MobBehavs.SpawnRideableMob/]: Spawning Jockey at: BlockPos{x=530, y=32, z=582}
[02Jun2025 02:09:17.083] [Server thread/WARN] [tombstone/]: The death event of the player s22e310 was canceled by another mod
[02Jun2025 02:09:17.093] [Server thread/INFO] [tombstone/]: The player s22e310 has successfully been saved
[02Jun2025 02:09:27.155] [Server thread/INFO] [com.esm.nightmare.MobBehavs.SpawnRideableMob/]: ESM - Init Rideable EntityEntity_Type and Jockey Lists...
[02Jun2025 02:09:27.156] [Server thread/INFO] [com.esm.nightmare.MobBehavs.SpawnRideableMob/]: Spawning Jockey at: BlockPos{x=553, y=68, z=730}
[02Jun2025 02:09:30.406] [Server thread/INFO] [com.esm.nightmare.MobBehavs.SpawnRideableMob/]: ESM - Init Rideable EntityEntity_Type and Jockey Lists...
[02Jun2025 02:09:50.757] [Server thread/INFO] [com.esm.nightmare.MobBehavs.SpawnRideableMob/]: ESM - Init Rideable EntityEntity_Type and Jockey Lists...
[02Jun2025 02:09:50.757] [Server thread/INFO] [com.esm.nightmare.MobBehavs.SpawnRideableMob/]: Spawning Jockey at: BlockPos{x=476, y=-8, z=565}
[02Jun2025 02:09:53.156] [Server thread/INFO] [com.esm.nightmare.MobBehavs.SpawnRideableMob/]: ESM - Init Rideable EntityEntity_Type and Jockey Lists...
[02Jun2025 02:09:55.304] [Server thread/INFO] [com.esm.nightmare.MobBehavs.SpawnRideableMob/]: ESM - Init Rideable EntityEntity_Type and Jockey Lists...
[02Jun2025 02:09:55.304] [Server thread/INFO] [com.esm.nightmare.MobBehavs.SpawnRideableMob/]: Spawning Jockey at: BlockPos{x=488, y=10, z=568}
[02Jun2025 02:09:55.305] [Server thread/INFO] [com.esm.nightmare.MobBehavs.SpawnRideableMob/]: ESM - Init Rideable EntityEntity_Type and Jockey Lists...
[02Jun2025 02:09:55.306] [Server thread/INFO] [com.esm.nightmare.MobBehavs.SpawnRideableMob/]: Spawning Jockey at: BlockPos{x=488, y=10, z=569}
[02Jun2025 02:09:55.306] [Server thread/INFO] [com.esm.nightmare.MobBehavs.SpawnRideableMob/]: ESM - Init Rideable EntityEntity_Type and Jockey Lists...
[02Jun2025 02:09:55.306] [Server thread/INFO] [com.esm.nightmare.MobBehavs.SpawnRideableMob/]: Spawning Jockey at: BlockPos{x=488, y=10, z=569}
[02Jun2025 02:10:00.056] [Server thread/INFO] [com.esm.nightmare.MobBehavs.SpawnRideableMob/]: ESM - Init Rideable EntityEntity_Type and Jockey Lists...
[02Jun2025 02:10:00.056] [Server thread/INFO] [com.esm.nightmare.MobBehavs.SpawnRideableMob/]: Spawning Jockey at: BlockPos{x=579, y=69, z=487}
[02Jun2025 02:10:00.794] [Server thread/INFO] [net.minecraft.server.players.PlayerList/]: Herondale[/127.3.19.212:57905] logged in with entity id 4224 at (292.25250686545695, -51.0, 611.3523907211394)
[02Jun2025 02:10:00.803] [Server thread/INFO] [net.minecraft.server.MinecraftServer/]: Herondale joined the game
[02Jun2025 02:10:00.825] [Server thread/INFO] [net.minecraft.server.MinecraftServer/]: Herondale has made the advancement [Dungeons And Combat]
[02Jun2025 02:10:02.459] [Server thread/INFO] [com.esm.nightmare.MobBehavs.SpawnRideableMob/]: ESM - Init Rideable EntityEntity_Type and Jockey Lists...
[02Jun2025 02:10:02.459] [Server thread/INFO] [com.esm.nightmare.MobBehavs.SpawnRideableMob/]: Spawning Jockey at: BlockPos{x=234, y=-29, z=563}
[02Jun2025 02:10:02.625] [Server thread/INFO] [com.esm.nightmare.MobBehavs.SpawnRideableMob/]: ESM - Init Rideable EntityEntity_Type and Jockey Lists...
[02Jun2025 02:10:02.625] [Server thread/INFO] [com.esm.nightmare.MobBehavs.SpawnRideableMob/]: Spawning Jockey at: BlockPos{x=526, y=47, z=514}
[02Jun2025 02:10:02.955] [Server thread/INFO] [com.esm.nightmare.MobBehavs.SpawnRideableMob/]: ESM - Init Rideable EntityEntity_Type and Jockey Lists...
[02Jun2025 02:10:02.956] [Server thread/INFO] [com.esm.nightmare.MobBehavs.SpawnRideableMob/]: Spawning Jockey at: BlockPos{x=265, y=-46, z=530}
[02Jun2025 02:10:08.757] [Server thread/INFO] [com.esm.nightmare.MobBehavs.SpawnRideableMob/]: ESM - Init Rideable EntityEntity_Type and Jockey Lists...
[02Jun2025 02:10:08.757] [Server thread/INFO] [com.esm.nightmare.MobBehavs.SpawnRideableMob/]: Spawning Jockey at: BlockPos{x=283, y=-4, z=516}
[02Jun2025 02:10:19.306] [Server thread/INFO] [com.esm.nightmare.MobBehavs.SpawnRideableMob/]: ESM - Init Rideable EntityEntity_Type and Jockey Lists...
[02Jun2025 02:10:19.306] [Server thread/INFO] [com.esm.nightmare.MobBehavs.SpawnRideableMob/]: Spawning Jockey at: BlockPos{x=554, y=43, z=486}
[02Jun2025 02:10:23.856] [Server thread/INFO] [com.esm.nightmare.MobBehavs.SpawnRideableMob/]: ESM - Init Rideable EntityEntity_Type and Jockey Lists...
[02Jun2025 02:10:33.856] [Server thread/INFO] [com.esm.nightmare.MobBehavs.SpawnRideableMob/]: ESM - Init Rideable EntityEntity_Type and Jockey Lists...
[02Jun2025 02:10:33.856] [Server thread/INFO] [com.esm.nightmare.MobBehavs.SpawnRideableMob/]: Spawning Jockey at: BlockPos{x=466, y=32, z=559}
[02Jun2025 02:10:35.256] [Server thread/INFO] [com.esm.nightmare.MobBehavs.SpawnRideableMob/]: ESM - Init Rideable EntityEntity_Type and Jockey Lists...
[02Jun2025 02:10:35.256] [Server thread/INFO] [com.esm.nightmare.MobBehavs.SpawnRideableMob/]: Spawning Jockey at: BlockPos{x=359, y=0, z=534}
[02Jun2025 02:10:35.807] [Server thread/INFO] [com.esm.nightmare.MobBehavs.SpawnRideableMob/]: ESM - Init Rideable EntityEntity_Type and Jockey Lists...
[02Jun2025 02:10:35.807] [Server thread/INFO] [com.esm.nightmare.MobBehavs.SpawnRideableMob/]: Spawning Jockey at: BlockPos{x=359, y=-25, z=697}
[02Jun2025 02:10:37.407] [Server thread/INFO] [com.esm.nightmare.MobBehavs.SpawnRideableMob/]: ESM - Init Rideable EntityEntity_Type and Jockey Lists...
[02Jun2025 02:10:37.906] [Server thread/INFO] [com.esm.nightmare.MobBehavs.SpawnRideableMob/]: ESM - Init Rideable EntityEntity_Type and Jockey Lists...
[02Jun2025 02:10:51.905] [Server thread/INFO] [com.esm.nightmare.MobBehavs.SpawnRideableMob/]: ESM - Init Rideable EntityEntity_Type and Jockey Lists...
[02Jun2025 02:10:51.906] [Server thread/INFO] [com.esm.nightmare.MobBehavs.SpawnRideableMob/]: Spawning Jockey at: BlockPos{x=227, y=-29, z=522}
[02Jun2025 02:11:00.406] [Server thread/INFO] [com.esm.nightmare.MobBehavs.SpawnRideableMob/]: ESM - Init Rideable EntityEntity_Type and Jockey Lists...
[02Jun2025 02:11:00.406] [Server thread/INFO] [com.esm.nightmare.MobBehavs.SpawnRideableMob/]: Spawning Jockey at: BlockPos{x=368, y=8, z=532}
[02Jun2025 02:11:00.806] [Server thread/INFO] [com.esm.nightmare.MobBehavs.SpawnRideableMob/]: ESM - Init Rideable EntityEntity_Type and Jockey Lists...
[02Jun2025 02:11:00.806] [Server thread/INFO] [com.esm.nightmare.MobBehavs.SpawnRideableMob/]: Spawning Jockey at: BlockPos{x=604, y=28, z=537}
[02Jun2025 02:11:06.604] [Server thread/INFO] [com.esm.nightmare.MobBehavs.SpawnRideableMob/]: ESM - Init Rideable EntityEntity_Type and Jockey Lists...
[02Jun2025 02:11:08.829] [Server thread/INFO] [net.minecraft.server.network.ServerGamePacketListenerImpl/]: Herondale lost connection: Disconnected
[02Jun2025 02:11:08.830] [Server thread/INFO] [net.minecraft.server.MinecraftServer/]: Herondale left the game
[02Jun2025 02:11:12.585] [Server thread/INFO] [net.minecraft.server.players.PlayerList/]: Herondale[/127.3.19.212:45183] logged in with entity id 4779 at (292.4701291941731, -51.0, 613.7030834195599)
[02Jun2025 02:11:12.592] [Server thread/INFO] [net.minecraft.server.MinecraftServer/]: Herondale joined the game
[02Jun2025 02:13:43.620] [Server thread/WARN] [net.minecraft.server.level.ServerPlayerGameMode/]: Mismatch in destroy block pos: BlockPos{x=288, y=-30, z=568} BlockPos{x=288, y=-29, z=569}
[02Jun2025 02:13:47.376] [Server thread/WARN] [tombstone/]: The death event of the player s22e310 was canceled by another mod
[02Jun2025 02:13:47.381] [Server thread/INFO] [tombstone/]: The player s22e310 has successfully been saved
[02Jun2025 02:14:07.077] [Server thread/INFO] [net.minecraft.server.MinecraftServer/]: Teleported s22e310 to Herondale
[02Jun2025 02:16:50.565] [Server thread/WARN] [tombstone/]: The death event of the player Herondale was canceled by another mod
[02Jun2025 02:16:50.572] [Server thread/INFO] [tombstone/]: The player Herondale has successfully been saved
[02Jun2025 02:18:07.328] [Server thread/INFO] [net.minecraft.server.MinecraftServer/]: Gave 1 [Diamond Helmet] to Herondale
[02Jun2025 02:18:50.367] [Server thread/INFO] [net.minecraft.server.MinecraftServer/]: Jhonxd592 has made the advancement [Sneak 100]
[02Jun2025 02:21:28.829] [Server thread/INFO] [net.minecraft.server.MinecraftServer/]: [Not Secure] <Herondale> corail tombstone
[02Jun2025 02:22:07.880] [Server thread/WARN] [net.minecraft.server.level.ServerPlayerGameMode/]: Mismatch in destroy block pos: BlockPos{x=354, y=-37, z=625} BlockPos{x=355, y=-37, z=625}
[02Jun2025 02:22:55.131] [Server thread/WARN] [net.minecraft.server.level.ServerPlayerGameMode/]: Mismatch in destroy block pos: BlockPos{x=335, y=-50, z=620} BlockPos{x=334, y=-50, z=619}
[02Jun2025 02:25:24.119] [Server thread/WARN] [net.minecraft.server.network.ServerGamePacketListenerImpl/]: Jhonxd592 moved wrongly!
[02Jun2025 02:26:00.733] [Server thread/INFO] [net.minecraft.server.MinecraftServer/]: Teleported s22e310 to Jhonxd592
[02Jun2025 02:26:38.660] [Server thread/WARN] [tombstone/]: The death event of the player Jhonxd592 was canceled by another mod
[02Jun2025 02:26:38.676] [Server thread/INFO] [tombstone/]: The player Jhonxd592 has successfully been saved
[02Jun2025 02:26:47.261] [Server thread/WARN] [tombstone/]: The death event of the player s22e310 was canceled by another mod
[02Jun2025 02:26:47.273] [Server thread/INFO] [tombstone/]: The player s22e310 has successfully been saved
[02Jun2025 02:27:38.615] [Server thread/INFO] [net.minecraft.server.MinecraftServer/]: Jhonxd592 was slain by Ferrous Wroughtnaut
[02Jun2025 02:27:38.628] [Server thread/INFO] [com.tiviacz.travelersbackpack.TravelersBackpack/]: Created new backpack backup file for Jhonxd592 with unique ID travelersbackpack.blaze_02.06.2025-02.27.38.dat
[02Jun2025 02:27:47.218] [Server thread/INFO] [net.minecraft.server.MinecraftServer/]: s22e310 was slain by Ferrous Wroughtnaut
[02Jun2025 02:27:47.220] [Server thread/INFO] [com.tiviacz.travelersbackpack.TravelersBackpack/]: Created new backpack backup file for s22e310 with unique ID travelersbackpack.iron_02.06.2025-02.27.47.dat
[02Jun2025 02:27:59.983] [Server thread/INFO] [net.minecraft.server.MinecraftServer/]: Teleported Jhonxd592 to Herondale
[02Jun2025 02:28:24.561] [Server thread/WARN] [tombstone/]: The death event of the player s22e310 was canceled by another mod
[02Jun2025 02:28:24.569] [Server thread/INFO] [tombstone/]: The player s22e310 has successfully been saved
[02Jun2025 02:28:29.215] [Server thread/INFO] [net.minecraft.server.MinecraftServer/]: Teleported Jhonxd592 to s22e310
[02Jun2025 02:29:09.470] [Server thread/INFO] [net.minecraft.server.MinecraftServer/]: No entity was found
[02Jun2025 02:29:18.216] [Server thread/INFO] [net.minecraft.server.MinecraftServer/]: Teleported Jhonxd592 to s22e310
[02Jun2025 02:30:13.959] [Server thread/WARN] [tombstone/]: The death event of the player s22e310 was canceled by another mod
[02Jun2025 02:30:13.967] [Server thread/INFO] [tombstone/]: The player s22e310 has successfully been saved
[02Jun2025 02:30:21.259] [Server thread/WARN] [tombstone/]: The death event of the player Herondale was canceled by another mod
[02Jun2025 02:30:21.267] [Server thread/INFO] [tombstone/]: The player Herondale has successfully been saved
[02Jun2025 02:30:28.821] [Server thread/INFO] [net.minecraft.server.MinecraftServer/]: Gave 1 [Ender Pearl] to Jhonxd592
[02Jun2025 02:30:49.420] [Server thread/INFO] [net.minecraft.server.MinecraftServer/]: Teleported Jhonxd592 to s22e310
[02Jun2025 02:31:08.755] [Server thread/INFO] [com.esm.nightmare.MobBehavs.SpawnRideableMob/]: ESM - Init Rideable EntityEntity_Type and Jockey Lists...
[02Jun2025 02:31:08.756] [Server thread/INFO] [com.esm.nightmare.MobBehavs.SpawnRideableMob/]: Spawning Jockey at: BlockPos{x=254, y=57, z=503}
[02Jun2025 02:31:08.756] [Server thread/INFO] [com.esm.nightmare.MobBehavs.SpawnRideableMob/]: ESM - Init Rideable EntityEntity_Type and Jockey Lists...
[02Jun2025 02:31:08.756] [Server thread/INFO] [com.esm.nightmare.MobBehavs.SpawnRideableMob/]: Spawning Jockey at: BlockPos{x=254, y=57, z=503}
[02Jun2025 02:31:15.505] [Server thread/INFO] [com.esm.nightmare.MobBehavs.SpawnRideableMob/]: ESM - Init Rideable EntityEntity_Type and Jockey Lists...
[02Jun2025 02:31:53.660] [Server thread/WARN] [tombstone/]: The death event of the player s22e310 was canceled by another mod
[02Jun2025 02:31:53.675] [Server thread/INFO] [tombstone/]: The player s22e310 has successfully been saved
[02Jun2025 02:32:02.959] [Server thread/WARN] [tombstone/]: The death event of the player s22e310 was canceled by another mod
[02Jun2025 02:32:02.970] [Server thread/INFO] [tombstone/]: The player s22e310 has successfully been saved
[02Jun2025 02:32:27.860] [Server thread/WARN] [tombstone/]: The death event of the player s22e310 was canceled by another mod
[02Jun2025 02:32:27.869] [Server thread/INFO] [tombstone/]: The player s22e310 has successfully been saved
[02Jun2025 02:32:28.955] [Server thread/INFO] [com.esm.nightmare.MobBehavs.SpawnRideableMob/]: ESM - Init Rideable EntityEntity_Type and Jockey Lists...
[02Jun2025 02:32:28.955] [Server thread/INFO] [com.esm.nightmare.MobBehavs.SpawnRideableMob/]: Spawning Jockey at: BlockPos{x=360, y=2, z=535}
[02Jun2025 02:32:39.006] [Server thread/INFO] [com.esm.nightmare.MobBehavs.SpawnRideableMob/]: ESM - Init Rideable EntityEntity_Type and Jockey Lists...
[02Jun2025 02:32:39.006] [Server thread/INFO] [com.esm.nightmare.MobBehavs.SpawnRideableMob/]: Spawning Jockey at: BlockPos{x=360, y=13, z=539}
[02Jun2025 02:32:56.313] [Server thread/WARN] [tombstone/]: The death event of the player s22e310 was canceled by another mod
[02Jun2025 02:32:56.327] [Server thread/INFO] [tombstone/]: The player s22e310 has successfully been saved
[02Jun2025 02:33:02.957] [Server thread/INFO] [com.esm.nightmare.MobBehavs.SpawnRideableMob/]: ESM - Init Rideable EntityEntity_Type and Jockey Lists...
[02Jun2025 02:33:02.957] [Server thread/INFO] [com.esm.nightmare.MobBehavs.SpawnRideableMob/]: Spawning Jockey at: BlockPos{x=399, y=37, z=598}
[02Jun2025 02:33:24.754] [Server thread/INFO] [com.esm.nightmare.MobBehavs.SpawnRideableMob/]: ESM - Init Rideable EntityEntity_Type and Jockey Lists...
[02Jun2025 02:33:24.755] [Server thread/INFO] [com.esm.nightmare.MobBehavs.SpawnRideableMob/]: Spawning Jockey at: BlockPos{x=289, y=-30, z=552}
[02Jun2025 02:33:24.755] [Server thread/INFO] [com.esm.nightmare.MobBehavs.SpawnRideableMob/]: ESM - Init Rideable EntityEntity_Type and Jockey Lists...
[02Jun2025 02:33:24.755] [Server thread/INFO] [com.esm.nightmare.MobBehavs.SpawnRideableMob/]: Spawning Jockey at: BlockPos{x=289, y=-30, z=552}
[02Jun2025 02:33:38.111] [Server thread/WARN] [tombstone/]: The death event of the player Herondale was canceled by another mod
[02Jun2025 02:33:38.122] [Server thread/INFO] [tombstone/]: The player Herondale has successfully been saved
[02Jun2025 02:33:55.056] [Server thread/INFO] [com.esm.nightmare.MobBehavs.SpawnRideableMob/]: ESM - Init Rideable EntityEntity_Type and Jockey Lists...
[02Jun2025 02:33:55.057] [Server thread/INFO] [com.esm.nightmare.MobBehavs.SpawnRideableMob/]: Spawning Jockey at: BlockPos{x=357, y=92, z=639}
[02Jun2025 02:33:55.105] [Server thread/INFO] [com.esm.nightmare.MobBehavs.SpawnRideableMob/]: ESM - Init Rideable EntityEntity_Type and Jockey Lists...
[02Jun2025 02:33:55.105] [Server thread/INFO] [com.esm.nightmare.MobBehavs.SpawnRideableMob/]: Spawning Jockey at: BlockPos{x=251, y=44, z=552}
[02Jun2025 02:34:14.055] [Server thread/INFO] [com.esm.nightmare.MobBehavs.SpawnRideableMob/]: ESM - Init Rideable EntityEntity_Type and Jockey Lists...
[02Jun2025 02:34:14.056] [Server thread/INFO] [com.esm.nightmare.MobBehavs.SpawnRideableMob/]: Spawning Jockey at: BlockPos{x=227, y=-40, z=565}
[02Jun2025 02:34:14.959] [Server thread/WARN] [tombstone/]: The death event of the player Jhonxd592 was canceled by another mod
[02Jun2025 02:34:14.969] [Server thread/INFO] [tombstone/]: The player Jhonxd592 has successfully been saved
[02Jun2025 02:34:35.656] [Server thread/INFO] [com.esm.nightmare.MobBehavs.SpawnRideableMob/]: ESM - Init Rideable EntityEntity_Type and Jockey Lists...
[02Jun2025 02:34:35.656] [Server thread/INFO] [com.esm.nightmare.MobBehavs.SpawnRideableMob/]: Spawning Jockey at: BlockPos{x=275, y=42, z=531}
[02Jun2025 02:34:35.771] [Server thread/WARN] [tombstone/]: The death event of the player s22e310 was canceled by another mod
[02Jun2025 02:34:35.772] [Server thread/INFO] [tombstone/]: The player s22e310 has successfully been saved
[02Jun2025 02:34:47.605] [Server thread/INFO] [com.esm.nightmare.MobBehavs.SpawnRideableMob/]: ESM - Init Rideable EntityEntity_Type and Jockey Lists...
[02Jun2025 02:34:47.605] [Server thread/INFO] [com.esm.nightmare.MobBehavs.SpawnRideableMob/]: Spawning Jockey at: BlockPos{x=380, y=73, z=511}
[02Jun2025 02:35:04.806] [Server thread/INFO] [com.esm.nightmare.MobBehavs.SpawnRideableMob/]: ESM - Init Rideable EntityEntity_Type and Jockey Lists...
[02Jun2025 02:35:04.806] [Server thread/INFO] [com.esm.nightmare.MobBehavs.SpawnRideableMob/]: Spawning Jockey at: BlockPos{x=320, y=-20, z=684}
[02Jun2025 02:35:12.504] [Server thread/INFO] [com.esm.nightmare.MobBehavs.SpawnRideableMob/]: ESM - Init Rideable EntityEntity_Type and Jockey Lists...
[02Jun2025 02:35:12.504] [Server thread/INFO] [com.esm.nightmare.MobBehavs.SpawnRideableMob/]: Spawning Jockey at: BlockPos{x=389, y=63, z=506}
[02Jun2025 02:35:30.789] [Server thread/INFO] [net.minecraft.server.players.PlayerList/]: 01Kevin10[/127.217.144.138:38531] logged in with entity id 15082 at (479.5081752507504, 38.0, 145.69999998807907)
[02Jun2025 02:35:30.797] [Server thread/INFO] [net.minecraft.server.MinecraftServer/]: 01Kevin10 joined the game
[02Jun2025 02:35:32.124] [Server thread/INFO] [com.esm.nightmare.MobBehavs.SpawnRideableMob/]: ESM - Init Rideable EntityEntity_Type and Jockey Lists...
[02Jun2025 02:35:32.125] [Server thread/INFO] [com.esm.nightmare.MobBehavs.SpawnRideableMob/]: Spawning Jockey at: BlockPos{x=431, y=57, z=191}
[02Jun2025 02:35:32.226] [Server thread/INFO] [com.esm.nightmare.MobBehavs.SpawnRideableMob/]: ESM - Init Rideable EntityEntity_Type and Jockey Lists...
[02Jun2025 02:35:32.226] [Server thread/INFO] [com.esm.nightmare.MobBehavs.SpawnRideableMob/]: Spawning Jockey at: BlockPos{x=500, y=88, z=104}
[02Jun2025 02:35:32.683] [Server thread/INFO] [com.esm.nightmare.MobBehavs.SpawnRideableMob/]: ESM - Init Rideable EntityEntity_Type and Jockey Lists...
[02Jun2025 02:35:32.684] [Server thread/INFO] [com.esm.nightmare.MobBehavs.SpawnRideableMob/]: Spawning Jockey at: BlockPos{x=381, y=70, z=148}
[02Jun2025 02:35:39.458] [Server thread/INFO] [com.esm.nightmare.MobBehavs.SpawnRideableMob/]: ESM - Init Rideable EntityEntity_Type and Jockey Lists...
[02Jun2025 02:35:39.458] [Server thread/INFO] [com.esm.nightmare.MobBehavs.SpawnRideableMob/]: Spawning Jockey at: BlockPos{x=262, y=-17, z=628}
[02Jun2025 02:35:44.668] [Server thread/WARN] [tombstone/]: The death event of the player s22e310 was canceled by another mod
[02Jun2025 02:35:44.680] [Server thread/INFO] [tombstone/]: The player s22e310 has successfully been saved
[02Jun2025 02:35:54.657] [Server thread/INFO] [com.esm.nightmare.MobBehavs.SpawnRideableMob/]: ESM - Init Rideable EntityEntity_Type and Jockey Lists...
[02Jun2025 02:35:54.657] [Server thread/INFO] [com.esm.nightmare.MobBehavs.SpawnRideableMob/]: Spawning Jockey at: BlockPos{x=285, y=16, z=583}
[02Jun2025 02:36:00.056] [Server thread/INFO] [com.esm.nightmare.MobBehavs.SpawnRideableMob/]: ESM - Init Rideable EntityEntity_Type and Jockey Lists...
[02Jun2025 02:36:02.865] [Server thread/INFO] [com.esm.nightmare.MobBehavs.SpawnRideableMob/]: ESM - Init Rideable EntityEntity_Type and Jockey Lists...
[02Jun2025 02:36:02.865] [Server thread/INFO] [com.esm.nightmare.MobBehavs.SpawnRideableMob/]: Spawning Jockey at: BlockPos{x=330, y=114, z=616}
[02Jun2025 02:36:20.276] [Server thread/INFO] [net.minecraft.server.MinecraftServer/]: Teleported Herondale to 01Kevin10
[02Jun2025 02:36:27.380] [Server thread/INFO] [net.minecraft.server.MinecraftServer/]: No entity was found
[02Jun2025 02:36:35.856] [Server thread/INFO] [com.esm.nightmare.MobBehavs.SpawnRideableMob/]: ESM - Init Rideable EntityEntity_Type and Jockey Lists...
[02Jun2025 02:36:35.856] [Server thread/INFO] [com.esm.nightmare.MobBehavs.SpawnRideableMob/]: Spawning Jockey at: BlockPos{x=302, y=79, z=600}
[02Jun2025 02:36:36.924] [Server thread/INFO] [net.minecraft.server.MinecraftServer/]: Teleported Jhonxd592 to 01Kevin10
[02Jun2025 02:36:40.308] [Server thread/INFO] [com.esm.nightmare.MobBehavs.SpawnRideableMob/]: ESM - Init Rideable EntityEntity_Type and Jockey Lists...
[02Jun2025 02:36:40.308] [Server thread/INFO] [com.esm.nightmare.MobBehavs.SpawnRideableMob/]: Spawning Jockey at: BlockPos{x=3938, y=-6, z=1205}
[02Jun2025 02:36:46.555] [Server thread/INFO] [com.esm.nightmare.MobBehavs.SpawnRideableMob/]: ESM - Init Rideable EntityEntity_Type and Jockey Lists...
[02Jun2025 02:36:47.006] [Server thread/INFO] [com.esm.nightmare.MobBehavs.SpawnRideableMob/]: ESM - Init Rideable EntityEntity_Type and Jockey Lists...
[02Jun2025 02:36:47.006] [Server thread/INFO] [com.esm.nightmare.MobBehavs.SpawnRideableMob/]: Spawning Jockey at: BlockPos{x=3838, y=-17, z=1231}
[02Jun2025 02:36:47.007] [Server thread/INFO] [com.esm.nightmare.MobBehavs.SpawnRideableMob/]: ESM - Init Rideable EntityEntity_Type and Jockey Lists...
[02Jun2025 02:36:47.007] [Server thread/INFO] [com.esm.nightmare.MobBehavs.SpawnRideableMob/]: Spawning Jockey at: BlockPos{x=3838, y=-17, z=1231}
[02Jun2025 02:36:47.054] [Server thread/INFO] [com.esm.nightmare.MobBehavs.SpawnRideableMob/]: ESM - Init Rideable EntityEntity_Type and Jockey Lists...
[02Jun2025 02:36:47.054] [Server thread/INFO] [com.esm.nightmare.MobBehavs.SpawnRideableMob/]: Spawning Jockey at: BlockPos{x=260, y=43, z=538}
[02Jun2025 02:36:51.504] [Server thread/INFO] [com.esm.nightmare.MobBehavs.SpawnRideableMob/]: ESM - Init Rideable EntityEntity_Type and Jockey Lists...
[02Jun2025 02:36:51.505] [Server thread/INFO] [com.esm.nightmare.MobBehavs.SpawnRideableMob/]: Spawning Jockey at: BlockPos{x=309, y=66, z=543}
[02Jun2025 02:37:00.720] [Server thread/WARN] [tombstone/]: The death event of the player 01Kevin10 was canceled by another mod
[02Jun2025 02:37:00.723] [Server thread/INFO] [tombstone/]: The player 01Kevin10 has successfully been saved
[02Jun2025 02:37:10.754] [Server thread/INFO] [com.esm.nightmare.MobBehavs.SpawnRideableMob/]: ESM - Init Rideable EntityEntity_Type and Jockey Lists...
[02Jun2025 02:37:10.755] [Server thread/INFO] [com.esm.nightmare.MobBehavs.SpawnRideableMob/]: Spawning Jockey at: BlockPos{x=318, y=26, z=547}
[02Jun2025 02:37:18.132] [Server thread/INFO] [com.esm.nightmare.MobBehavs.SpawnRideableMob/]: ESM - Init Rideable EntityEntity_Type and Jockey Lists...
[02Jun2025 02:37:18.132] [Server thread/INFO] [com.esm.nightmare.MobBehavs.SpawnRideableMob/]: Spawning Jockey at: BlockPos{x=537, y=99, z=159}
[02Jun2025 02:37:21.640] [Server thread/INFO] [net.minecraft.server.MinecraftServer/]: 01Kevin10 was slain by Spectral Wolf
[02Jun2025 02:37:21.645] [Server thread/INFO] [com.tiviacz.travelersbackpack.TravelersBackpack/]: Created new backpack backup file for 01Kevin10 with unique ID travelersbackpack.enderman_02.06.2025-02.37.21.dat
[02Jun2025 02:37:37.970] [Server thread/INFO] [com.esm.nightmare.MobBehavs.SpawnRideableMob/]: ESM - Init Rideable EntityEntity_Type and Jockey Lists...
[02Jun2025 02:37:37.970] [Server thread/INFO] [com.esm.nightmare.MobBehavs.SpawnRideableMob/]: Spawning Jockey at: BlockPos{x=503, y=87, z=106}
[02Jun2025 02:37:40.321] [Server thread/INFO] [com.esm.nightmare.MobBehavs.SpawnRideableMob/]: ESM - Init Rideable EntityEntity_Type and Jockey Lists...
[02Jun2025 02:37:40.322] [Server thread/INFO] [com.esm.nightmare.MobBehavs.SpawnRideableMob/]: Spawning Jockey at: BlockPos{x=501, y=75, z=-7}
[02Jun2025 02:37:44.894] [Server thread/INFO] [com.esm.nightmare.MobBehavs.SpawnRideableMob/]: ESM - Init Rideable EntityEntity_Type and Jockey Lists...
[02Jun2025 02:37:44.894] [Server thread/INFO] [com.esm.nightmare.MobBehavs.SpawnRideableMob/]: Spawning Jockey at: BlockPos{x=482, y=86, z=116}
[02Jun2025 02:37:52.208] [Server thread/INFO] [com.esm.nightmare.MobBehavs.SpawnRideableMob/]: ESM - Init Rideable EntityEntity_Type and Jockey Lists...
[02Jun2025 02:37:52.208] [Server thread/INFO] [com.esm.nightmare.MobBehavs.SpawnRideableMob/]: Spawning Jockey at: BlockPos{x=3858, y=-18, z=1125}
[02Jun2025 02:37:55.076] [Server thread/INFO] [com.esm.nightmare.MobBehavs.SpawnRideableMob/]: ESM - Init Rideable EntityEntity_Type and Jockey Lists...
[02Jun2025 02:37:55.077] [Server thread/INFO] [com.esm.nightmare.MobBehavs.SpawnRideableMob/]: Spawning Jockey at: BlockPos{x=486, y=83, z=138}
[02Jun2025 02:37:57.871] [Server thread/INFO] [com.esm.nightmare.MobBehavs.SpawnRideableMob/]: ESM - Init Rideable EntityEntity_Type and Jockey Lists...
[02Jun2025 02:37:57.871] [Server thread/INFO] [com.esm.nightmare.MobBehavs.SpawnRideableMob/]: Spawning Jockey at: BlockPos{x=625, y=39, z=84}
[02Jun2025 02:37:58.467] [Server thread/INFO] [com.esm.nightmare.MobBehavs.SpawnRideableMob/]: ESM - Init Rideable EntityEntity_Type and Jockey Lists...
[02Jun2025 02:37:58.468] [Server thread/INFO] [com.esm.nightmare.MobBehavs.SpawnRideableMob/]: Spawning Jockey at: BlockPos{x=435, y=39, z=83}
[02Jun2025 02:37:58.623] [Server thread/INFO] [com.esm.nightmare.MobBehavs.SpawnRideableMob/]: ESM - Init Rideable EntityEntity_Type and Jockey Lists...
[02Jun2025 02:37:58.623] [Server thread/INFO] [com.esm.nightmare.MobBehavs.SpawnRideableMob/]: Spawning Jockey at: BlockPos{x=506, y=78, z=-51}
[02Jun2025 02:37:59.172] [Server thread/INFO] [com.esm.nightmare.MobBehavs.SpawnRideableMob/]: ESM - Init Rideable EntityEntity_Type and Jockey Lists...
[02Jun2025 02:37:59.172] [Server thread/INFO] [com.esm.nightmare.MobBehavs.SpawnRideableMob/]: Spawning Jockey at: BlockPos{x=668, y=77, z=19}
[02Jun2025 02:38:03.268] [Server thread/INFO] [com.esm.nightmare.MobBehavs.SpawnRideableMob/]: ESM - Init Rideable EntityEntity_Type and Jockey Lists...
[02Jun2025 02:38:03.268] [Server thread/INFO] [com.esm.nightmare.MobBehavs.SpawnRideableMob/]: Spawning Jockey at: BlockPos{x=501, y=88, z=127}
[02Jun2025 02:38:07.370] [Server thread/INFO] [com.esm.nightmare.MobBehavs.SpawnRideableMob/]: ESM - Init Rideable EntityEntity_Type and Jockey Lists...
[02Jun2025 02:38:07.370] [Server thread/INFO] [com.esm.nightmare.MobBehavs.SpawnRideableMob/]: Spawning Jockey at: BlockPos{x=611, y=50, z=-47}
[02Jun2025 02:38:11.856] [Server thread/INFO] [com.esm.nightmare.MobBehavs.SpawnRideableMob/]: ESM - Init Rideable EntityEntity_Type and Jockey Lists...
[02Jun2025 02:38:11.857] [Server thread/INFO] [com.esm.nightmare.MobBehavs.SpawnRideableMob/]: Spawning Jockey at: BlockPos{x=413, y=61, z=611}
[02Jun2025 02:38:12.405] [Server thread/INFO] [com.esm.nightmare.MobBehavs.SpawnRideableMob/]: ESM - Init Rideable EntityEntity_Type and Jockey Lists...
[02Jun2025 02:38:12.405] [Server thread/INFO] [com.esm.nightmare.MobBehavs.SpawnRideableMob/]: Spawning Jockey at: BlockPos{x=351, y=7, z=542}
[02Jun2025 02:38:13.654] [Server thread/INFO] [com.esm.nightmare.MobBehavs.SpawnRideableMob/]: ESM - Init Rideable EntityEntity_Type and Jockey Lists...
[02Jun2025 02:38:13.655] [Server thread/INFO] [com.esm.nightmare.MobBehavs.SpawnRideableMob/]: Spawning Jockey at: BlockPos{x=455, y=25, z=577}
[02Jun2025 02:38:15.277] [Server thread/INFO] [com.esm.nightmare.MobBehavs.SpawnRideableMob/]: ESM - Init Rideable EntityEntity_Type and Jockey Lists...
[02Jun2025 02:38:15.277] [Server thread/INFO] [com.esm.nightmare.MobBehavs.SpawnRideableMob/]: Spawning Jockey at: BlockPos{x=643, y=78, z=137}
[02Jun2025 02:38:19.976] [Server thread/INFO] [com.esm.nightmare.MobBehavs.SpawnRideableMob/]: ESM - Init Rideable EntityEntity_Type and Jockey Lists...
[02Jun2025 02:38:19.976] [Server thread/INFO] [com.esm.nightmare.MobBehavs.SpawnRideableMob/]: Spawning Jockey at: BlockPos{x=710, y=63, z=79}
[02Jun2025 02:38:21.655] [Server thread/INFO] [com.esm.nightmare.MobBehavs.SpawnRideableMob/]: ESM - Init Rideable EntityEntity_Type and Jockey Lists...
[02Jun2025 02:38:28.304] [Server thread/INFO] [com.esm.nightmare.MobBehavs.SpawnRideableMob/]: ESM - Init Rideable EntityEntity_Type and Jockey Lists...
[02Jun2025 02:38:28.305] [Server thread/INFO] [com.esm.nightmare.MobBehavs.SpawnRideableMob/]: Spawning Jockey at: BlockPos{x=360, y=7, z=656}
[02Jun2025 02:38:28.568] [Server thread/INFO] [com.esm.nightmare.MobBehavs.SpawnRideableMob/]: ESM - Init Rideable EntityEntity_Type and Jockey Lists...
[02Jun2025 02:38:28.568] [Server thread/INFO] [com.esm.nightmare.MobBehavs.SpawnRideableMob/]: Spawning Jockey at: BlockPos{x=465, y=81, z=140}
[02Jun2025 02:38:34.019] [Server thread/INFO] [com.esm.nightmare.MobBehavs.SpawnRideableMob/]: ESM - Init Rideable EntityEntity_Type and Jockey Lists...
[02Jun2025 02:38:34.019] [Server thread/INFO] [com.esm.nightmare.MobBehavs.SpawnRideableMob/]: Spawning Jockey at: BlockPos{x=743, y=94, z=20}
[02Jun2025 02:38:35.657] [Server thread/INFO] [com.esm.nightmare.MobBehavs.SpawnRideableMob/]: ESM - Init Rideable EntityEntity_Type and Jockey Lists...
[02Jun2025 02:38:35.657] [Server thread/INFO] [com.esm.nightmare.MobBehavs.SpawnRideableMob/]: Spawning Jockey at: BlockPos{x=335, y=23, z=555}
[02Jun2025 02:38:39.242] [Server thread/WARN] [net.minecraft.server.level.ServerPlayerGameMode/]: Mismatch in destroy block pos: BlockPos{x=754, y=32, z=62} BlockPos{x=753, y=31, z=62}
[02Jun2025 02:38:44.436] [Server thread/WARN] [net.minecraft.server.level.ServerPlayerGameMode/]: Mismatch in destroy block pos: BlockPos{x=761, y=32, z=62} BlockPos{x=760, y=31, z=62}
[02Jun2025 02:38:46.839] [Server thread/INFO] [net.minecraft.server.MinecraftServer/]: 01Kevin10 has completed the challenge [Hot Tourist Destinations]
[02Jun2025 02:38:47.057] [Server thread/INFO] [com.esm.nightmare.MobBehavs.SpawnRideableMob/]: ESM - Init Rideable EntityEntity_Type and Jockey Lists...
[02Jun2025 02:38:47.057] [Server thread/INFO] [com.esm.nightmare.MobBehavs.SpawnRideableMob/]: Spawning Jockey at: BlockPos{x=344, y=112, z=621}
[02Jun2025 02:38:52.855] [Server thread/INFO] [com.esm.nightmare.MobBehavs.SpawnRideableMob/]: ESM - Init Rideable EntityEntity_Type and Jockey Lists...
[02Jun2025 02:38:52.855] [Server thread/INFO] [com.esm.nightmare.MobBehavs.SpawnRideableMob/]: Spawning Jockey at: BlockPos{x=305, y=62, z=572}
[02Jun2025 02:38:58.856] [Server thread/INFO] [com.esm.nightmare.MobBehavs.SpawnRideableMob/]: ESM - Init Rideable EntityEntity_Type and Jockey Lists...
[02Jun2025 02:38:58.856] [Server thread/INFO] [com.esm.nightmare.MobBehavs.SpawnRideableMob/]: Spawning Jockey at: BlockPos{x=323, y=72, z=458}
[02Jun2025 02:39:03.056] [Server thread/INFO] [com.esm.nightmare.MobBehavs.SpawnRideableMob/]: ESM - Init Rideable EntityEntity_Type and Jockey Lists...
[02Jun2025 02:39:03.056] [Server thread/INFO] [com.esm.nightmare.MobBehavs.SpawnRideableMob/]: Spawning Jockey at: BlockPos{x=489, y=77, z=569}
[02Jun2025 02:39:04.289] [Server thread/INFO] [com.esm.nightmare.MobBehavs.SpawnRideableMob/]: ESM - Init Rideable EntityEntity_Type and Jockey Lists...
[02Jun2025 02:39:04.289] [Server thread/INFO] [com.esm.nightmare.MobBehavs.SpawnRideableMob/]: Spawning Jockey at: BlockPos{x=376, y=18, z=524}
[02Jun2025 02:39:04.514] [Server thread/INFO] [com.esm.nightmare.MobBehavs.SpawnRideableMob/]: ESM - Init Rideable EntityEntity_Type and Jockey Lists...
[02Jun2025 02:39:04.515] [Server thread/INFO] [com.esm.nightmare.MobBehavs.SpawnRideableMob/]: Spawning Jockey at: BlockPos{x=729, y=43, z=141}
[02Jun2025 02:39:08.605] [Server thread/INFO] [com.esm.nightmare.MobBehavs.SpawnRideableMob/]: ESM - Init Rideable EntityEntity_Type and Jockey Lists...
[02Jun2025 02:39:08.660] [Server thread/INFO] [com.esm.nightmare.MobBehavs.SpawnRideableMob/]: ESM - Init Rideable EntityEntity_Type and Jockey Lists...
[02Jun2025 02:39:09.255] [Server thread/INFO] [com.esm.nightmare.MobBehavs.SpawnRideableMob/]: ESM - Init Rideable EntityEntity_Type and Jockey Lists...
[02Jun2025 02:39:09.255] [Server thread/INFO] [com.esm.nightmare.MobBehavs.SpawnRideableMob/]: Spawning Jockey at: BlockPos{x=458, y=74, z=522}
[02Jun2025 02:39:11.625] [Server thread/INFO] [com.esm.nightmare.MobBehavs.SpawnRideableMob/]: ESM - Init Rideable EntityEntity_Type and Jockey Lists...
[02Jun2025 02:39:11.625] [Server thread/INFO] [com.esm.nightmare.MobBehavs.SpawnRideableMob/]: Spawning Jockey at: BlockPos{x=744, y=45, z=144}
[02Jun2025 02:39:12.256] [Server thread/INFO] [com.esm.nightmare.MobBehavs.SpawnRideableMob/]: ESM - Init Rideable EntityEntity_Type and Jockey Lists...
[02Jun2025 02:39:12.256] [Server thread/INFO] [com.esm.nightmare.MobBehavs.SpawnRideableMob/]: Spawning Jockey at: BlockPos{x=351, y=71, z=581}
[02Jun2025 02:39:13.743] [Server thread/INFO] [com.esm.nightmare.MobBehavs.SpawnRideableMob/]: ESM - Init Rideable EntityEntity_Type and Jockey Lists...
[02Jun2025 02:39:13.743] [Server thread/INFO] [com.esm.nightmare.MobBehavs.SpawnRideableMob/]: Spawning Jockey at: BlockPos{x=722, y=48, z=72}
[02Jun2025 02:39:14.387] [Server thread/INFO] [com.esm.nightmare.MobBehavs.SpawnRideableMob/]: ESM - Init Rideable EntityEntity_Type and Jockey Lists...
[02Jun2025 02:39:14.387] [Server thread/INFO] [com.esm.nightmare.MobBehavs.SpawnRideableMob/]: Spawning Jockey at: BlockPos{x=563, y=63, z=173}
[02Jun2025 02:39:14.387] [Server thread/INFO] [com.esm.nightmare.MobBehavs.SpawnRideableMob/]: ESM - Init Rideable EntityEntity_Type and Jockey Lists...
[02Jun2025 02:39:14.388] [Server thread/INFO] [com.esm.nightmare.MobBehavs.SpawnRideableMob/]: Spawning Jockey at: BlockPos{x=563, y=63, z=173}
[02Jun2025 02:39:15.806] [Server thread/INFO] [com.esm.nightmare.MobBehavs.SpawnRideableMob/]: ESM - Init Rideable EntityEntity_Type and Jockey Lists...
[02Jun2025 02:39:15.806] [Server thread/INFO] [com.esm.nightmare.MobBehavs.SpawnRideableMob/]: Spawning Jockey at: BlockPos{x=439, y=40, z=500}
[02Jun2025 02:39:17.127] [Server thread/INFO] [com.esm.nightmare.MobBehavs.SpawnRideableMob/]: ESM - Init Rideable EntityEntity_Type and Jockey Lists...
[02Jun2025 02:39:17.127] [Server thread/INFO] [com.esm.nightmare.MobBehavs.SpawnRideableMob/]: Spawning Jockey at: BlockPos{x=796, y=72, z=65}
[02Jun2025 02:39:20.079] [Server thread/INFO] [com.esm.nightmare.MobBehavs.SpawnRideableMob/]: ESM - Init Rideable EntityEntity_Type and Jockey Lists...
[02Jun2025 02:39:20.079] [Server thread/INFO] [com.esm.nightmare.MobBehavs.SpawnRideableMob/]: Spawning Jockey at: BlockPos{x=792, y=78, z=133}
[02Jun2025 02:39:22.105] [Server thread/INFO] [com.esm.nightmare.MobBehavs.SpawnRideableMob/]: ESM - Init Rideable EntityEntity_Type and Jockey Lists...
[02Jun2025 02:39:22.105] [Server thread/INFO] [com.esm.nightmare.MobBehavs.SpawnRideableMob/]: Spawning Jockey at: BlockPos{x=394, y=64, z=465}
[02Jun2025 02:39:22.256] [Server thread/INFO] [com.esm.nightmare.MobBehavs.SpawnRideableMob/]: ESM - Init Rideable EntityEntity_Type and Jockey Lists...
[02Jun2025 02:39:22.256] [Server thread/INFO] [com.esm.nightmare.MobBehavs.SpawnRideableMob/]: Spawning Jockey at: BlockPos{x=490, y=96, z=609}
[02Jun2025 02:39:23.130] [Server thread/INFO] [com.esm.nightmare.MobBehavs.SpawnRideableMob/]: ESM - Init Rideable EntityEntity_Type and Jockey Lists...
[02Jun2025 02:39:23.130] [Server thread/INFO] [com.esm.nightmare.MobBehavs.SpawnRideableMob/]: Spawning Jockey at: BlockPos{x=895, y=73, z=-25}
[02Jun2025 02:39:23.405] [Server thread/INFO] [com.esm.nightmare.MobBehavs.SpawnRideableMob/]: ESM - Init Rideable EntityEntity_Type and Jockey Lists...
[02Jun2025 02:39:23.405] [Server thread/INFO] [com.esm.nightmare.MobBehavs.SpawnRideableMob/]: Spawning Jockey at: BlockPos{x=437, y=24, z=566}
[02Jun2025 02:39:24.705] [Server thread/INFO] [com.esm.nightmare.MobBehavs.SpawnRideableMob/]: ESM - Init Rideable EntityEntity_Type and Jockey Lists...
[02Jun2025 02:39:29.028] [Server thread/INFO] [com.esm.nightmare.MobBehavs.SpawnRideableMob/]: ESM - Init Rideable EntityEntity_Type and Jockey Lists...
[02Jun2025 02:39:29.028] [Server thread/INFO] [com.esm.nightmare.MobBehavs.SpawnRideableMob/]: Spawning Jockey at: BlockPos{x=870, y=67, z=147}
[02Jun2025 02:39:31.179] [Server thread/INFO] [com.esm.nightmare.MobBehavs.SpawnRideableMob/]: ESM - Init Rideable EntityEntity_Type and Jockey Lists...
[02Jun2025 02:39:31.179] [Server thread/INFO] [com.esm.nightmare.MobBehavs.SpawnRideableMob/]: Spawning Jockey at: BlockPos{x=961, y=77, z=6}
[02Jun2025 02:39:34.005] [Server thread/INFO] [com.esm.nightmare.MobBehavs.SpawnRideableMob/]: ESM - Init Rideable EntityEntity_Type and Jockey Lists...
[02Jun2025 02:39:34.255] [Server thread/INFO] [com.esm.nightmare.MobBehavs.SpawnRideableMob/]: ESM - Init Rideable EntityEntity_Type and Jockey Lists...
[02Jun2025 02:39:34.255] [Server thread/INFO] [com.esm.nightmare.MobBehavs.SpawnRideableMob/]: Spawning Jockey at: BlockPos{x=520, y=44, z=471}
[02Jun2025 02:39:37.726] [Server thread/INFO] [com.esm.nightmare.MobBehavs.SpawnRideableMob/]: ESM - Init Rideable EntityEntity_Type and Jockey Lists...
[02Jun2025 02:39:37.726] [Server thread/INFO] [com.esm.nightmare.MobBehavs.SpawnRideableMob/]: Spawning Jockey at: BlockPos{x=1014, y=77, z=171}
[02Jun2025 02:39:38.055] [Server thread/INFO] [com.esm.nightmare.MobBehavs.SpawnRideableMob/]: ESM - Init Rideable EntityEntity_Type and Jockey Lists...
[02Jun2025 02:39:38.663] [Server thread/INFO] [com.esm.nightmare.MobBehavs.SpawnRideableMob/]: ESM - Init Rideable EntityEntity_Type and Jockey Lists...
[02Jun2025 02:39:39.080] [Server thread/INFO] [com.esm.nightmare.MobBehavs.SpawnRideableMob/]: ESM - Init Rideable EntityEntity_Type and Jockey Lists...
[02Jun2025 02:39:39.081] [Server thread/INFO] [com.esm.nightmare.MobBehavs.SpawnRideableMob/]: Spawning Jockey at: BlockPos{x=874, y=47, z=31}
[02Jun2025 02:39:39.727] [Server thread/INFO] [com.esm.nightmare.MobBehavs.SpawnRideableMob/]: ESM - Init Rideable EntityEntity_Type and Jockey Lists...
[02Jun2025 02:39:39.727] [Server thread/INFO] [com.esm.nightmare.MobBehavs.SpawnRideableMob/]: Spawning Jockey at: BlockPos{x=1081, y=46, z=41}
[02Jun2025 02:39:39.978] [Server thread/INFO] [com.esm.nightmare.MobBehavs.SpawnRideableMob/]: ESM - Init Rideable EntityEntity_Type and Jockey Lists...
[02Jun2025 02:39:39.978] [Server thread/INFO] [com.esm.nightmare.MobBehavs.SpawnRideableMob/]: Spawning Jockey at: BlockPos{x=1015, y=52, z=0}
[02Jun2025 02:39:39.979] [Server thread/INFO] [com.esm.nightmare.MobBehavs.SpawnRideableMob/]: ESM - Init Rideable EntityEntity_Type and Jockey Lists...
[02Jun2025 02:39:39.979] [Server thread/INFO] [com.esm.nightmare.MobBehavs.SpawnRideableMob/]: Spawning Jockey at: BlockPos{x=1020, y=52, z=3}
[02Jun2025 02:39:40.284] [Server thread/INFO] [com.esm.nightmare.MobBehavs.SpawnRideableMob/]: ESM - Init Rideable EntityEntity_Type and Jockey Lists...
[02Jun2025 02:39:40.285] [Server thread/INFO] [com.esm.nightmare.MobBehavs.SpawnRideableMob/]: Spawning Jockey at: BlockPos{x=1036, y=80, z=58}
[02Jun2025 02:39:41.477] [Server thread/INFO] [com.esm.nightmare.MobBehavs.SpawnRideableMob/]: ESM - Init Rideable EntityEntity_Type and Jockey Lists...
[02Jun2025 02:39:41.477] [Server thread/INFO] [com.esm.nightmare.MobBehavs.SpawnRideableMob/]: Spawning Jockey at: BlockPos{x=899, y=74, z=86}
[02Jun2025 02:39:42.454] [Server thread/INFO] [com.esm.nightmare.MobBehavs.SpawnRideableMob/]: ESM - Init Rideable EntityEntity_Type and Jockey Lists...
[02Jun2025 02:39:42.455] [Server thread/INFO] [com.esm.nightmare.MobBehavs.SpawnRideableMob/]: Spawning Jockey at: BlockPos{x=520, y=50, z=564}
[02Jun2025 02:39:43.806] [Server thread/INFO] [com.esm.nightmare.MobBehavs.SpawnRideableMob/]: ESM - Init Rideable EntityEntity_Type and Jockey Lists...
[02Jun2025 02:39:45.073] [Server thread/INFO] [com.esm.nightmare.MobBehavs.SpawnRideableMob/]: ESM - Init Rideable EntityEntity_Type and Jockey Lists...
[02Jun2025 02:39:45.073] [Server thread/INFO] [com.esm.nightmare.MobBehavs.SpawnRideableMob/]: Spawning Jockey at: BlockPos{x=895, y=34, z=124}
[02Jun2025 02:39:46.527] [Server thread/INFO] [com.esm.nightmare.MobBehavs.SpawnRideableMob/]: ESM - Init Rideable EntityEntity_Type and Jockey Lists...
[02Jun2025 02:39:46.527] [Server thread/INFO] [com.esm.nightmare.MobBehavs.SpawnRideableMob/]: Spawning Jockey at: BlockPos{x=1012, y=61, z=26}
[02Jun2025 02:39:46.527] [Server thread/INFO] [com.esm.nightmare.MobBehavs.SpawnRideableMob/]: ESM - Init Rideable EntityEntity_Type and Jockey Lists...
[02Jun2025 02:39:46.527] [Server thread/INFO] [com.esm.nightmare.MobBehavs.SpawnRideableMob/]: Spawning Jockey at: BlockPos{x=1014, y=61, z=29}
[02Jun2025 02:39:47.624] [Server thread/INFO] [com.esm.nightmare.MobBehavs.SpawnRideableMob/]: ESM - Init Rideable EntityEntity_Type and Jockey Lists...
[02Jun2025 02:39:47.625] [Server thread/INFO] [com.esm.nightmare.MobBehavs.SpawnRideableMob/]: Spawning Jockey at: BlockPos{x=933, y=46, z=44}
[02Jun2025 02:39:54.126] [Server thread/INFO] [com.esm.nightmare.MobBehavs.SpawnRideableMob/]: ESM - Init Rideable EntityEntity_Type and Jockey Lists...
[02Jun2025 02:39:54.126] [Server thread/INFO] [com.esm.nightmare.MobBehavs.SpawnRideableMob/]: Spawning Jockey at: BlockPos{x=1032, y=41, z=64}
[02Jun2025 02:39:54.925] [Server thread/INFO] [com.esm.nightmare.MobBehavs.SpawnRideableMob/]: ESM - Init Rideable EntityEntity_Type and Jockey Lists...
[02Jun2025 02:39:54.925] [Server thread/INFO] [com.esm.nightmare.MobBehavs.SpawnRideableMob/]: Spawning Jockey at: BlockPos{x=523, y=108, z=156}
[02Jun2025 02:39:54.926] [Server thread/INFO] [com.esm.nightmare.MobBehavs.SpawnRideableMob/]: ESM - Init Rideable EntityEntity_Type and Jockey Lists...
[02Jun2025 02:39:54.926] [Server thread/INFO] [com.esm.nightmare.MobBehavs.SpawnRideableMob/]: Spawning Jockey at: BlockPos{x=523, y=108, z=156}
[02Jun2025 02:40:00.189] [Server thread/INFO] [com.esm.nightmare.MobBehavs.SpawnRideableMob/]: ESM - Init Rideable EntityEntity_Type and Jockey Lists...
[02Jun2025 02:40:00.189] [Server thread/INFO] [com.esm.nightmare.MobBehavs.SpawnRideableMob/]: Spawning Jockey at: BlockPos{x=1150, y=84, z=138}
[02Jun2025 02:40:00.312] [Server thread/INFO] [com.esm.nightmare.MobBehavs.SpawnRideableMob/]: ESM - Init Rideable EntityEntity_Type and Jockey Lists...
[02Jun2025 02:40:00.313] [Server thread/INFO] [com.esm.nightmare.MobBehavs.SpawnRideableMob/]: Spawning Jockey at: BlockPos{x=606, y=91, z=185}
[02Jun2025 02:40:02.556] [Server thread/INFO] [com.esm.nightmare.MobBehavs.SpawnRideableMob/]: ESM - Init Rideable EntityEntity_Type and Jockey Lists...
[02Jun2025 02:40:02.556] [Server thread/INFO] [com.esm.nightmare.MobBehavs.SpawnRideableMob/]: Spawning Jockey at: BlockPos{x=567, y=-20, z=608}
[02Jun2025 02:40:06.156] [Server thread/INFO] [com.esm.nightmare.MobBehavs.SpawnRideableMob/]: ESM - Init Rideable EntityEntity_Type and Jockey Lists...
[02Jun2025 02:40:10.356] [Server thread/INFO] [com.esm.nightmare.MobBehavs.SpawnRideableMob/]: ESM - Init Rideable EntityEntity_Type and Jockey Lists...
[02Jun2025 02:40:14.056] [Server thread/INFO] [com.esm.nightmare.MobBehavs.SpawnRideableMob/]: ESM - Init Rideable EntityEntity_Type and Jockey Lists...
[02Jun2025 02:40:14.057] [Server thread/INFO] [com.esm.nightmare.MobBehavs.SpawnRideableMob/]: Spawning Jockey at: BlockPos{x=590, y=-12, z=659}
[02Jun2025 02:40:14.331] [Server thread/INFO] [com.esm.nightmare.MobBehavs.SpawnRideableMob/]: ESM - Init Rideable EntityEntity_Type and Jockey Lists...
[02Jun2025 02:40:14.331] [Server thread/INFO] [com.esm.nightmare.MobBehavs.SpawnRideableMob/]: Spawning Jockey at: BlockPos{x=1133, y=67, z=252}
[02Jun2025 02:40:15.325] [Server thread/INFO] [com.esm.nightmare.MobBehavs.SpawnRideableMob/]: ESM - Init Rideable EntityEntity_Type and Jockey Lists...
[02Jun2025 02:40:15.326] [Server thread/INFO] [com.esm.nightmare.MobBehavs.SpawnRideableMob/]: Spawning Jockey at: BlockPos{x=1076, y=74, z=233}
[02Jun2025 02:40:17.280] [Server thread/INFO] [com.esm.nightmare.MobBehavs.SpawnRideableMob/]: ESM - Init Rideable EntityEntity_Type and Jockey Lists...
[02Jun2025 02:40:17.280] [Server thread/INFO] [com.esm.nightmare.MobBehavs.SpawnRideableMob/]: Spawning Jockey at: BlockPos{x=1137, y=47, z=40}
[02Jun2025 02:40:18.274] [Server thread/INFO] [com.esm.nightmare.MobBehavs.SpawnRideableMob/]: ESM - Init Rideable EntityEntity_Type and Jockey Lists...
[02Jun2025 02:40:18.274] [Server thread/INFO] [com.esm.nightmare.MobBehavs.SpawnRideableMob/]: Spawning Jockey at: BlockPos{x=1193, y=49, z=44}
[02Jun2025 02:40:19.276] [Server thread/INFO] [com.esm.nightmare.MobBehavs.SpawnRideableMob/]: ESM - Init Rideable EntityEntity_Type and Jockey Lists...
[02Jun2025 02:40:19.276] [Server thread/INFO] [com.esm.nightmare.MobBehavs.SpawnRideableMob/]: Spawning Jockey at: BlockPos{x=1169, y=97, z=172}
[02Jun2025 02:40:21.884] [Server thread/INFO] [com.esm.nightmare.MobBehavs.SpawnRideableMob/]: ESM - Init Rideable EntityEntity_Type and Jockey Lists...
[02Jun2025 02:40:21.884] [Server thread/INFO] [com.esm.nightmare.MobBehavs.SpawnRideableMob/]: Spawning Jockey at: BlockPos{x=458, y=60, z=132}
[02Jun2025 02:40:22.624] [Server thread/INFO] [com.esm.nightmare.MobBehavs.SpawnRideableMob/]: ESM - Init Rideable EntityEntity_Type and Jockey Lists...
[02Jun2025 02:40:22.624] [Server thread/INFO] [com.esm.nightmare.MobBehavs.SpawnRideableMob/]: Spawning Jockey at: BlockPos{x=1208, y=41, z=135}
[02Jun2025 02:40:24.430] [Server thread/INFO] [com.esm.nightmare.MobBehavs.SpawnRideableMob/]: ESM - Init Rideable EntityEntity_Type and Jockey Lists...
[02Jun2025 02:40:24.430] [Server thread/INFO] [com.esm.nightmare.MobBehavs.SpawnRideableMob/]: Spawning Jockey at: BlockPos{x=656, y=86, z=72}
[02Jun2025 02:40:28.827] [Server thread/INFO] [com.esm.nightmare.MobBehavs.SpawnRideableMob/]: ESM - Init Rideable EntityEntity_Type and Jockey Lists...
[02Jun2025 02:40:28.827] [Server thread/INFO] [com.esm.nightmare.MobBehavs.SpawnRideableMob/]: Spawning Jockey at: BlockPos{x=1141, y=77, z=235}
[02Jun2025 02:40:38.205] [Server thread/INFO] [com.esm.nightmare.MobBehavs.SpawnRideableMob/]: ESM - Init Rideable EntityEntity_Type and Jockey Lists...
[02Jun2025 02:40:40.023] [Server thread/INFO] [com.esm.nightmare.MobBehavs.SpawnRideableMob/]: ESM - Init Rideable EntityEntity_Type and Jockey Lists...
[02Jun2025 02:40:40.023] [Server thread/INFO] [com.esm.nightmare.MobBehavs.SpawnRideableMob/]: Spawning Jockey at: BlockPos{x=470, y=81, z=142}
[02Jun2025 02:40:41.173] [Server thread/INFO] [com.esm.nightmare.MobBehavs.SpawnRideableMob/]: ESM - Init Rideable EntityEntity_Type and Jockey Lists...
[02Jun2025 02:40:41.174] [Server thread/INFO] [com.esm.nightmare.MobBehavs.SpawnRideableMob/]: Spawning Jockey at: BlockPos{x=1228, y=76, z=229}
[02Jun2025 02:40:41.506] [Server thread/INFO] [com.esm.nightmare.MobBehavs.SpawnRideableMob/]: ESM - Init Rideable EntityEntity_Type and Jockey Lists...
[02Jun2025 02:40:41.507] [Server thread/INFO] [com.esm.nightmare.MobBehavs.SpawnRideableMob/]: Spawning Jockey at: BlockPos{x=638, y=9, z=638}
[02Jun2025 02:40:41.656] [Server thread/INFO] [com.esm.nightmare.MobBehavs.SpawnRideableMob/]: ESM - Init Rideable EntityEntity_Type and Jockey Lists...
[02Jun2025 02:40:41.656] [Server thread/INFO] [com.esm.nightmare.MobBehavs.SpawnRideableMob/]: Spawning Jockey at: BlockPos{x=528, y=38, z=604}
[02Jun2025 02:40:49.508] [Server thread/INFO] [com.esm.nightmare.MobBehavs.SpawnRideableMob/]: ESM - Init Rideable EntityEntity_Type and Jockey Lists...
[02Jun2025 02:40:58.376] [Server thread/INFO] [com.esm.nightmare.MobBehavs.SpawnRideableMob/]: ESM - Init Rideable EntityEntity_Type and Jockey Lists...
[02Jun2025 02:40:58.376] [Server thread/INFO] [com.esm.nightmare.MobBehavs.SpawnRideableMob/]: Spawning Jockey at: BlockPos{x=1340, y=99, z=179}
[02Jun2025 02:41:01.205] [Server thread/INFO] [com.esm.nightmare.MobBehavs.SpawnRideableMob/]: ESM - Init Rideable EntityEntity_Type and Jockey Lists...
[02Jun2025 02:41:01.205] [Server thread/INFO] [com.esm.nightmare.MobBehavs.SpawnRideableMob/]: Spawning Jockey at: BlockPos{x=546, y=46, z=595}
[02Jun2025 02:41:05.505] [Server thread/INFO] [com.esm.nightmare.MobBehavs.SpawnRideableMob/]: ESM - Init Rideable EntityEntity_Type and Jockey Lists...
[02Jun2025 02:41:05.505] [Server thread/INFO] [com.esm.nightmare.MobBehavs.SpawnRideableMob/]: Spawning Jockey at: BlockPos{x=576, y=-7, z=589}
[02Jun2025 02:41:15.528] [Server thread/INFO] [com.esm.nightmare.MobBehavs.SpawnRideableMob/]: ESM - Init Rideable EntityEntity_Type and Jockey Lists...
[02Jun2025 02:41:15.529] [Server thread/INFO] [com.esm.nightmare.MobBehavs.SpawnRideableMob/]: Spawning Jockey at: BlockPos{x=1362, y=36, z=131}
[02Jun2025 02:41:27.106] [Server thread/INFO] [com.esm.nightmare.MobBehavs.SpawnRideableMob/]: ESM - Init Rideable EntityEntity_Type and Jockey Lists...
[02Jun2025 02:41:27.106] [Server thread/INFO] [com.esm.nightmare.MobBehavs.SpawnRideableMob/]: Spawning Jockey at: BlockPos{x=631, y=44, z=699}
[02Jun2025 02:41:32.022] [Server thread/INFO] [com.esm.nightmare.MobBehavs.SpawnRideableMob/]: ESM - Init Rideable EntityEntity_Type and Jockey Lists...
[02Jun2025 02:41:32.022] [Server thread/INFO] [com.esm.nightmare.MobBehavs.SpawnRideableMob/]: Spawning Jockey at: BlockPos{x=603, y=92, z=-41}
[02Jun2025 02:41:37.748] [Server thread/INFO] [net.minecraft.server.MinecraftServer/]: Jhonxd592 has made the advancement [A Burning Arena]
[02Jun2025 02:41:38.073] [Server thread/INFO] [com.esm.nightmare.MobBehavs.SpawnRideableMob/]: ESM - Init Rideable EntityEntity_Type and Jockey Lists...
[02Jun2025 02:41:38.073] [Server thread/INFO] [com.esm.nightmare.MobBehavs.SpawnRideableMob/]: Spawning Jockey at: BlockPos{x=1440, y=41, z=222}
[02Jun2025 02:41:38.128] [Server thread/INFO] [com.esm.nightmare.MobBehavs.SpawnRideableMob/]: ESM - Init Rideable EntityEntity_Type and Jockey Lists...
[02Jun2025 02:41:38.128] [Server thread/INFO] [com.esm.nightmare.MobBehavs.SpawnRideableMob/]: Spawning Jockey at: BlockPos{x=1508, y=77, z=41}
[02Jun2025 02:41:46.172] [Server thread/INFO] [com.esm.nightmare.MobBehavs.SpawnRideableMob/]: ESM - Init Rideable EntityEntity_Type and Jockey Lists...
[02Jun2025 02:41:46.172] [Server thread/INFO] [com.esm.nightmare.MobBehavs.SpawnRideableMob/]: Spawning Jockey at: BlockPos{x=544, y=78, z=199}
[02Jun2025 02:41:48.569] [Server thread/INFO] [com.esm.nightmare.MobBehavs.SpawnRideableMob/]: ESM - Init Rideable EntityEntity_Type and Jockey Lists...
[02Jun2025 02:41:48.569] [Server thread/INFO] [com.esm.nightmare.MobBehavs.SpawnRideableMob/]: Spawning Jockey at: BlockPos{x=511, y=-12, z=597}
[02Jun2025 02:41:49.533] [Server thread/INFO] [com.esm.nightmare.MobBehavs.SpawnRideableMob/]: ESM - Init Rideable EntityEntity_Type and Jockey Lists...
[02Jun2025 02:41:49.533] [Server thread/INFO] [com.esm.nightmare.MobBehavs.SpawnRideableMob/]: Spawning Jockey at: BlockPos{x=1436, y=58, z=249}
[02Jun2025 02:41:51.527] [Server thread/INFO] [com.esm.nightmare.MobBehavs.SpawnRideableMob/]: ESM - Init Rideable EntityEntity_Type and Jockey Lists...
[02Jun2025 02:41:56.548] [Server thread/INFO] [net.minecraft.server.MinecraftServer/]: Teleported 01Kevin10 to Jhonxd592
[02Jun2025 02:41:56.866] [Server thread/INFO] [net.minecraft.server.MinecraftServer/]: 01Kevin10 has made the advancement [A Burning Arena]
[02Jun2025 02:42:00.524] [Server thread/INFO] [com.esm.nightmare.MobBehavs.SpawnRideableMob/]: ESM - Init Rideable EntityEntity_Type and Jockey Lists...
[02Jun2025 02:42:00.524] [Server thread/INFO] [com.esm.nightmare.MobBehavs.SpawnRideableMob/]: Spawning Jockey at: BlockPos{x=1413, y=52, z=167}
[02Jun2025 02:42:01.186] [Worker-Main-1/WARN] [ModernFix/]: Skipped emitting ENTITY_MOUNT game event for entity Strider['Strider'/20459, l='ServerLevel[world]', x=1680.90, y=31.00, z=144.90] as it would cause deadlock
[02Jun2025 02:42:01.318] [Server thread/INFO] [net.minecraft.server.MinecraftServer/]: Teleported Herondale to Jhonxd592
[02Jun2025 02:42:01.442] [Server thread/INFO] [com.esm.nightmare.MobBehavs.SpawnRideableMob/]: ESM - Init Rideable EntityEntity_Type and Jockey Lists...
[02Jun2025 02:42:01.442] [Server thread/INFO] [com.esm.nightmare.MobBehavs.SpawnRideableMob/]: Spawning Jockey at: BlockPos{x=1435, y=103, z=85}
[02Jun2025 02:42:01.655] [Server thread/INFO] [net.minecraft.server.MinecraftServer/]: Herondale has made the advancement [A Burning Arena]
[02Jun2025 02:42:06.424] [Server thread/INFO] [com.esm.nightmare.MobBehavs.SpawnRideableMob/]: ESM - Init Rideable EntityEntity_Type and Jockey Lists...
[02Jun2025 02:42:06.424] [Server thread/INFO] [com.esm.nightmare.MobBehavs.SpawnRideableMob/]: Spawning Jockey at: BlockPos{x=1412, y=83, z=224}
[02Jun2025 02:42:07.675] [Server thread/INFO] [com.esm.nightmare.MobBehavs.SpawnRideableMob/]: ESM - Init Rideable EntityEntity_Type and Jockey Lists...
[02Jun2025 02:42:07.675] [Server thread/INFO] [com.esm.nightmare.MobBehavs.SpawnRideableMob/]: Spawning Jockey at: BlockPos{x=1475, y=99, z=218}
[02Jun2025 02:42:17.656] [Server thread/INFO] [com.esm.nightmare.MobBehavs.SpawnRideableMob/]: ESM - Init Rideable EntityEntity_Type and Jockey Lists...
[02Jun2025 02:42:17.656] [Server thread/INFO] [com.esm.nightmare.MobBehavs.SpawnRideableMob/]: Spawning Jockey at: BlockPos{x=569, y=70, z=733}
[02Jun2025 02:42:25.319] [Server thread/INFO] [net.minecraft.server.MinecraftServer/]: Teleported s22e310 to Jhonxd592
[02Jun2025 02:42:25.567] [Server thread/INFO] [net.minecraft.server.MinecraftServer/]: s22e310 has made the advancement [A Burning Arena]
[02Jun2025 02:42:26.008] [Server thread/INFO] [com.esm.nightmare.MobBehavs.SpawnRideableMob/]: ESM - Init Rideable EntityEntity_Type and Jockey Lists...
[02Jun2025 02:42:26.008] [Server thread/INFO] [com.esm.nightmare.MobBehavs.SpawnRideableMob/]: Spawning Jockey at: BlockPos{x=1403, y=61, z=141}
[02Jun2025 02:42:29.864] [Server thread/WARN] [tombstone/]: The death event of the player 01Kevin10 was canceled by another mod
[02Jun2025 02:42:29.867] [Server thread/INFO] [tombstone/]: The player 01Kevin10 has successfully been saved
[02Jun2025 02:42:50.568] [Worker-Main-3/WARN] [ModernFix/]: Skipped emitting ENTITY_MOUNT game event for entity Strider['Strider'/20910, l='ServerLevel[world]', x=1739.00, y=84.00, z=-30.00] as it would cause deadlock
[02Jun2025 02:43:02.408] [Server thread/INFO] [com.esm.nightmare.MobBehavs.SpawnRideableMob/]: ESM - Init Rideable EntityEntity_Type and Jockey Lists...
[02Jun2025 02:43:02.408] [Server thread/INFO] [com.esm.nightmare.MobBehavs.SpawnRideableMob/]: Spawning Jockey at: BlockPos{x=1484, y=64, z=249}
[02Jun2025 02:43:07.308] [Server thread/INFO] [com.esm.nightmare.MobBehavs.SpawnRideableMob/]: ESM - Init Rideable EntityEntity_Type and Jockey Lists...
[02Jun2025 02:43:07.308] [Server thread/INFO] [com.esm.nightmare.MobBehavs.SpawnRideableMob/]: Spawning Jockey at: BlockPos{x=1449, y=39, z=174}
[02Jun2025 02:43:08.654] [Server thread/INFO] [com.esm.nightmare.MobBehavs.SpawnRideableMob/]: ESM - Init Rideable EntityEntity_Type and Jockey Lists...
[02Jun2025 02:43:08.655] [Server thread/INFO] [com.esm.nightmare.MobBehavs.SpawnRideableMob/]: Spawning Jockey at: BlockPos{x=1430, y=65, z=156}
[02Jun2025 02:43:14.907] [Server thread/INFO] [com.esm.nightmare.MobBehavs.SpawnRideableMob/]: ESM - Init Rideable EntityEntity_Type and Jockey Lists...
[02Jun2025 02:43:14.907] [Server thread/INFO] [com.esm.nightmare.MobBehavs.SpawnRideableMob/]: Spawning Jockey at: BlockPos{x=1533, y=52, z=20}
[02Jun2025 02:43:16.763] [Server thread/WARN] [tombstone/]: The death event of the player Herondale was canceled by another mod
[02Jun2025 02:43:16.766] [Server thread/INFO] [tombstone/]: The player Herondale has successfully been saved
[02Jun2025 02:43:34.410] [Server thread/WARN] [tombstone/]: The death event of the player Herondale was canceled by another mod
[02Jun2025 02:43:34.415] [Server thread/INFO] [tombstone/]: The player Herondale has successfully been saved
[02Jun2025 02:44:03.308] [Server thread/WARN] [tombstone/]: The death event of the player 01Kevin10 was canceled by another mod
[02Jun2025 02:44:03.313] [Server thread/INFO] [tombstone/]: The player 01Kevin10 has successfully been saved
[02Jun2025 02:44:17.637] [Server thread/INFO] [net.minecraft.server.MinecraftServer/]: 01Kevin10 was slain by Ignited Revenant
[02Jun2025 02:44:28.856] [Server thread/INFO] [com.esm.nightmare.MobBehavs.SpawnRideableMob/]: ESM - Init Rideable EntityEntity_Type and Jockey Lists...
[02Jun2025 02:44:28.856] [Server thread/INFO] [com.esm.nightmare.MobBehavs.SpawnRideableMob/]: Spawning Jockey at: BlockPos{x=1470, y=110, z=240}
[02Jun2025 02:44:40.714] [Server thread/INFO] [net.minecraft.server.MinecraftServer/]: Herondale has made the advancement [The Imperfect thing]
[02Jun2025 02:44:45.107] [Server thread/INFO] [com.esm.nightmare.MobBehavs.SpawnRideableMob/]: ESM - Init Rideable EntityEntity_Type and Jockey Lists...
[02Jun2025 02:44:45.107] [Server thread/INFO] [com.esm.nightmare.MobBehavs.SpawnRideableMob/]: Spawning Jockey at: BlockPos{x=1486, y=84, z=31}
[02Jun2025 02:44:56.657] [Server thread/INFO] [com.esm.nightmare.MobBehavs.SpawnRideableMob/]: ESM - Init Rideable EntityEntity_Type and Jockey Lists...
[02Jun2025 02:44:56.657] [Server thread/INFO] [com.esm.nightmare.MobBehavs.SpawnRideableMob/]: Spawning Jockey at: BlockPos{x=1541, y=76, z=192}
[02Jun2025 02:45:24.058] [Server thread/INFO] [com.esm.nightmare.MobBehavs.SpawnRideableMob/]: ESM - Init Rideable EntityEntity_Type and Jockey Lists...
[02Jun2025 02:45:24.058] [Server thread/INFO] [com.esm.nightmare.MobBehavs.SpawnRideableMob/]: Spawning Jockey at: BlockPos{x=1584, y=61, z=74}
[02Jun2025 02:45:42.055] [Server thread/INFO] [com.esm.nightmare.MobBehavs.SpawnRideableMob/]: ESM - Init Rideable EntityEntity_Type and Jockey Lists...
[02Jun2025 02:45:42.055] [Server thread/INFO] [com.esm.nightmare.MobBehavs.SpawnRideableMob/]: Spawning Jockey at: BlockPos{x=1482, y=97, z=212}
[02Jun2025 02:46:02.108] [Server thread/INFO] [com.esm.nightmare.MobBehavs.SpawnRideableMob/]: ESM - Init Rideable EntityEntity_Type and Jockey Lists...
[02Jun2025 02:46:02.109] [Server thread/INFO] [com.esm.nightmare.MobBehavs.SpawnRideableMob/]: Spawning Jockey at: BlockPos{x=1565, y=90, z=197}
[02Jun2025 02:46:07.757] [Server thread/INFO] [com.esm.nightmare.MobBehavs.SpawnRideableMob/]: ESM - Init Rideable EntityEntity_Type and Jockey Lists...
[02Jun2025 02:46:07.757] [Server thread/INFO] [com.esm.nightmare.MobBehavs.SpawnRideableMob/]: Spawning Jockey at: BlockPos{x=1495, y=60, z=257}
[02Jun2025 02:46:16.920] [Worker-Main-2/WARN] [ModernFix/]: Skipped emitting ENTITY_MOUNT game event for entity Strider['Strider'/25082, l='ServerLevel[world]', x=1724.00, y=31.00, z=-81.00] as it would cause deadlock
[02Jun2025 02:46:17.156] [Server thread/INFO] [com.esm.nightmare.MobBehavs.SpawnRideableMob/]: ESM - Init Rideable EntityEntity_Type and Jockey Lists...
[02Jun2025 02:46:17.156] [Server thread/INFO] [com.esm.nightmare.MobBehavs.SpawnRideableMob/]: Spawning Jockey at: BlockPos{x=1449, y=43, z=140}
[02Jun2025 02:46:41.855] [Server thread/INFO] [com.esm.nightmare.MobBehavs.SpawnRideableMob/]: ESM - Init Rideable EntityEntity_Type and Jockey Lists...
[02Jun2025 02:46:41.855] [Server thread/INFO] [com.esm.nightmare.MobBehavs.SpawnRideableMob/]: Spawning Jockey at: BlockPos{x=1400, y=98, z=129}
[02Jun2025 02:46:43.258] [Server thread/INFO] [com.esm.nightmare.MobBehavs.SpawnRideableMob/]: ESM - Init Rideable EntityEntity_Type and Jockey Lists...
[02Jun2025 02:46:43.258] [Server thread/INFO] [com.esm.nightmare.MobBehavs.SpawnRideableMob/]: Spawning Jockey at: BlockPos{x=1518, y=65, z=230}
[02Jun2025 02:46:53.157] [Server thread/INFO] [com.esm.nightmare.MobBehavs.SpawnRideableMob/]: ESM - Init Rideable EntityEntity_Type and Jockey Lists...
[02Jun2025 02:46:53.157] [Server thread/INFO] [com.esm.nightmare.MobBehavs.SpawnRideableMob/]: Spawning Jockey at: BlockPos{x=1415, y=83, z=227}
[02Jun2025 02:47:26.755] [Server thread/INFO] [com.esm.nightmare.MobBehavs.SpawnRideableMob/]: ESM - Init Rideable EntityEntity_Type and Jockey Lists...
[02Jun2025 02:47:26.756] [Server thread/INFO] [com.esm.nightmare.MobBehavs.SpawnRideableMob/]: Spawning Jockey at: BlockPos{x=1399, y=59, z=144}
[02Jun2025 02:47:38.256] [Server thread/INFO] [com.esm.nightmare.MobBehavs.SpawnRideableMob/]: ESM - Init Rideable EntityEntity_Type and Jockey Lists...
[02Jun2025 02:47:38.256] [Server thread/INFO] [com.esm.nightmare.MobBehavs.SpawnRideableMob/]: Spawning Jockey at: BlockPos{x=1438, y=32, z=183}
[02Jun2025 02:47:45.064] [Server thread/WARN] [net.minecraft.server.network.ServerGamePacketListenerImpl/]: Jhonxd592 moved wrongly!
[02Jun2025 02:47:45.155] [Server thread/INFO] [com.esm.nightmare.MobBehavs.SpawnRideableMob/]: ESM - Init Rideable EntityEntity_Type and Jockey Lists...
[02Jun2025 02:47:45.156] [Server thread/INFO] [com.esm.nightmare.MobBehavs.SpawnRideableMob/]: Spawning Jockey at: BlockPos{x=1438, y=75, z=205}
[02Jun2025 02:47:46.611] [Server thread/WARN] [tombstone/]: The death event of the player 01Kevin10 was canceled by another mod
[02Jun2025 02:47:46.614] [Server thread/INFO] [tombstone/]: The player 01Kevin10 has successfully been saved
[02Jun2025 02:47:50.906] [Server thread/INFO] [com.esm.nightmare.MobBehavs.SpawnRideableMob/]: ESM - Init Rideable EntityEntity_Type and Jockey Lists...
[02Jun2025 02:48:08.555] [Server thread/INFO] [com.esm.nightmare.MobBehavs.SpawnRideableMob/]: ESM - Init Rideable EntityEntity_Type and Jockey Lists...
[02Jun2025 02:48:08.556] [Server thread/INFO] [com.esm.nightmare.MobBehavs.SpawnRideableMob/]: Spawning Jockey at: BlockPos{x=1429, y=51, z=175}
[02Jun2025 02:48:23.456] [Server thread/INFO] [com.esm.nightmare.MobBehavs.SpawnRideableMob/]: ESM - Init Rideable EntityEntity_Type and Jockey Lists...
[02Jun2025 02:48:23.456] [Server thread/INFO] [com.esm.nightmare.MobBehavs.SpawnRideableMob/]: Spawning Jockey at: BlockPos{x=1462, y=87, z=141}
[02Jun2025 02:48:24.205] [Server thread/INFO] [com.esm.nightmare.MobBehavs.SpawnRideableMob/]: ESM - Init Rideable EntityEntity_Type and Jockey Lists...
[02Jun2025 02:48:24.205] [Server thread/INFO] [com.esm.nightmare.MobBehavs.SpawnRideableMob/]: Spawning Jockey at: BlockPos{x=1419, y=66, z=133}
[02Jun2025 02:48:28.956] [Server thread/INFO] [com.esm.nightmare.MobBehavs.SpawnRideableMob/]: ESM - Init Rideable EntityEntity_Type and Jockey Lists...
[02Jun2025 02:48:28.956] [Server thread/INFO] [com.esm.nightmare.MobBehavs.SpawnRideableMob/]: Spawning Jockey at: BlockPos{x=1395, y=89, z=120}
[02Jun2025 02:48:34.011] [Server thread/WARN] [tombstone/]: The death event of the player 01Kevin10 was canceled by another mod
[02Jun2025 02:48:34.016] [Server thread/INFO] [tombstone/]: The player 01Kevin10 has successfully been saved
[02Jun2025 02:48:39.993] [Server thread/INFO] [net.minecraft.server.MinecraftServer/]: 01Kevin10 was slain by Ignis
[02Jun2025 02:48:39.998] [Server thread/INFO] [com.tiviacz.travelersbackpack.TravelersBackpack/]: Created new backpack backup file for 01Kevin10 with unique ID travelersbackpack.enderman_02.06.2025-02.48.39.dat
[02Jun2025 02:48:44.463] [Server thread/WARN] [tombstone/]: The death event of the player s22e310 was canceled by another mod
[02Jun2025 02:48:44.474] [Server thread/INFO] [tombstone/]: The player s22e310 has successfully been saved
[02Jun2025 02:48:44.764] [Server thread/WARN] [tombstone/]: The death event of the player Herondale was canceled by another mod
[02Jun2025 02:48:44.776] [Server thread/INFO] [tombstone/]: The player Herondale has successfully been saved
[02Jun2025 02:48:46.661] [Server thread/WARN] [tombstone/]: The death event of the player Jhonxd592 was canceled by another mod
[02Jun2025 02:48:46.669] [Server thread/INFO] [tombstone/]: The player Jhonxd592 has successfully been saved
[02Jun2025 02:48:53.062] [Server thread/INFO] [net.minecraft.server.MinecraftServer/]: Herondale froze to death
[02Jun2025 02:48:53.081] [Server thread/INFO] [tombstone/]: The player Herondale has successfully been saved
[02Jun2025 02:49:05.856] [Server thread/INFO] [com.esm.nightmare.MobBehavs.SpawnRideableMob/]: ESM - Init Rideable EntityEntity_Type and Jockey Lists...
[02Jun2025 02:49:05.857] [Server thread/INFO] [com.esm.nightmare.MobBehavs.SpawnRideableMob/]: Spawning Jockey at: BlockPos{x=1467, y=84, z=56}
[02Jun2025 02:49:09.913] [Server thread/WARN] [tombstone/]: The death event of the player s22e310 was canceled by another mod
[02Jun2025 02:49:09.915] [Server thread/INFO] [tombstone/]: The player s22e310 has successfully been saved
[02Jun2025 02:49:10.311] [Server thread/WARN] [tombstone/]: The death event of the player 01Kevin10 was canceled by another mod
[02Jun2025 02:49:10.317] [Server thread/INFO] [tombstone/]: The player 01Kevin10 has successfully been saved
[02Jun2025 02:49:18.057] [Server thread/INFO] [com.esm.nightmare.MobBehavs.SpawnRideableMob/]: ESM - Init Rideable EntityEntity_Type and Jockey Lists...
[02Jun2025 02:49:18.057] [Server thread/INFO] [com.esm.nightmare.MobBehavs.SpawnRideableMob/]: Spawning Jockey at: BlockPos{x=1433, y=69, z=165}
[02Jun2025 02:49:18.447] [Server thread/INFO] [net.minecraft.server.MinecraftServer/]: 01Kevin10 was slain by Ignis
[02Jun2025 02:49:18.456] [Server thread/INFO] [com.tiviacz.travelersbackpack.TravelersBackpack/]: Created new backpack backup file for 01Kevin10 with unique ID travelersbackpack.enderman_02.06.2025-02.49.18.dat
[02Jun2025 02:49:23.257] [Server thread/INFO] [com.esm.nightmare.MobBehavs.SpawnRideableMob/]: ESM - Init Rideable EntityEntity_Type and Jockey Lists...
[02Jun2025 02:49:23.257] [Server thread/INFO] [com.esm.nightmare.MobBehavs.SpawnRideableMob/]: Spawning Jockey at: BlockPos{x=1442, y=32, z=198}
[02Jun2025 02:49:35.706] [Server thread/INFO] [com.esm.nightmare.MobBehavs.SpawnRideableMob/]: ESM - Init Rideable EntityEntity_Type and Jockey Lists...
[02Jun2025 02:49:35.706] [Server thread/INFO] [com.esm.nightmare.MobBehavs.SpawnRideableMob/]: Spawning Jockey at: BlockPos{x=1479, y=73, z=217}
[02Jun2025 02:49:36.211] [Server thread/WARN] [tombstone/]: The death event of the player Jhonxd592 was canceled by another mod
[02Jun2025 02:49:36.217] [Server thread/INFO] [tombstone/]: The player Jhonxd592 has successfully been saved
[02Jun2025 02:49:40.658] [Server thread/INFO] [com.esm.nightmare.MobBehavs.SpawnRideableMob/]: ESM - Init Rideable EntityEntity_Type and Jockey Lists...
[02Jun2025 02:49:40.658] [Server thread/INFO] [com.esm.nightmare.MobBehavs.SpawnRideableMob/]: Spawning Jockey at: BlockPos{x=1509, y=85, z=16}
[02Jun2025 02:49:45.814] [Server thread/WARN] [tombstone/]: The death event of the player Herondale was canceled by another mod
[02Jun2025 02:49:45.821] [Server thread/INFO] [tombstone/]: The player Herondale has successfully been saved
[02Jun2025 02:49:53.011] [Server thread/WARN] [tombstone/]: The death event of the player s22e310 was canceled by another mod
[02Jun2025 02:49:53.017] [Server thread/INFO] [tombstone/]: The player s22e310 has successfully been saved
[02Jun2025 02:49:55.163] [Server thread/INFO] [net.minecraft.server.MinecraftServer/]: Jhonxd592 was slain by Ignis
[02Jun2025 02:49:55.171] [Server thread/INFO] [com.tiviacz.travelersbackpack.TravelersBackpack/]: Created new backpack backup file for Jhonxd592 with unique ID travelersbackpack.blaze_02.06.2025-02.49.55.dat
[02Jun2025 02:49:55.307] [Server thread/INFO] [com.esm.nightmare.MobBehavs.SpawnRideableMob/]: ESM - Init Rideable EntityEntity_Type and Jockey Lists...
[02Jun2025 02:49:55.307] [Server thread/INFO] [com.esm.nightmare.MobBehavs.SpawnRideableMob/]: Spawning Jockey at: BlockPos{x=1496, y=68, z=16}
[02Jun2025 02:49:57.510] [Server thread/INFO] [com.esm.nightmare.MobBehavs.SpawnRideableMob/]: ESM - Init Rideable EntityEntity_Type and Jockey Lists...
[02Jun2025 02:49:57.511] [Server thread/INFO] [com.esm.nightmare.MobBehavs.SpawnRideableMob/]: Spawning Jockey at: BlockPos{x=3937, y=44, z=1132}
[02Jun2025 02:49:58.908] [Server thread/INFO] [com.esm.nightmare.MobBehavs.SpawnRideableMob/]: ESM - Init Rideable EntityEntity_Type and Jockey Lists...
[02Jun2025 02:49:58.908] [Server thread/INFO] [com.esm.nightmare.MobBehavs.SpawnRideableMob/]: Spawning Jockey at: BlockPos{x=3880, y=41, z=1195}
[02Jun2025 02:49:59.708] [Server thread/INFO] [com.esm.nightmare.MobBehavs.SpawnRideableMob/]: ESM - Init Rideable EntityEntity_Type and Jockey Lists...
[02Jun2025 02:49:59.708] [Server thread/INFO] [com.esm.nightmare.MobBehavs.SpawnRideableMob/]: Spawning Jockey at: BlockPos{x=3868, y=32, z=1187}
[02Jun2025 02:50:05.960] [Server thread/WARN] [tombstone/]: The death event of the player Herondale was canceled by another mod
[02Jun2025 02:50:05.967] [Server thread/INFO] [tombstone/]: The player Herondale has successfully been saved
[02Jun2025 02:50:10.456] [Server thread/INFO] [com.esm.nightmare.MobBehavs.SpawnRideableMob/]: ESM - Init Rideable EntityEntity_Type and Jockey Lists...
[02Jun2025 02:50:10.456] [Server thread/INFO] [com.esm.nightmare.MobBehavs.SpawnRideableMob/]: Spawning Jockey at: BlockPos{x=1447, y=35, z=201}
[02Jun2025 02:50:19.356] [Server thread/INFO] [com.esm.nightmare.MobBehavs.SpawnRideableMob/]: ESM - Init Rideable EntityEntity_Type and Jockey Lists...
[02Jun2025 02:50:19.356] [Server thread/INFO] [com.esm.nightmare.MobBehavs.SpawnRideableMob/]: Spawning Jockey at: BlockPos{x=1499, y=44, z=209}
[02Jun2025 02:50:39.709] [Server thread/WARN] [tombstone/]: The death event of the player 01Kevin10 was canceled by another mod
[02Jun2025 02:50:39.716] [Server thread/INFO] [tombstone/]: The player 01Kevin10 has successfully been saved
[02Jun2025 02:50:47.064] [Server thread/INFO] [net.minecraft.server.MinecraftServer/]: 01Kevin10 tried to swim in lava
[02Jun2025 02:50:47.065] [Server thread/INFO] [tombstone/]: The player 01Kevin10 has successfully been saved
[02Jun2025 02:51:11.813] [Server thread/WARN] [tombstone/]: The death event of the player s22e310 was canceled by another mod
[02Jun2025 02:51:11.815] [Server thread/INFO] [tombstone/]: The player s22e310 has successfully been saved
[02Jun2025 02:51:14.313] [Server thread/INFO] [net.minecraft.server.MinecraftServer/]: s22e310 tried to swim in lava
[02Jun2025 02:51:14.315] [Server thread/INFO] [com.tiviacz.travelersbackpack.TravelersBackpack/]: Created new backpack backup file for s22e310 with unique ID travelersbackpack.iron_02.06.2025-02.51.14.dat
[02Jun2025 02:51:14.317] [Server thread/INFO] [tombstone/]: The player s22e310 has successfully been saved
[02Jun2025 02:52:11.812] [Server thread/WARN] [tombstone/]: The death event of the player Herondale was canceled by another mod
[02Jun2025 02:52:11.820] [Server thread/INFO] [tombstone/]: The player Herondale has successfully been saved
[02Jun2025 02:52:18.116] [Server thread/INFO] [net.minecraft.server.MinecraftServer/]: 1$s has perished from holy damage
[02Jun2025 02:52:18.133] [Server thread/INFO] [tombstone/]: The player Herondale has successfully been saved
[02Jun2025 02:52:48.367] [Server thread/WARN] [tombstone/]: The death event of the player Jhonxd592 was canceled by another mod
[02Jun2025 02:52:48.378] [Server thread/INFO] [tombstone/]: The player Jhonxd592 has successfully been saved
[02Jun2025 02:52:54.615] [Server thread/WARN] [tombstone/]: The death event of the player 01Kevin10 was canceled by another mod
[02Jun2025 02:52:54.621] [Server thread/INFO] [tombstone/]: The player 01Kevin10 has successfully been saved
[02Jun2025 02:53:04.525] [Server thread/WARN] [tombstone/]: The death event of the player s22e310 was canceled by another mod
[02Jun2025 02:53:04.527] [Server thread/INFO] [tombstone/]: The player s22e310 has successfully been saved
[02Jun2025 02:53:05.203] [Server thread/INFO] [net.minecraft.server.MinecraftServer/]: Teleported Herondale to Jhonxd592
[02Jun2025 02:53:14.796] [Server thread/INFO] [net.minecraft.server.MinecraftServer/]: s22e310 fell from a high place
[02Jun2025 02:53:14.798] [Server thread/INFO] [com.tiviacz.travelersbackpack.TravelersBackpack/]: Created new backpack backup file for s22e310 with unique ID travelersbackpack.iron_02.06.2025-02.53.14.dat
[02Jun2025 02:53:42.212] [Server thread/WARN] [tombstone/]: The death event of the player Jhonxd592 was canceled by another mod
[02Jun2025 02:53:42.219] [Server thread/INFO] [tombstone/]: The player Jhonxd592 has successfully been saved
[02Jun2025 02:53:52.759] [Server thread/WARN] [tombstone/]: The death event of the player Jhonxd592 was canceled by another mod
[02Jun2025 02:53:52.760] [Server thread/WARN] [tombstone/]: The death event of the player s22e310 was canceled by another mod
[02Jun2025 02:53:52.766] [Server thread/INFO] [tombstone/]: The player Jhonxd592 has successfully been saved
[02Jun2025 02:53:52.766] [Server thread/INFO] [tombstone/]: The player s22e310 has successfully been saved
[02Jun2025 02:53:54.363] [Server thread/INFO] [net.minecraft.server.MinecraftServer/]: s22e310 tried to swim in lava to escape Ignis
[02Jun2025 02:53:54.364] [Server thread/INFO] [tombstone/]: The player s22e310 has successfully been saved
[02Jun2025 02:53:56.265] [Server thread/WARN] [tombstone/]: The death event of the player 01Kevin10 was canceled by another mod
[02Jun2025 02:53:56.271] [Server thread/INFO] [tombstone/]: The player 01Kevin10 has successfully been saved
[02Jun2025 02:54:10.095] [Server thread/INFO] [net.minecraft.server.MinecraftServer/]: Teleported s22e310 to Jhonxd592
[02Jun2025 02:54:17.568] [Server thread/INFO] [net.minecraft.server.MinecraftServer/]: Teleported 01Kevin10 to Jhonxd592
[02Jun2025 02:54:58.860] [Server thread/WARN] [tombstone/]: The death event of the player Herondale was canceled by another mod
[02Jun2025 02:54:58.867] [Server thread/INFO] [tombstone/]: The player Herondale has successfully been saved
[02Jun2025 02:55:11.710] [Server thread/WARN] [tombstone/]: The death event of the player 01Kevin10 was canceled by another mod
[02Jun2025 02:55:11.717] [Server thread/INFO] [tombstone/]: The player 01Kevin10 has successfully been saved
[02Jun2025 02:55:16.663] [Server thread/WARN] [tombstone/]: The death event of the player Herondale was canceled by another mod
[02Jun2025 02:55:16.666] [Server thread/INFO] [tombstone/]: The player Herondale has successfully been saved
[02Jun2025 02:56:10.111] [Server thread/WARN] [tombstone/]: The death event of the player 01Kevin10 was canceled by another mod
[02Jun2025 02:56:10.116] [Server thread/INFO] [tombstone/]: The player 01Kevin10 has successfully been saved
[02Jun2025 02:56:24.658] [Server thread/WARN] [tombstone/]: The death event of the player Herondale was canceled by another mod
[02Jun2025 02:56:24.665] [Server thread/INFO] [tombstone/]: The player Herondale has successfully been saved
[02Jun2025 02:56:34.565] [Server thread/INFO] [net.minecraft.server.MinecraftServer/]: Herondale burned to death
[02Jun2025 02:56:34.572] [Server thread/INFO] [com.tiviacz.travelersbackpack.TravelersBackpack/]: Created new backpack backup file for Herondale with unique ID travelersbackpack.standard_02.06.2025-02.56.34.dat
[02Jun2025 02:56:34.589] [Server thread/INFO] [tombstone/]: The player Herondale has successfully been saved
[02Jun2025 02:56:39.368] [Server thread/INFO] [net.minecraft.server.MinecraftServer/]: 01Kevin10 burned to death
[02Jun2025 02:56:39.372] [Server thread/INFO] [com.tiviacz.travelersbackpack.TravelersBackpack/]: Created new backpack backup file for 01Kevin10 with unique ID travelersbackpack.enderman_02.06.2025-02.56.39.dat
[02Jun2025 02:56:39.373] [Server thread/INFO] [tombstone/]: The player 01Kevin10 has successfully been saved
[02Jun2025 02:57:03.017] [Server thread/WARN] [tombstone/]: The death event of the player 01Kevin10 was canceled by another mod
[02Jun2025 02:57:03.023] [Server thread/INFO] [tombstone/]: The player 01Kevin10 has successfully been saved
[02Jun2025 02:57:05.253] [Server thread/INFO] [net.minecraft.server.MinecraftServer/]: Teleported Herondale to Jhonxd592
[02Jun2025 02:57:21.059] [Server thread/WARN] [tombstone/]: The death event of the player 01Kevin10 was canceled by another mod
[02Jun2025 02:57:21.065] [Server thread/INFO] [tombstone/]: The player 01Kevin10 has successfully been saved
[02Jun2025 02:57:28.910] [Server thread/WARN] [tombstone/]: The death event of the player Jhonxd592 was canceled by another mod
[02Jun2025 02:57:28.916] [Server thread/INFO] [tombstone/]: The player Jhonxd592 has successfully been saved
[02Jun2025 02:57:50.362] [Server thread/WARN] [tombstone/]: The death event of the player s22e310 was canceled by another mod
[02Jun2025 02:57:50.364] [Server thread/INFO] [tombstone/]: The player s22e310 has successfully been saved
[02Jun2025 02:57:53.128] [Server thread/INFO] [net.minecraft.server.MinecraftServer/]: Jhonxd592 was slain by Ignis
[02Jun2025 02:57:53.134] [Server thread/INFO] [com.tiviacz.travelersbackpack.TravelersBackpack/]: Created new backpack backup file for Jhonxd592 with unique ID travelersbackpack.blaze_02.06.2025-02.57.53.dat
[02Jun2025 02:57:53.514] [Server thread/INFO] [net.minecraft.server.MinecraftServer/]: 01Kevin10 was burnt to a crisp whilst fighting s22e310
[02Jun2025 02:57:53.518] [Server thread/INFO] [com.tiviacz.travelersbackpack.TravelersBackpack/]: Created new backpack backup file for 01Kevin10 with unique ID travelersbackpack.enderman_02.06.2025-02.57.53.dat
[02Jun2025 02:57:53.520] [Server thread/INFO] [tombstone/]: The player 01Kevin10 has successfully been saved
[02Jun2025 02:58:46.163] [Server thread/INFO] [net.minecraft.server.MinecraftServer/]: [Not Secure] <Herondale> llamada
[02Jun2025 02:58:50.792] [Server thread/INFO] [net.minecraft.server.MinecraftServer/]: [Not Secure] <s22e310> xd
[02Jun2025 02:59:28.434] [Server thread/INFO] [net.minecraft.server.MinecraftServer/]: [Not Secure] <Jhonxd592> NO KEVIN
[02Jun2025 02:59:46.470] [Server thread/WARN] [tombstone/]: The death event of the player 01Kevin10 was canceled by another mod
[02Jun2025 02:59:46.472] [Server thread/INFO] [tombstone/]: The player 01Kevin10 has successfully been saved
[02Jun2025 02:59:48.779] [Server thread/INFO] [net.minecraft.server.MinecraftServer/]: [Not Secure] <s22e310> xd
[02Jun2025 03:00:15.061] [Server thread/INFO] [net.minecraft.server.MinecraftServer/]: [Not Secure] <s22e310> ya mande
[02Jun2025 03:00:25.408] [Server thread/WARN] [tombstone/]: The death event of the player 01Kevin10 was canceled by another mod
[02Jun2025 03:00:25.414] [Server thread/INFO] [tombstone/]: The player 01Kevin10 has successfully been saved
[02Jun2025 03:00:40.463] [Server thread/WARN] [tombstone/]: The death event of the player 01Kevin10 was canceled by another mod
[02Jun2025 03:00:40.465] [Server thread/INFO] [tombstone/]: The player 01Kevin10 has successfully been saved
[02Jun2025 03:00:45.964] [Server thread/INFO] [net.minecraft.server.MinecraftServer/]: 01Kevin10 burned to death
[02Jun2025 03:00:45.969] [Server thread/INFO] [com.tiviacz.travelersbackpack.TravelersBackpack/]: Created new backpack backup file for 01Kevin10 with unique ID travelersbackpack.enderman_02.06.2025-03.00.45.dat
[02Jun2025 03:00:45.970] [Server thread/INFO] [tombstone/]: The player 01Kevin10 has successfully been saved
[02Jun2025 03:00:54.661] [Server thread/WARN] [tombstone/]: The death event of the player Jhonxd592 was canceled by another mod
[02Jun2025 03:00:54.669] [Server thread/INFO] [tombstone/]: The player Jhonxd592 has successfully been saved
[02Jun2025 03:00:57.032] [Server thread/INFO] [net.minecraft.server.MinecraftServer/]: [Not Secure] <Jhonxd592> a
[02Jun2025 03:01:12.111] [Server thread/WARN] [tombstone/]: The death event of the player 01Kevin10 was canceled by another mod
[02Jun2025 03:01:12.114] [Server thread/INFO] [tombstone/]: The player 01Kevin10 has successfully been saved
[02Jun2025 03:01:14.669] [Server thread/WARN] [tombstone/]: The death event of the player s22e310 was canceled by another mod
[02Jun2025 03:01:14.670] [Server thread/INFO] [tombstone/]: The player s22e310 has successfully been saved
[02Jun2025 03:01:17.113] [Server thread/INFO] [net.minecraft.server.MinecraftServer/]: s22e310 tried to swim in lava to escape Ignis
[02Jun2025 03:01:17.114] [Server thread/INFO] [com.tiviacz.travelersbackpack.TravelersBackpack/]: Created new backpack backup file for s22e310 with unique ID travelersbackpack.iron_02.06.2025-03.01.17.dat
[02Jun2025 03:01:17.116] [Server thread/INFO] [tombstone/]: The player s22e310 has successfully been saved
[02Jun2025 03:01:21.860] [Server thread/WARN] [tombstone/]: The death event of the player Herondale was canceled by another mod
[02Jun2025 03:01:21.866] [Server thread/INFO] [tombstone/]: The player Herondale has successfully been saved
[02Jun2025 03:01:26.413] [Server thread/INFO] [net.minecraft.server.MinecraftServer/]: 01Kevin10 was slain by Ignis
[02Jun2025 03:01:26.417] [Server thread/INFO] [com.tiviacz.travelersbackpack.TravelersBackpack/]: Created new backpack backup file for 01Kevin10 with unique ID travelersbackpack.enderman_02.06.2025-03.01.26.dat
[02Jun2025 03:01:28.463] [Server thread/INFO] [net.minecraft.server.MinecraftServer/]: Herondale tried to swim in lava
[02Jun2025 03:01:28.479] [Server thread/INFO] [tombstone/]: The player Herondale has successfully been saved
[02Jun2025 03:01:32.010] [Server thread/WARN] [tombstone/]: The death event of the player Jhonxd592 was canceled by another mod
[02Jun2025 03:01:32.016] [Server thread/INFO] [tombstone/]: The player Jhonxd592 has successfully been saved
[02Jun2025 03:01:45.760] [Server thread/WARN] [tombstone/]: The death event of the player Herondale was canceled by another mod
[02Jun2025 03:01:45.764] [Server thread/INFO] [tombstone/]: The player Herondale has successfully been saved
[02Jun2025 03:01:48.736] [Server thread/INFO] [net.minecraft.server.MinecraftServer/]: Jhonxd592 was slain by Ignis
[02Jun2025 03:01:48.743] [Server thread/INFO] [com.tiviacz.travelersbackpack.TravelersBackpack/]: Created new backpack backup file for Jhonxd592 with unique ID travelersbackpack.blaze_02.06.2025-03.01.48.dat
[02Jun2025 03:01:53.016] [Server thread/INFO] [net.minecraft.server.MinecraftServer/]: Herondale has reached the goal [Chain Death]
[02Jun2025 03:01:53.017] [Server thread/INFO] [net.minecraft.server.MinecraftServer/]: Herondale was slain by Ignis
[02Jun2025 03:01:53.065] [Server thread/WARN] [tombstone/]: The death event of the player s22e310 was canceled by another mod
[02Jun2025 03:01:53.068] [Server thread/INFO] [tombstone/]: The player s22e310 has successfully been saved
[02Jun2025 03:02:16.913] [Server thread/WARN] [net.minecraft.server.network.ServerGamePacketListenerImpl/]: Jhonxd592 moved wrongly!
[02Jun2025 03:02:28.160] [Server thread/WARN] [tombstone/]: The death event of the player 01Kevin10 was canceled by another mod
[02Jun2025 03:02:28.165] [Server thread/INFO] [tombstone/]: The player 01Kevin10 has successfully been saved
[02Jun2025 03:02:35.361] [Server thread/WARN] [tombstone/]: The death event of the player Herondale was canceled by another mod
[02Jun2025 03:02:35.379] [Server thread/INFO] [tombstone/]: The player Herondale has successfully been saved
[02Jun2025 03:02:37.816] [Server thread/INFO] [net.minecraft.server.MinecraftServer/]: Herondale tried to swim in lava to escape Ignis
[02Jun2025 03:02:37.818] [Server thread/INFO] [tombstone/]: The player Herondale has successfully been saved
[02Jun2025 03:02:40.612] [Server thread/INFO] [net.minecraft.server.MinecraftServer/]: 01Kevin10 was killed by Ignis using magic
[02Jun2025 03:02:40.616] [Server thread/INFO] [com.tiviacz.travelersbackpack.TravelersBackpack/]: Created new backpack backup file for 01Kevin10 with unique ID travelersbackpack.enderman_02.06.2025-03.02.40.dat
[02Jun2025 03:02:52.060] [Server thread/WARN] [tombstone/]: The death event of the player s22e310 was canceled by another mod
[02Jun2025 03:02:52.065] [Server thread/INFO] [tombstone/]: The player s22e310 has successfully been saved
[02Jun2025 03:03:08.212] [Server thread/WARN] [tombstone/]: The death event of the player Herondale was canceled by another mod
[02Jun2025 03:03:08.214] [Server thread/INFO] [tombstone/]: The player Herondale has successfully been saved
[02Jun2025 03:03:14.564] [Server thread/INFO] [net.minecraft.server.MinecraftServer/]: Herondale burned to death
[02Jun2025 03:03:14.569] [Server thread/INFO] [com.tiviacz.travelersbackpack.TravelersBackpack/]: Created new backpack backup file for Herondale with unique ID travelersbackpack.standard_02.06.2025-03.03.14.dat
[02Jun2025 03:03:21.568] [Server thread/WARN] [tombstone/]: The death event of the player 01Kevin10 was canceled by another mod
[02Jun2025 03:03:21.570] [Server thread/INFO] [tombstone/]: The player 01Kevin10 has successfully been saved
[02Jun2025 03:03:35.359] [Server thread/WARN] [tombstone/]: The death event of the player Herondale was canceled by another mod
[02Jun2025 03:03:35.362] [Server thread/WARN] [tombstone/]: The death event of the player s22e310 was canceled by another mod
[02Jun2025 03:03:35.375] [Server thread/INFO] [tombstone/]: The player Herondale has successfully been saved
[02Jun2025 03:03:35.375] [Server thread/INFO] [tombstone/]: The player s22e310 has successfully been saved
[02Jun2025 03:03:42.118] [Server thread/INFO] [net.minecraft.server.MinecraftServer/]: Herondale was slain by Ignis
[02Jun2025 03:03:42.125] [Server thread/INFO] [com.tiviacz.travelersbackpack.TravelersBackpack/]: Created new backpack backup file for Herondale with unique ID travelersbackpack.standard_02.06.2025-03.03.42.dat
[02Jun2025 03:03:45.314] [Server thread/INFO] [net.minecraft.server.MinecraftServer/]: s22e310 was slain by Ignis
[02Jun2025 03:03:45.315] [Server thread/INFO] [com.tiviacz.travelersbackpack.TravelersBackpack/]: Created new backpack backup file for s22e310 with unique ID travelersbackpack.iron_02.06.2025-03.03.45.dat
[02Jun2025 03:04:11.315] [Server thread/WARN] [tombstone/]: The death event of the player Jhonxd592 was canceled by another mod
[02Jun2025 03:04:11.319] [Server thread/INFO] [tombstone/]: The player Jhonxd592 has successfully been saved
[02Jun2025 03:04:20.469] [Server thread/INFO] [net.minecraft.server.MinecraftServer/]: 1$s has perished from holy damage
[02Jun2025 03:04:20.473] [Server thread/INFO] [com.tiviacz.travelersbackpack.TravelersBackpack/]: Created new backpack backup file for 01Kevin10 with unique ID travelersbackpack.enderman_02.06.2025-03.04.20.dat
[02Jun2025 03:04:25.182] [Server thread/INFO] [net.minecraft.server.MinecraftServer/]: [Not Secure] <s22e310> xd
[02Jun2025 03:04:27.144] [Server thread/INFO] [net.minecraft.server.MinecraftServer/]: [Not Secure] <s22e310> mare
[02Jun2025 03:04:30.895] [Server thread/INFO] [net.minecraft.server.MinecraftServer/]: Teleported s22e310 to Jhonxd592
[02Jun2025 03:04:35.564] [Server thread/WARN] [tombstone/]: The death event of the player Herondale was canceled by another mod
[02Jun2025 03:04:35.570] [Server thread/INFO] [tombstone/]: The player Herondale has successfully been saved
[02Jun2025 03:04:38.928] [Server thread/INFO] [net.minecraft.server.MinecraftServer/]: [Not Secure] <s22e310> entra a la llamada kevin
[02Jun2025 03:04:39.219] [Server thread/INFO] [net.minecraft.server.MinecraftServer/]: Herondale tried to swim in lava to escape Ignis
[02Jun2025 03:04:39.226] [Server thread/INFO] [com.tiviacz.travelersbackpack.TravelersBackpack/]: Created new backpack backup file for Herondale with unique ID travelersbackpack.standard_02.06.2025-03.04.39.dat
[02Jun2025 03:04:39.242] [Server thread/INFO] [tombstone/]: The player Herondale has successfully been saved
[02Jun2025 03:04:41.018] [Server thread/WARN] [tombstone/]: The death event of the player Jhonxd592 was canceled by another mod
[02Jun2025 03:04:41.020] [Server thread/INFO] [tombstone/]: The player Jhonxd592 has successfully been saved
[02Jun2025 03:04:41.622] [Server thread/INFO] [net.minecraft.server.MinecraftServer/]: No entity was found
[02Jun2025 03:05:08.198] [Server thread/INFO] [net.minecraft.server.MinecraftServer/]: Teleported Herondale to Jhonxd592
[02Jun2025 03:05:18.064] [Server thread/WARN] [tombstone/]: The death event of the player s22e310 was canceled by another mod
[02Jun2025 03:05:18.068] [Server thread/INFO] [tombstone/]: The player s22e310 has successfully been saved
[02Jun2025 03:05:18.594] [Server thread/INFO] [net.minecraft.server.MinecraftServer/]: [Not Secure] <01Kevin10> tp xd
[02Jun2025 03:05:20.203] [Server thread/INFO] [net.minecraft.server.MinecraftServer/]: Teleported 01Kevin10 to Jhonxd592
[02Jun2025 03:05:28.066] [Server thread/INFO] [net.minecraft.server.MinecraftServer/]: s22e310 was slain by Ignis
[02Jun2025 03:05:28.068] [Server thread/INFO] [com.tiviacz.travelersbackpack.TravelersBackpack/]: Created new backpack backup file for s22e310 with unique ID travelersbackpack.iron_02.06.2025-03.05.28.dat
[02Jun2025 03:06:32.560] [Server thread/WARN] [tombstone/]: The death event of the player Herondale was canceled by another mod
[02Jun2025 03:06:32.565] [Server thread/INFO] [tombstone/]: The player Herondale has successfully been saved
[02Jun2025 03:06:35.811] [Server thread/WARN] [tombstone/]: The death event of the player 01Kevin10 was canceled by another mod
[02Jun2025 03:06:35.818] [Server thread/INFO] [tombstone/]: The player 01Kevin10 has successfully been saved
[02Jun2025 03:06:38.817] [Server thread/INFO] [net.minecraft.server.MinecraftServer/]: Herondale was slain by Ignis
[02Jun2025 03:06:38.824] [Server thread/INFO] [com.tiviacz.travelersbackpack.TravelersBackpack/]: Created new backpack backup file for Herondale with unique ID travelersbackpack.standard_02.06.2025-03.06.38.dat
[02Jun2025 03:06:39.766] [Server thread/INFO] [net.minecraft.server.MinecraftServer/]: Gave 64 [Bottle o' Enchanting] to Jhonxd592
[02Jun2025 03:06:42.863] [Server thread/INFO] [net.minecraft.server.MinecraftServer/]: 01Kevin10 was slain by Ignis
[02Jun2025 03:06:42.867] [Server thread/INFO] [com.tiviacz.travelersbackpack.TravelersBackpack/]: Created new backpack backup file for 01Kevin10 with unique ID travelersbackpack.enderman_02.06.2025-03.06.42.dat
[02Jun2025 03:06:51.069] [Server thread/INFO] [net.minecraft.server.MinecraftServer/]: Herondale has reached the goal [Discreet Search]
[02Jun2025 03:07:01.260] [Server thread/WARN] [tombstone/]: The death event of the player Herondale was canceled by another mod
[02Jun2025 03:07:01.266] [Server thread/INFO] [tombstone/]: The player Herondale has successfully been saved
[02Jun2025 03:07:07.636] [Server thread/INFO] [net.minecraft.server.MinecraftServer/]: Herondale was slain by Ignis
[02Jun2025 03:07:07.643] [Server thread/INFO] [com.tiviacz.travelersbackpack.TravelersBackpack/]: Created new backpack backup file for Herondale with unique ID travelersbackpack.standard_02.06.2025-03.07.07.dat
[02Jun2025 03:07:29.809] [Server thread/WARN] [tombstone/]: The death event of the player 01Kevin10 was canceled by another mod
[02Jun2025 03:07:29.816] [Server thread/INFO] [tombstone/]: The player 01Kevin10 has successfully been saved
[02Jun2025 03:08:01.161] [Server thread/WARN] [tombstone/]: The death event of the player Herondale was canceled by another mod
[02Jun2025 03:08:01.168] [Server thread/INFO] [tombstone/]: The player Herondale has successfully been saved
[02Jun2025 03:08:11.424] [Server thread/INFO] [net.minecraft.server.MinecraftServer/]: Herondale was slain by Ignis
[02Jun2025 03:08:11.430] [Server thread/INFO] [com.tiviacz.travelersbackpack.TravelersBackpack/]: Created new backpack backup file for Herondale with unique ID travelersbackpack.standard_02.06.2025-03.08.11.dat
[02Jun2025 03:08:13.912] [Server thread/WARN] [tombstone/]: The death event of the player s22e310 was canceled by another mod
[02Jun2025 03:08:13.918] [Server thread/INFO] [tombstone/]: The player s22e310 has successfully been saved
[02Jun2025 03:08:20.112] [Server thread/WARN] [tombstone/]: The death event of the player Jhonxd592 was canceled by another mod
[02Jun2025 03:08:20.114] [Server thread/INFO] [tombstone/]: The player Jhonxd592 has successfully been saved
[02Jun2025 03:08:20.562] [Server thread/INFO] [net.minecraft.server.MinecraftServer/]: s22e310 was slain by Ignis
[02Jun2025 03:08:20.563] [Server thread/INFO] [com.tiviacz.travelersbackpack.TravelersBackpack/]: Created new backpack backup file for s22e310 with unique ID travelersbackpack.iron_02.06.2025-03.08.20.dat
[02Jun2025 03:08:33.363] [Server thread/WARN] [tombstone/]: The death event of the player 01Kevin10 was canceled by another mod
[02Jun2025 03:08:33.368] [Server thread/INFO] [tombstone/]: The player 01Kevin10 has successfully been saved
[02Jun2025 03:08:38.369] [Server thread/INFO] [net.minecraft.server.MinecraftServer/]: Jhonxd592 was killed by Ignis using magic
[02Jun2025 03:08:38.375] [Server thread/INFO] [com.tiviacz.travelersbackpack.TravelersBackpack/]: Created new backpack backup file for Jhonxd592 with unique ID travelersbackpack.blaze_02.06.2025-03.08.38.dat
[02Jun2025 03:08:47.266] [Server thread/WARN] [tombstone/]: The death event of the player Herondale was canceled by another mod
[02Jun2025 03:08:47.271] [Server thread/INFO] [tombstone/]: The player Herondale has successfully been saved
[02Jun2025 03:08:53.371] [Server thread/INFO] [net.minecraft.server.MinecraftServer/]: Herondale was slain by Ignis
[02Jun2025 03:08:53.379] [Server thread/INFO] [com.tiviacz.travelersbackpack.TravelersBackpack/]: Created new backpack backup file for Herondale with unique ID travelersbackpack.standard_02.06.2025-03.08.53.dat
[02Jun2025 03:09:45.402] [Server thread/INFO] [net.minecraft.server.MinecraftServer/]: Teleported Herondale to Jhonxd592
[02Jun2025 03:09:54.274] [Server thread/WARN] [tombstone/]: The death event of the player 01Kevin10 was canceled by another mod
[02Jun2025 03:09:54.277] [Server thread/INFO] [tombstone/]: The player 01Kevin10 has successfully been saved
[02Jun2025 03:09:57.398] [Server thread/INFO] [net.minecraft.server.MinecraftServer/]: Teleported s22e310 to Jhonxd592
[02Jun2025 03:10:03.822] [Server thread/INFO] [net.minecraft.server.MinecraftServer/]: Teleported 01Kevin10 to Jhonxd592
[02Jun2025 03:11:05.614] [Server thread/WARN] [tombstone/]: The death event of the player 01Kevin10 was canceled by another mod
[02Jun2025 03:11:05.628] [Server thread/INFO] [tombstone/]: The player 01Kevin10 has successfully been saved
[02Jun2025 03:11:12.210] [Server thread/INFO] [com.esm.nightmare.MobBehavs.SpawnRideableMob/]: ESM - Init Rideable EntityEntity_Type and Jockey Lists...
[02Jun2025 03:11:12.211] [Server thread/INFO] [com.esm.nightmare.MobBehavs.SpawnRideableMob/]: Spawning Jockey at: BlockPos{x=1632, y=92, z=164}
[02Jun2025 03:11:40.407] [Server thread/INFO] [com.esm.nightmare.MobBehavs.SpawnRideableMob/]: ESM - Init Rideable EntityEntity_Type and Jockey Lists...
[02Jun2025 03:11:40.408] [Server thread/INFO] [com.esm.nightmare.MobBehavs.SpawnRideableMob/]: Spawning Jockey at: BlockPos{x=1569, y=57, z=55}
[02Jun2025 03:11:47.211] [Server thread/WARN] [tombstone/]: The death event of the player s22e310 was canceled by another mod
[02Jun2025 03:11:47.217] [Server thread/INFO] [tombstone/]: The player s22e310 has successfully been saved
[02Jun2025 03:11:48.771] [Server thread/WARN] [tombstone/]: The death event of the player 01Kevin10 was canceled by another mod
[02Jun2025 03:11:48.774] [Server thread/INFO] [tombstone/]: The player 01Kevin10 has successfully been saved
[02Jun2025 03:11:53.508] [Server thread/INFO] [com.esm.nightmare.MobBehavs.SpawnRideableMob/]: ESM - Init Rideable EntityEntity_Type and Jockey Lists...
[02Jun2025 03:11:53.508] [Server thread/INFO] [com.esm.nightmare.MobBehavs.SpawnRideableMob/]: Spawning Jockey at: BlockPos{x=1484, y=91, z=232}
[02Jun2025 03:11:54.764] [Server thread/INFO] [net.minecraft.server.MinecraftServer/]: s22e310 burned to death
[02Jun2025 03:11:54.765] [Server thread/INFO] [com.tiviacz.travelersbackpack.TravelersBackpack/]: Created new backpack backup file for s22e310 with unique ID travelersbackpack.iron_02.06.2025-03.11.54.dat
[02Jun2025 03:11:54.767] [Server thread/INFO] [tombstone/]: The player s22e310 has successfully been saved
[02Jun2025 03:12:02.565] [Server thread/INFO] [net.minecraft.server.MinecraftServer/]: 01Kevin10 burned to death
[02Jun2025 03:12:02.569] [Server thread/INFO] [com.tiviacz.travelersbackpack.TravelersBackpack/]: Created new backpack backup file for 01Kevin10 with unique ID travelersbackpack.enderman_02.06.2025-03.12.02.dat
[02Jun2025 03:12:02.570] [Server thread/INFO] [tombstone/]: The player 01Kevin10 has successfully been saved
[02Jun2025 03:12:19.361] [Server thread/WARN] [tombstone/]: The death event of the player Herondale was canceled by another mod
[02Jun2025 03:12:19.363] [Server thread/WARN] [tombstone/]: The death event of the player s22e310 was canceled by another mod
[02Jun2025 03:12:19.387] [Server thread/INFO] [tombstone/]: The player Herondale has successfully been saved
[02Jun2025 03:12:19.387] [Server thread/INFO] [tombstone/]: The player s22e310 has successfully been saved
[02Jun2025 03:12:28.480] [Server thread/INFO] [net.minecraft.server.MinecraftServer/]: Herondale was slain by Ignis
[02Jun2025 03:12:29.756] [Server thread/INFO] [com.esm.nightmare.MobBehavs.SpawnRideableMob/]: ESM - Init Rideable EntityEntity_Type and Jockey Lists...
[02Jun2025 03:12:29.756] [Server thread/INFO] [com.esm.nightmare.MobBehavs.SpawnRideableMob/]: Spawning Jockey at: BlockPos{x=1449, y=43, z=140}
[02Jun2025 03:12:29.757] [Server thread/INFO] [com.esm.nightmare.MobBehavs.SpawnRideableMob/]: ESM - Init Rideable EntityEntity_Type and Jockey Lists...
[02Jun2025 03:12:29.757] [Server thread/INFO] [com.esm.nightmare.MobBehavs.SpawnRideableMob/]: Spawning Jockey at: BlockPos{x=1444, y=43, z=132}
[02Jun2025 03:12:30.964] [Server thread/INFO] [net.minecraft.server.MinecraftServer/]: s22e310 was slain by Ignis
[02Jun2025 03:12:30.965] [Server thread/INFO] [com.tiviacz.travelersbackpack.TravelersBackpack/]: Created new backpack backup file for s22e310 with unique ID travelersbackpack.iron_02.06.2025-03.12.30.dat
[02Jun2025 03:12:31.089] [Server thread/WARN] [tombstone/]: The death event of the player 01Kevin10 was canceled by another mod
[02Jun2025 03:12:31.090] [Server thread/INFO] [tombstone/]: The player 01Kevin10 has successfully been saved
[02Jun2025 03:12:37.264] [Server thread/INFO] [net.minecraft.server.MinecraftServer/]: 01Kevin10 was doomed to fall
[02Jun2025 03:12:37.269] [Server thread/INFO] [com.tiviacz.travelersbackpack.TravelersBackpack/]: Created new backpack backup file for 01Kevin10 with unique ID travelersbackpack.enderman_02.06.2025-03.12.37.dat
[02Jun2025 03:12:39.755] [Server thread/INFO] [com.esm.nightmare.MobBehavs.SpawnRideableMob/]: ESM - Init Rideable EntityEntity_Type and Jockey Lists...
[02Jun2025 03:12:41.904] [Server thread/INFO] [com.esm.nightmare.MobBehavs.SpawnRideableMob/]: ESM - Init Rideable EntityEntity_Type and Jockey Lists...
[02Jun2025 03:12:47.321] [Server thread/INFO] [net.minecraft.server.MinecraftServer/]: Teleported s22e310 to Jhonxd592
[02Jun2025 03:12:51.505] [Server thread/INFO] [com.esm.nightmare.MobBehavs.SpawnRideableMob/]: ESM - Init Rideable EntityEntity_Type and Jockey Lists...
[02Jun2025 03:12:53.751] [Server thread/INFO] [net.minecraft.server.MinecraftServer/]: Teleported 01Kevin10 to Jhonxd592
[02Jun2025 03:13:04.820] [Server thread/INFO] [net.minecraft.server.MinecraftServer/]: Teleported Herondale to Jhonxd592
[02Jun2025 03:13:09.454] [Server thread/INFO] [com.esm.nightmare.MobBehavs.SpawnRideableMob/]: ESM - Init Rideable EntityEntity_Type and Jockey Lists...
[02Jun2025 03:13:09.455] [Server thread/INFO] [com.esm.nightmare.MobBehavs.SpawnRideableMob/]: Spawning Jockey at: BlockPos{x=1448, y=97, z=112}
[02Jun2025 03:13:12.667] [Server thread/WARN] [tombstone/]: The death event of the player 01Kevin10 was canceled by another mod
[02Jun2025 03:13:12.669] [Server thread/INFO] [tombstone/]: The player 01Kevin10 has successfully been saved
[02Jun2025 03:13:18.806] [Server thread/INFO] [com.esm.nightmare.MobBehavs.SpawnRideableMob/]: ESM - Init Rideable EntityEntity_Type and Jockey Lists...
[02Jun2025 03:13:18.806] [Server thread/INFO] [com.esm.nightmare.MobBehavs.SpawnRideableMob/]: Spawning Jockey at: BlockPos{x=1489, y=48, z=202}
[02Jun2025 03:13:26.415] [Server thread/INFO] [net.minecraft.server.MinecraftServer/]: Teleported 01Kevin10 to Jhonxd592
[02Jun2025 03:13:31.107] [Server thread/INFO] [com.esm.nightmare.MobBehavs.SpawnRideableMob/]: ESM - Init Rideable EntityEntity_Type and Jockey Lists...
[02Jun2025 03:13:31.107] [Server thread/INFO] [com.esm.nightmare.MobBehavs.SpawnRideableMob/]: Spawning Jockey at: BlockPos{x=1457, y=40, z=167}
[02Jun2025 03:13:32.281] [Server thread/INFO] [net.minecraft.server.MinecraftServer/]: 01Kevin10 was slain by Herondale
[02Jun2025 03:13:32.283] [Server thread/INFO] [tombstone/]: The player 01Kevin10 has successfully been saved
[02Jun2025 03:13:32.713] [Server thread/INFO] [net.minecraft.server.MinecraftServer/]: Teleported s22e310 to Jhonxd592
[02Jun2025 03:13:35.556] [Server thread/INFO] [com.esm.nightmare.MobBehavs.SpawnRideableMob/]: ESM - Init Rideable EntityEntity_Type and Jockey Lists...
[02Jun2025 03:13:38.255] [Server thread/INFO] [com.esm.nightmare.MobBehavs.SpawnRideableMob/]: ESM - Init Rideable EntityEntity_Type and Jockey Lists...
[02Jun2025 03:13:38.255] [Server thread/INFO] [com.esm.nightmare.MobBehavs.SpawnRideableMob/]: Spawning Jockey at: BlockPos{x=436, y=39, z=259}
[02Jun2025 03:13:40.122] [Server thread/WARN] [tombstone/]: The death event of the player s22e310 was canceled by another mod
[02Jun2025 03:13:40.125] [Server thread/INFO] [tombstone/]: The player s22e310 has successfully been saved
[02Jun2025 03:13:41.805] [Server thread/INFO] [com.esm.nightmare.MobBehavs.SpawnRideableMob/]: ESM - Init Rideable EntityEntity_Type and Jockey Lists...
[02Jun2025 03:13:41.805] [Server thread/INFO] [com.esm.nightmare.MobBehavs.SpawnRideableMob/]: Spawning Jockey at: BlockPos{x=325, y=-9, z=147}
[02Jun2025 03:13:50.969] [Server thread/WARN] [tombstone/]: The death event of the player s22e310 was canceled by another mod
[02Jun2025 03:13:50.971] [Server thread/INFO] [tombstone/]: The player s22e310 has successfully been saved
[02Jun2025 03:13:57.032] [Server thread/INFO] [net.minecraft.server.MinecraftServer/]: Jhonxd592 has made the advancement [Not Quite "Nine" Lives]
[02Jun2025 03:14:02.056] [Server thread/INFO] [com.esm.nightmare.MobBehavs.SpawnRideableMob/]: ESM - Init Rideable EntityEntity_Type and Jockey Lists...
[02Jun2025 03:14:02.056] [Server thread/INFO] [com.esm.nightmare.MobBehavs.SpawnRideableMob/]: Spawning Jockey at: BlockPos{x=378, y=-49, z=198}
[02Jun2025 03:14:05.413] [Server thread/INFO] [com.esm.nightmare.MobBehavs.SpawnRideableMob/]: ESM - Init Rideable EntityEntity_Type and Jockey Lists...
[02Jun2025 03:14:05.413] [Server thread/INFO] [com.esm.nightmare.MobBehavs.SpawnRideableMob/]: Spawning Jockey at: BlockPos{x=1390, y=53, z=222}
[02Jun2025 03:14:09.521] [Server thread/INFO] [net.minecraft.server.MinecraftServer/]: Teleported s22e310 to Jhonxd592
[02Jun2025 03:14:11.154] [Server thread/INFO] [com.esm.nightmare.MobBehavs.SpawnRideableMob/]: ESM - Init Rideable EntityEntity_Type and Jockey Lists...
[02Jun2025 03:14:11.154] [Server thread/INFO] [com.esm.nightmare.MobBehavs.SpawnRideableMob/]: Spawning Jockey at: BlockPos{x=372, y=11, z=170}
[02Jun2025 03:14:13.055] [Server thread/INFO] [com.esm.nightmare.MobBehavs.SpawnRideableMob/]: ESM - Init Rideable EntityEntity_Type and Jockey Lists...
[02Jun2025 03:14:14.054] [Server thread/INFO] [com.esm.nightmare.MobBehavs.SpawnRideableMob/]: ESM - Init Rideable EntityEntity_Type and Jockey Lists...
[02Jun2025 03:14:14.754] [Server thread/INFO] [com.esm.nightmare.MobBehavs.SpawnRideableMob/]: ESM - Init Rideable EntityEntity_Type and Jockey Lists...
[02Jun2025 03:14:14.855] [Server thread/INFO] [com.esm.nightmare.MobBehavs.SpawnRideableMob/]: ESM - Init Rideable EntityEntity_Type and Jockey Lists...
[02Jun2025 03:14:18.563] [Server thread/INFO] [com.esm.nightmare.MobBehavs.SpawnRideableMob/]: ESM - Init Rideable EntityEntity_Type and Jockey Lists...
[02Jun2025 03:14:18.563] [Server thread/INFO] [com.esm.nightmare.MobBehavs.SpawnRideableMob/]: Spawning Jockey at: BlockPos{x=1396, y=110, z=229}
[02Jun2025 03:14:18.705] [Server thread/INFO] [com.esm.nightmare.MobBehavs.SpawnRideableMob/]: ESM - Init Rideable EntityEntity_Type and Jockey Lists...
[02Jun2025 03:14:18.705] [Server thread/INFO] [com.esm.nightmare.MobBehavs.SpawnRideableMob/]: Spawning Jockey at: BlockPos{x=417, y=38, z=185}
[02Jun2025 03:14:19.849] [Server thread/INFO] [net.minecraft.server.MinecraftServer/]: Teleported 01Kevin10 to Jhonxd592
[02Jun2025 03:14:46.806] [Server thread/INFO] [com.esm.nightmare.MobBehavs.SpawnRideableMob/]: ESM - Init Rideable EntityEntity_Type and Jockey Lists...
[02Jun2025 03:14:46.806] [Server thread/INFO] [com.esm.nightmare.MobBehavs.SpawnRideableMob/]: Spawning Jockey at: BlockPos{x=1415, y=51, z=156}
[02Jun2025 03:15:15.365] [Server thread/INFO] [net.minecraft.server.MinecraftServer/]: Gave 64 [Zanahoria Legendaria] to Jhonxd592
[02Jun2025 03:15:16.605] [Server thread/INFO] [com.esm.nightmare.MobBehavs.SpawnRideableMob/]: ESM - Init Rideable EntityEntity_Type and Jockey Lists...
[02Jun2025 03:15:16.605] [Server thread/INFO] [com.esm.nightmare.MobBehavs.SpawnRideableMob/]: Spawning Jockey at: BlockPos{x=1355, y=97, z=161}
[02Jun2025 03:15:24.308] [Server thread/INFO] [com.esm.nightmare.MobBehavs.SpawnRideableMob/]: ESM - Init Rideable EntityEntity_Type and Jockey Lists...
[02Jun2025 03:15:24.308] [Server thread/INFO] [com.esm.nightmare.MobBehavs.SpawnRideableMob/]: Spawning Jockey at: BlockPos{x=1447, y=35, z=183}
[02Jun2025 03:15:31.658] [Server thread/INFO] [com.esm.nightmare.MobBehavs.SpawnRideableMob/]: ESM - Init Rideable EntityEntity_Type and Jockey Lists...
[02Jun2025 03:15:31.658] [Server thread/INFO] [com.esm.nightmare.MobBehavs.SpawnRideableMob/]: Spawning Jockey at: BlockPos{x=1536, y=88, z=56}
[02Jun2025 03:17:07.358] [Server thread/INFO] [com.esm.nightmare.MobBehavs.SpawnRideableMob/]: ESM - Init Rideable EntityEntity_Type and Jockey Lists...
[02Jun2025 03:17:07.358] [Server thread/INFO] [com.esm.nightmare.MobBehavs.SpawnRideableMob/]: Spawning Jockey at: BlockPos{x=1508, y=58, z=79}
[02Jun2025 03:17:49.010] [Server thread/WARN] [tombstone/]: The death event of the player Herondale was canceled by another mod
[02Jun2025 03:17:49.019] [Server thread/INFO] [tombstone/]: The player Herondale has successfully been saved
[02Jun2025 03:17:59.013] [Server thread/INFO] [net.minecraft.server.MinecraftServer/]: Herondale burned to death
[02Jun2025 03:17:59.022] [Server thread/INFO] [com.tiviacz.travelersbackpack.TravelersBackpack/]: Created new backpack backup file for Herondale with unique ID travelersbackpack.standard_02.06.2025-03.17.59.dat
[02Jun2025 03:17:59.038] [Server thread/INFO] [tombstone/]: The player Herondale has successfully been saved
[02Jun2025 03:17:59.857] [Server thread/INFO] [com.esm.nightmare.MobBehavs.SpawnRideableMob/]: ESM - Init Rideable EntityEntity_Type and Jockey Lists...
[02Jun2025 03:17:59.858] [Server thread/INFO] [com.esm.nightmare.MobBehavs.SpawnRideableMob/]: Spawning Jockey at: BlockPos{x=1454, y=53, z=222}
[02Jun2025 03:18:13.356] [Server thread/INFO] [com.esm.nightmare.MobBehavs.SpawnRideableMob/]: ESM - Init Rideable EntityEntity_Type and Jockey Lists...
[02Jun2025 03:18:13.356] [Server thread/INFO] [com.esm.nightmare.MobBehavs.SpawnRideableMob/]: Spawning Jockey at: BlockPos{x=1418, y=113, z=147}
[02Jun2025 03:18:14.356] [Server thread/INFO] [com.esm.nightmare.MobBehavs.SpawnRideableMob/]: ESM - Init Rideable EntityEntity_Type and Jockey Lists...
[02Jun2025 03:18:14.356] [Server thread/INFO] [com.esm.nightmare.MobBehavs.SpawnRideableMob/]: Spawning Jockey at: BlockPos{x=1419, y=81, z=201}
[02Jun2025 03:18:20.006] [Server thread/INFO] [com.esm.nightmare.MobBehavs.SpawnRideableMob/]: ESM - Init Rideable EntityEntity_Type and Jockey Lists...
[02Jun2025 03:18:20.007] [Server thread/INFO] [com.esm.nightmare.MobBehavs.SpawnRideableMob/]: Spawning Jockey at: BlockPos{x=1438, y=74, z=180}
[02Jun2025 03:18:28.609] [Server thread/WARN] [tombstone/]: The death event of the player Herondale was canceled by another mod
[02Jun2025 03:18:28.615] [Server thread/INFO] [tombstone/]: The player Herondale has successfully been saved
[02Jun2025 03:18:35.863] [Server thread/WARN] [tombstone/]: The death event of the player 01Kevin10 was canceled by another mod
[02Jun2025 03:18:35.864] [Server thread/INFO] [tombstone/]: The player 01Kevin10 has successfully been saved
[02Jun2025 03:18:51.260] [Server thread/WARN] [tombstone/]: The death event of the player s22e310 was canceled by another mod
[02Jun2025 03:18:51.268] [Server thread/INFO] [tombstone/]: The player s22e310 has successfully been saved
[02Jun2025 03:18:58.915] [Server thread/INFO] [net.minecraft.server.MinecraftServer/]: 01Kevin10 burned to death
[02Jun2025 03:18:58.919] [Server thread/INFO] [com.tiviacz.travelersbackpack.TravelersBackpack/]: Created new backpack backup file for 01Kevin10 with unique ID travelersbackpack.enderman_02.06.2025-03.18.58.dat
[02Jun2025 03:19:00.863] [Server thread/INFO] [net.minecraft.server.MinecraftServer/]: s22e310 was slain by Ignis
[02Jun2025 03:19:00.865] [Server thread/INFO] [com.tiviacz.travelersbackpack.TravelersBackpack/]: Created new backpack backup file for s22e310 with unique ID travelersbackpack.iron_02.06.2025-03.19.00.dat
[02Jun2025 03:19:03.761] [Server thread/WARN] [tombstone/]: The death event of the player Jhonxd592 was canceled by another mod
[02Jun2025 03:19:03.766] [Server thread/INFO] [tombstone/]: The player Jhonxd592 has successfully been saved
[02Jun2025 03:19:05.070] [Server thread/INFO] [net.minecraft.server.MinecraftServer/]: Herondale fell from a high place
[02Jun2025 03:19:05.076] [Server thread/INFO] [com.tiviacz.travelersbackpack.TravelersBackpack/]: Created new backpack backup file for Herondale with unique ID travelersbackpack.standard_02.06.2025-03.19.05.dat
[02Jun2025 03:19:05.088] [Server thread/INFO] [tombstone/]: The player Herondale has successfully been saved
[02Jun2025 03:19:21.955] [Server thread/INFO] [com.esm.nightmare.MobBehavs.SpawnRideableMob/]: ESM - Init Rideable EntityEntity_Type and Jockey Lists...
[02Jun2025 03:19:21.955] [Server thread/INFO] [com.esm.nightmare.MobBehavs.SpawnRideableMob/]: Spawning Jockey at: BlockPos{x=1441, y=74, z=182}
[02Jun2025 03:19:27.905] [Server thread/INFO] [com.esm.nightmare.MobBehavs.SpawnRideableMob/]: ESM - Init Rideable EntityEntity_Type and Jockey Lists...
[02Jun2025 03:19:27.905] [Server thread/INFO] [com.esm.nightmare.MobBehavs.SpawnRideableMob/]: Spawning Jockey at: BlockPos{x=1422, y=42, z=140}
[02Jun2025 03:19:37.008] [Server thread/WARN] [tombstone/]: The death event of the player Herondale was canceled by another mod
[02Jun2025 03:19:37.014] [Server thread/INFO] [tombstone/]: The player Herondale has successfully been saved
[02Jun2025 03:19:43.405] [Server thread/INFO] [com.esm.nightmare.MobBehavs.SpawnRideableMob/]: ESM - Init Rideable EntityEntity_Type and Jockey Lists...
[02Jun2025 03:19:43.405] [Server thread/INFO] [com.esm.nightmare.MobBehavs.SpawnRideableMob/]: Spawning Jockey at: BlockPos{x=1455, y=44, z=231}
[02Jun2025 03:19:47.733] [Server thread/WARN] [net.minecraft.server.network.ServerGamePacketListenerImpl/]: Jhonxd592 moved wrongly!
[02Jun2025 03:19:52.007] [Server thread/INFO] [com.esm.nightmare.MobBehavs.SpawnRideableMob/]: ESM - Init Rideable EntityEntity_Type and Jockey Lists...
[02Jun2025 03:19:52.007] [Server thread/INFO] [com.esm.nightmare.MobBehavs.SpawnRideableMob/]: Spawning Jockey at: BlockPos{x=1539, y=87, z=54}
[02Jun2025 03:19:59.258] [Server thread/INFO] [com.esm.nightmare.MobBehavs.SpawnRideableMob/]: ESM - Init Rideable EntityEntity_Type and Jockey Lists...
[02Jun2025 03:19:59.258] [Server thread/INFO] [com.esm.nightmare.MobBehavs.SpawnRideableMob/]: Spawning Jockey at: BlockPos{x=1557, y=51, z=106}
[02Jun2025 03:20:03.361] [Server thread/WARN] [tombstone/]: The death event of the player 01Kevin10 was canceled by another mod
[02Jun2025 03:20:03.373] [Server thread/INFO] [tombstone/]: The player 01Kevin10 has successfully been saved
[02Jun2025 03:20:12.106] [Server thread/INFO] [com.esm.nightmare.MobBehavs.SpawnRideableMob/]: ESM - Init Rideable EntityEntity_Type and Jockey Lists...
[02Jun2025 03:20:12.106] [Server thread/INFO] [com.esm.nightmare.MobBehavs.SpawnRideableMob/]: Spawning Jockey at: BlockPos{x=1440, y=82, z=131}
[02Jun2025 03:20:22.756] [Server thread/INFO] [com.esm.nightmare.MobBehavs.SpawnRideableMob/]: ESM - Init Rideable EntityEntity_Type and Jockey Lists...
[02Jun2025 03:20:22.757] [Server thread/INFO] [com.esm.nightmare.MobBehavs.SpawnRideableMob/]: Spawning Jockey at: BlockPos{x=1399, y=44, z=137}
[02Jun2025 03:20:22.855] [Server thread/INFO] [com.esm.nightmare.MobBehavs.SpawnRideableMob/]: ESM - Init Rideable EntityEntity_Type and Jockey Lists...
[02Jun2025 03:20:22.855] [Server thread/INFO] [com.esm.nightmare.MobBehavs.SpawnRideableMob/]: Spawning Jockey at: BlockPos{x=1401, y=61, z=142}
[02Jun2025 03:20:30.363] [Server thread/WARN] [tombstone/]: The death event of the player Herondale was canceled by another mod
[02Jun2025 03:20:30.364] [Server thread/INFO] [tombstone/]: The player Herondale has successfully been saved
[02Jun2025 03:20:40.107] [Server thread/INFO] [com.esm.nightmare.MobBehavs.SpawnRideableMob/]: ESM - Init Rideable EntityEntity_Type and Jockey Lists...
[02Jun2025 03:20:49.255] [Server thread/INFO] [com.esm.nightmare.MobBehavs.SpawnRideableMob/]: ESM - Init Rideable EntityEntity_Type and Jockey Lists...
[02Jun2025 03:20:49.255] [Server thread/INFO] [com.esm.nightmare.MobBehavs.SpawnRideableMob/]: Spawning Jockey at: BlockPos{x=1425, y=76, z=197}
[02Jun2025 03:20:55.310] [Server thread/WARN] [tombstone/]: The death event of the player Jhonxd592 was canceled by another mod
[02Jun2025 03:20:55.316] [Server thread/INFO] [tombstone/]: The player Jhonxd592 has successfully been saved
[02Jun2025 03:20:57.311] [Server thread/WARN] [tombstone/]: The death event of the player 01Kevin10 was canceled by another mod
[02Jun2025 03:20:57.319] [Server thread/INFO] [tombstone/]: The player 01Kevin10 has successfully been saved
[02Jun2025 03:21:00.264] [Server thread/WARN] [tombstone/]: The death event of the player Herondale was canceled by another mod
[02Jun2025 03:21:00.266] [Server thread/INFO] [tombstone/]: The player Herondale has successfully been saved
[02Jun2025 03:21:08.162] [Server thread/INFO] [net.minecraft.server.MinecraftServer/]: 01Kevin10 was slain by Ignis
[02Jun2025 03:21:08.166] [Server thread/INFO] [com.tiviacz.travelersbackpack.TravelersBackpack/]: Created new backpack backup file for 01Kevin10 with unique ID travelersbackpack.enderman_02.06.2025-03.21.08.dat
[02Jun2025 03:21:10.213] [Server thread/INFO] [net.minecraft.server.MinecraftServer/]: Jhonxd592 was slain by Ignis
[02Jun2025 03:21:10.219] [Server thread/INFO] [com.tiviacz.travelersbackpack.TravelersBackpack/]: Created new backpack backup file for Jhonxd592 with unique ID travelersbackpack.blaze_02.06.2025-03.21.10.dat
[02Jun2025 03:21:34.659] [Server thread/WARN] [tombstone/]: The death event of the player s22e310 was canceled by another mod
[02Jun2025 03:21:34.664] [Server thread/INFO] [tombstone/]: The player s22e310 has successfully been saved
[02Jun2025 03:21:40.513] [Server thread/INFO] [net.minecraft.server.MinecraftServer/]: s22e310 was slain by Ignis
[02Jun2025 03:21:40.514] [Server thread/INFO] [com.tiviacz.travelersbackpack.TravelersBackpack/]: Created new backpack backup file for s22e310 with unique ID travelersbackpack.iron_02.06.2025-03.21.40.dat
[02Jun2025 03:21:54.956] [Server thread/INFO] [com.esm.nightmare.MobBehavs.SpawnRideableMob/]: ESM - Init Rideable EntityEntity_Type and Jockey Lists...
[02Jun2025 03:21:54.956] [Server thread/INFO] [com.esm.nightmare.MobBehavs.SpawnRideableMob/]: Spawning Jockey at: BlockPos{x=1438, y=79, z=241}
[02Jun2025 03:22:02.256] [Server thread/INFO] [com.esm.nightmare.MobBehavs.SpawnRideableMob/]: ESM - Init Rideable EntityEntity_Type and Jockey Lists...
[02Jun2025 03:22:02.257] [Server thread/INFO] [com.esm.nightmare.MobBehavs.SpawnRideableMob/]: Spawning Jockey at: BlockPos{x=1422, y=51, z=164}
[02Jun2025 03:22:06.806] [Server thread/INFO] [com.esm.nightmare.MobBehavs.SpawnRideableMob/]: ESM - Init Rideable EntityEntity_Type and Jockey Lists...
[02Jun2025 03:22:06.806] [Server thread/INFO] [com.esm.nightmare.MobBehavs.SpawnRideableMob/]: Spawning Jockey at: BlockPos{x=1474, y=46, z=212}
[02Jun2025 03:22:10.364] [Server thread/WARN] [tombstone/]: The death event of the player Herondale was canceled by another mod
[02Jun2025 03:22:10.367] [Server thread/INFO] [tombstone/]: The player Herondale has successfully been saved
[02Jun2025 03:22:35.106] [Server thread/INFO] [com.esm.nightmare.MobBehavs.SpawnRideableMob/]: ESM - Init Rideable EntityEntity_Type and Jockey Lists...
[02Jun2025 03:22:35.106] [Server thread/INFO] [com.esm.nightmare.MobBehavs.SpawnRideableMob/]: Spawning Jockey at: BlockPos{x=1517, y=83, z=216}
[02Jun2025 03:22:42.006] [Server thread/INFO] [com.esm.nightmare.MobBehavs.SpawnRideableMob/]: ESM - Init Rideable EntityEntity_Type and Jockey Lists...
[02Jun2025 03:22:42.006] [Server thread/INFO] [com.esm.nightmare.MobBehavs.SpawnRideableMob/]: Spawning Jockey at: BlockPos{x=1497, y=48, z=30}
[02Jun2025 03:22:49.610] [Server thread/WARN] [tombstone/]: The death event of the player Herondale was canceled by another mod
[02Jun2025 03:22:49.618] [Server thread/INFO] [tombstone/]: The player Herondale has successfully been saved
[02Jun2025 03:23:17.163] [Server thread/WARN] [tombstone/]: The death event of the player s22e310 was canceled by another mod
[02Jun2025 03:23:17.176] [Server thread/INFO] [tombstone/]: The player s22e310 has successfully been saved
[02Jun2025 03:23:17.665] [Server thread/WARN] [tombstone/]: The death event of the player 01Kevin10 was canceled by another mod
[02Jun2025 03:23:17.671] [Server thread/INFO] [tombstone/]: The player 01Kevin10 has successfully been saved
[02Jun2025 03:23:17.905] [Server thread/INFO] [com.esm.nightmare.MobBehavs.SpawnRideableMob/]: ESM - Init Rideable EntityEntity_Type and Jockey Lists...
[02Jun2025 03:23:17.906] [Server thread/INFO] [com.esm.nightmare.MobBehavs.SpawnRideableMob/]: Spawning Jockey at: BlockPos{x=1457, y=61, z=93}
[02Jun2025 03:23:20.312] [Server thread/INFO] [net.minecraft.server.MinecraftServer/]: Jhonxd592 has completed the challenge [The Extinguished Fire]
[02Jun2025 03:23:23.320] [Server thread/INFO] [net.minecraft.server.MinecraftServer/]: s22e310 was slain by Ignis
[02Jun2025 03:23:23.321] [Server thread/INFO] [com.tiviacz.travelersbackpack.TravelersBackpack/]: Created new backpack backup file for s22e310 with unique ID travelersbackpack.iron_02.06.2025-03.23.23.dat
[02Jun2025 03:23:45.712] [Server thread/WARN] [tombstone/]: The death event of the player s22e310 was canceled by another mod
[02Jun2025 03:23:45.714] [Server thread/INFO] [tombstone/]: The player s22e310 has successfully been saved
[02Jun2025 03:23:48.311] [Server thread/INFO] [net.minecraft.server.MinecraftServer/]: s22e310 was burnt to a crisp whilst fighting 01Kevin10
[02Jun2025 03:23:48.312] [Server thread/INFO] [com.tiviacz.travelersbackpack.TravelersBackpack/]: Created new backpack backup file for s22e310 with unique ID travelersbackpack.iron_02.06.2025-03.23.48.dat
[02Jun2025 03:23:48.314] [Server thread/INFO] [tombstone/]: The player s22e310 has successfully been saved
[02Jun2025 03:23:49.565] [Server thread/WARN] [tombstone/]: The death event of the player 01Kevin10 was canceled by another mod
[02Jun2025 03:23:49.566] [Server thread/INFO] [tombstone/]: The player 01Kevin10 has successfully been saved
[02Jun2025 03:24:35.354] [Server thread/INFO] [com.esm.nightmare.MobBehavs.SpawnRideableMob/]: ESM - Init Rideable EntityEntity_Type and Jockey Lists...
[02Jun2025 03:24:35.355] [Server thread/INFO] [com.esm.nightmare.MobBehavs.SpawnRideableMob/]: Spawning Jockey at: BlockPos{x=1421, y=67, z=176}
[02Jun2025 03:24:40.205] [Server thread/INFO] [com.esm.nightmare.MobBehavs.SpawnRideableMob/]: ESM - Init Rideable EntityEntity_Type and Jockey Lists...
[02Jun2025 03:24:40.205] [Server thread/INFO] [com.esm.nightmare.MobBehavs.SpawnRideableMob/]: Spawning Jockey at: BlockPos{x=1446, y=38, z=172}
[02Jun2025 03:24:40.205] [Server thread/INFO] [com.esm.nightmare.MobBehavs.SpawnRideableMob/]: ESM - Init Rideable EntityEntity_Type and Jockey Lists...
[02Jun2025 03:24:40.205] [Server thread/INFO] [com.esm.nightmare.MobBehavs.SpawnRideableMob/]: Spawning Jockey at: BlockPos{x=1446, y=38, z=172}
[02Jun2025 03:25:12.256] [Server thread/INFO] [com.esm.nightmare.MobBehavs.SpawnRideableMob/]: ESM - Init Rideable EntityEntity_Type and Jockey Lists...
[02Jun2025 03:25:12.256] [Server thread/INFO] [com.esm.nightmare.MobBehavs.SpawnRideableMob/]: Spawning Jockey at: BlockPos{x=1502, y=82, z=37}
[02Jun2025 03:26:01.956] [Server thread/INFO] [com.esm.nightmare.MobBehavs.SpawnRideableMob/]: ESM - Init Rideable EntityEntity_Type and Jockey Lists...
[02Jun2025 03:26:01.956] [Server thread/INFO] [com.esm.nightmare.MobBehavs.SpawnRideableMob/]: Spawning Jockey at: BlockPos{x=1418, y=42, z=140}
[02Jun2025 03:26:04.712] [Server thread/WARN] [tombstone/]: The death event of the player s22e310 was canceled by another mod
[02Jun2025 03:26:04.714] [Server thread/INFO] [tombstone/]: The player s22e310 has successfully been saved
[02Jun2025 03:26:12.962] [Server thread/WARN] [tombstone/]: The death event of the player s22e310 was canceled by another mod
[02Jun2025 03:26:12.964] [Server thread/INFO] [tombstone/]: The player s22e310 has successfully been saved
[02Jun2025 03:26:17.762] [Server thread/WARN] [tombstone/]: The death event of the player s22e310 was canceled by another mod
[02Jun2025 03:26:17.764] [Server thread/INFO] [tombstone/]: The player s22e310 has successfully been saved
[02Jun2025 03:26:24.556] [Server thread/INFO] [com.esm.nightmare.MobBehavs.SpawnRideableMob/]: ESM - Init Rideable EntityEntity_Type and Jockey Lists...
[02Jun2025 03:26:24.556] [Server thread/INFO] [com.esm.nightmare.MobBehavs.SpawnRideableMob/]: Spawning Jockey at: BlockPos{x=1416, y=66, z=76}
[02Jun2025 03:26:28.512] [Server thread/WARN] [tombstone/]: The death event of the player s22e310 was canceled by another mod
[02Jun2025 03:26:28.514] [Server thread/INFO] [tombstone/]: The player s22e310 has successfully been saved
[02Jun2025 03:27:06.857] [Server thread/INFO] [com.esm.nightmare.MobBehavs.SpawnRideableMob/]: ESM - Init Rideable EntityEntity_Type and Jockey Lists...
[02Jun2025 03:27:06.857] [Server thread/INFO] [com.esm.nightmare.MobBehavs.SpawnRideableMob/]: Spawning Jockey at: BlockPos{x=1557, y=97, z=166}
[02Jun2025 03:27:24.762] [Server thread/WARN] [tombstone/]: The death event of the player Herondale was canceled by another mod
[02Jun2025 03:27:24.765] [Server thread/INFO] [tombstone/]: The player Herondale has successfully been saved
[02Jun2025 03:27:27.214] [Server thread/INFO] [net.minecraft.server.MinecraftServer/]: Herondale was slain by Jhonxd592
[02Jun2025 03:27:27.221] [Server thread/INFO] [com.tiviacz.travelersbackpack.TravelersBackpack/]: Created new backpack backup file for Herondale with unique ID travelersbackpack.standard_02.06.2025-03.27.27.dat
[02Jun2025 03:27:27.238] [Server thread/WARN] [tombstone/]: The death event of the player Jhonxd592 was canceled by another mod
[02Jun2025 03:27:27.241] [Server thread/INFO] [tombstone/]: The player Herondale has successfully been saved
[02Jun2025 03:27:27.243] [Server thread/INFO] [tombstone/]: The player Jhonxd592 has successfully been saved
[02Jun2025 03:27:28.311] [Server thread/WARN] [tombstone/]: The death event of the player s22e310 was canceled by another mod
[02Jun2025 03:27:28.313] [Server thread/INFO] [tombstone/]: The player s22e310 has successfully been saved
[02Jun2025 03:27:42.656] [Server thread/INFO] [com.esm.nightmare.MobBehavs.SpawnRideableMob/]: ESM - Init Rideable EntityEntity_Type and Jockey Lists...
[02Jun2025 03:27:42.656] [Server thread/INFO] [com.esm.nightmare.MobBehavs.SpawnRideableMob/]: Spawning Jockey at: BlockPos{x=1403, y=54, z=126}
[02Jun2025 03:27:49.958] [Server thread/INFO] [com.esm.nightmare.MobBehavs.SpawnRideableMob/]: ESM - Init Rideable EntityEntity_Type and Jockey Lists...
[02Jun2025 03:27:49.958] [Server thread/INFO] [com.esm.nightmare.MobBehavs.SpawnRideableMob/]: Spawning Jockey at: BlockPos{x=1503, y=83, z=21}
[02Jun2025 03:27:57.515] [Server thread/INFO] [net.minecraft.server.MinecraftServer/]: Gave 1 [Netherite Sword] to Jhonxd592
[02Jun2025 03:28:18.006] [Server thread/INFO] [com.esm.nightmare.MobBehavs.SpawnRideableMob/]: ESM - Init Rideable EntityEntity_Type and Jockey Lists...
[02Jun2025 03:28:18.006] [Server thread/INFO] [com.esm.nightmare.MobBehavs.SpawnRideableMob/]: Spawning Jockey at: BlockPos{x=1471, y=75, z=205}
[02Jun2025 03:28:24.856] [Server thread/INFO] [com.esm.nightmare.MobBehavs.SpawnRideableMob/]: ESM - Init Rideable EntityEntity_Type and Jockey Lists...
[02Jun2025 03:28:24.856] [Server thread/INFO] [com.esm.nightmare.MobBehavs.SpawnRideableMob/]: Spawning Jockey at: BlockPos{x=1421, y=49, z=129}
[02Jun2025 03:28:31.356] [Server thread/INFO] [com.esm.nightmare.MobBehavs.SpawnRideableMob/]: ESM - Init Rideable EntityEntity_Type and Jockey Lists...
[02Jun2025 03:28:31.356] [Server thread/INFO] [com.esm.nightmare.MobBehavs.SpawnRideableMob/]: Spawning Jockey at: BlockPos{x=1521, y=59, z=-6}
[02Jun2025 03:29:00.164] [Server thread/INFO] [net.minecraft.server.MinecraftServer/]: Teleported Herondale to Jhonxd592
[02Jun2025 03:29:15.204] [Server thread/INFO] [com.esm.nightmare.MobBehavs.SpawnRideableMob/]: ESM - Init Rideable EntityEntity_Type and Jockey Lists...
[02Jun2025 03:29:15.205] [Server thread/INFO] [com.esm.nightmare.MobBehavs.SpawnRideableMob/]: Spawning Jockey at: BlockPos{x=1443, y=34, z=150}
[02Jun2025 03:29:17.406] [Server thread/INFO] [com.esm.nightmare.MobBehavs.SpawnRideableMob/]: ESM - Init Rideable EntityEntity_Type and Jockey Lists...
[02Jun2025 03:29:17.406] [Server thread/INFO] [com.esm.nightmare.MobBehavs.SpawnRideableMob/]: Spawning Jockey at: BlockPos{x=1436, y=74, z=183}
[02Jun2025 03:29:19.654] [Server thread/INFO] [com.esm.nightmare.MobBehavs.SpawnRideableMob/]: ESM - Init Rideable EntityEntity_Type and Jockey Lists...
[02Jun2025 03:29:19.654] [Server thread/INFO] [com.esm.nightmare.MobBehavs.SpawnRideableMob/]: Spawning Jockey at: BlockPos{x=1386, y=84, z=93}
[02Jun2025 03:29:40.264] [Server thread/WARN] [tombstone/]: The death event of the player 01Kevin10 was canceled by another mod
[02Jun2025 03:29:40.266] [Server thread/INFO] [tombstone/]: The player 01Kevin10 has successfully been saved
[02Jun2025 03:29:43.712] [Server thread/WARN] [tombstone/]: The death event of the player s22e310 was canceled by another mod
[02Jun2025 03:29:43.714] [Server thread/INFO] [tombstone/]: The player s22e310 has successfully been saved
[02Jun2025 03:30:00.455] [Server thread/INFO] [com.esm.nightmare.MobBehavs.SpawnRideableMob/]: ESM - Init Rideable EntityEntity_Type and Jockey Lists...
[02Jun2025 03:30:00.455] [Server thread/INFO] [com.esm.nightmare.MobBehavs.SpawnRideableMob/]: Spawning Jockey at: BlockPos{x=1428, y=94, z=46}
[02Jun2025 03:30:02.806] [Server thread/INFO] [com.esm.nightmare.MobBehavs.SpawnRideableMob/]: ESM - Init Rideable EntityEntity_Type and Jockey Lists...
[02Jun2025 03:30:02.807] [Server thread/INFO] [com.esm.nightmare.MobBehavs.SpawnRideableMob/]: Spawning Jockey at: BlockPos{x=1483, y=91, z=232}
[02Jun2025 03:30:05.956] [Server thread/INFO] [com.esm.nightmare.MobBehavs.SpawnRideableMob/]: ESM - Init Rideable EntityEntity_Type and Jockey Lists...
[02Jun2025 03:30:05.956] [Server thread/INFO] [com.esm.nightmare.MobBehavs.SpawnRideableMob/]: Spawning Jockey at: BlockPos{x=1501, y=38, z=191}
[02Jun2025 03:30:08.406] [Server thread/INFO] [com.esm.nightmare.MobBehavs.SpawnRideableMob/]: ESM - Init Rideable EntityEntity_Type and Jockey Lists...
[02Jun2025 03:30:08.406] [Server thread/INFO] [com.esm.nightmare.MobBehavs.SpawnRideableMob/]: Spawning Jockey at: BlockPos{x=1465, y=42, z=202}
[02Jun2025 03:30:25.756] [Server thread/INFO] [com.esm.nightmare.MobBehavs.SpawnRideableMob/]: ESM - Init Rideable EntityEntity_Type and Jockey Lists...
[02Jun2025 03:30:25.756] [Server thread/INFO] [com.esm.nightmare.MobBehavs.SpawnRideableMob/]: Spawning Jockey at: BlockPos{x=1446, y=82, z=133}
[02Jun2025 03:30:29.555] [Server thread/INFO] [com.esm.nightmare.MobBehavs.SpawnRideableMob/]: ESM - Init Rideable EntityEntity_Type and Jockey Lists...
[02Jun2025 03:30:29.555] [Server thread/INFO] [com.esm.nightmare.MobBehavs.SpawnRideableMob/]: Spawning Jockey at: BlockPos{x=1448, y=74, z=169}
[02Jun2025 03:30:33.557] [Server thread/INFO] [com.esm.nightmare.MobBehavs.SpawnRideableMob/]: ESM - Init Rideable EntityEntity_Type and Jockey Lists...
[02Jun2025 03:30:33.557] [Server thread/INFO] [com.esm.nightmare.MobBehavs.SpawnRideableMob/]: Spawning Jockey at: BlockPos{x=1530, y=44, z=207}
[02Jun2025 03:30:48.711] [Server thread/WARN] [tombstone/]: The death event of the player 01Kevin10 was canceled by another mod
[02Jun2025 03:30:48.713] [Server thread/INFO] [tombstone/]: The player 01Kevin10 has successfully been saved
[02Jun2025 03:31:22.113] [Server thread/WARN] [net.minecraft.server.level.ServerPlayerGameMode/]: Mismatch in destroy block pos: BlockPos{x=1506, y=66, z=116} BlockPos{x=1506, y=66, z=117}
[02Jun2025 03:31:23.610] [Server thread/WARN] [tombstone/]: The death event of the player s22e310 was canceled by another mod
[02Jun2025 03:31:23.613] [Server thread/INFO] [tombstone/]: The player s22e310 has successfully been saved
[02Jun2025 03:31:25.163] [Server thread/INFO] [net.minecraft.server.MinecraftServer/]: s22e310 was killed by magic
[02Jun2025 03:31:25.167] [Server thread/INFO] [tombstone/]: The player s22e310 has successfully been saved
[02Jun2025 03:31:34.862] [Server thread/WARN] [tombstone/]: The death event of the player Herondale was canceled by another mod
[02Jun2025 03:31:34.864] [Server thread/INFO] [tombstone/]: The player Herondale has successfully been saved
[02Jun2025 03:31:36.413] [Server thread/INFO] [net.minecraft.server.MinecraftServer/]: Herondale was killed by magic
[02Jun2025 03:31:36.430] [Server thread/INFO] [tombstone/]: The player Herondale has successfully been saved
[02Jun2025 03:31:57.212] [Server thread/WARN] [tombstone/]: The death event of the player 01Kevin10 was canceled by another mod
[02Jun2025 03:31:57.214] [Server thread/INFO] [tombstone/]: The player 01Kevin10 has successfully been saved
[02Jun2025 03:32:00.163] [Server thread/INFO] [net.minecraft.server.MinecraftServer/]: 01Kevin10 was suffocated by Jhonxd592's poisonous cloud
[02Jun2025 03:32:00.167] [Server thread/INFO] [com.tiviacz.travelersbackpack.TravelersBackpack/]: Created new backpack backup file for 01Kevin10 with unique ID travelersbackpack.enderman_02.06.2025-03.32.00.dat
[02Jun2025 03:32:00.170] [Server thread/INFO] [tombstone/]: The player 01Kevin10 has successfully been saved
[02Jun2025 03:32:00.618] [Server thread/INFO] [net.minecraft.server.MinecraftServer/]: Herondale has made the advancement [Hidden in the Depths]
[02Jun2025 03:32:00.662] [Server thread/INFO] [net.minecraft.server.MinecraftServer/]: Herondale has made the advancement [Magery]
[02Jun2025 03:32:45.716] [Server thread/WARN] [tombstone/]: The death event of the player Herondale was canceled by another mod
[02Jun2025 03:32:45.719] [Server thread/INFO] [tombstone/]: The player Herondale has successfully been saved
[02Jun2025 03:32:46.062] [Server thread/WARN] [tombstone/]: The death event of the player s22e310 was canceled by another mod
[02Jun2025 03:32:46.064] [Server thread/INFO] [tombstone/]: The player s22e310 has successfully been saved
[02Jun2025 03:32:47.267] [Server thread/INFO] [net.minecraft.server.MinecraftServer/]: s22e310 was slain by 01Kevin10
[02Jun2025 03:32:47.270] [Server thread/INFO] [net.minecraft.server.MinecraftServer/]: Herondale was slain by 01Kevin10
[02Jun2025 03:32:47.276] [Server thread/INFO] [com.tiviacz.travelersbackpack.TravelersBackpack/]: Created new backpack backup file for Herondale with unique ID travelersbackpack.standard_02.06.2025-03.32.47.dat
[02Jun2025 03:32:47.290] [Server thread/INFO] [tombstone/]: The player s22e310 has successfully been saved
[02Jun2025 03:32:47.290] [Server thread/INFO] [tombstone/]: The player Herondale has successfully been saved
[02Jun2025 03:34:12.523] [Server thread/WARN] [tombstone/]: The death event of the player s22e310 was canceled by another mod
[02Jun2025 03:34:12.527] [Server thread/INFO] [tombstone/]: The player s22e310 has successfully been saved
[02Jun2025 03:34:22.426] [Server thread/INFO] [net.minecraft.server.MinecraftServer/]: s22e310 was slain by Herondale
[02Jun2025 03:34:22.427] [Server thread/INFO] [com.tiviacz.travelersbackpack.TravelersBackpack/]: Created new backpack backup file for s22e310 with unique ID travelersbackpack.iron_02.06.2025-03.34.22.dat
[02Jun2025 03:34:22.429] [Server thread/INFO] [tombstone/]: The player s22e310 has successfully been saved
[02Jun2025 03:34:35.841] [Server thread/INFO] [net.minecraft.server.MinecraftServer/]: [Not Secure] <Jhonxd592> SE VAN O SE VAN A QUEDAR
[02Jun2025 03:34:43.665] [Server thread/WARN] [tombstone/]: The death event of the player Herondale was canceled by another mod
[02Jun2025 03:34:43.667] [Server thread/INFO] [tombstone/]: The player Herondale has successfully been saved
[02Jun2025 03:34:46.610] [Server thread/WARN] [tombstone/]: The death event of the player 01Kevin10 was canceled by another mod
[02Jun2025 03:34:46.612] [Server thread/INFO] [tombstone/]: The player 01Kevin10 has successfully been saved
[02Jun2025 03:34:51.567] [Server thread/INFO] [net.minecraft.server.MinecraftServer/]: Herondale was exterminated by Jhonxd592 's laser
[02Jun2025 03:34:52.512] [Server thread/INFO] [net.minecraft.server.MinecraftServer/]: 01Kevin10 was slain by Spectral Wolf
[02Jun2025 03:34:52.518] [Server thread/INFO] [com.tiviacz.travelersbackpack.TravelersBackpack/]: Created new backpack backup file for 01Kevin10 with unique ID travelersbackpack.enderman_02.06.2025-03.34.52.dat
[02Jun2025 03:34:53.412] [Server thread/WARN] [tombstone/]: The death event of the player s22e310 was canceled by another mod
[02Jun2025 03:34:53.414] [Server thread/INFO] [tombstone/]: The player s22e310 has successfully been saved
[02Jun2025 03:35:23.249] [Server thread/INFO] [net.minecraft.server.MinecraftServer/]: Teleported 01Kevin10 to Jhonxd592
[02Jun2025 03:36:23.912] [Server thread/WARN] [tombstone/]: The death event of the player 01Kevin10 was canceled by another mod
[02Jun2025 03:36:23.915] [Server thread/INFO] [tombstone/]: The player 01Kevin10 has successfully been saved
[02Jun2025 03:37:45.411] [Server thread/INFO] [net.minecraft.server.network.ServerGamePacketListenerImpl/]: Herondale lost connection: Disconnected
[02Jun2025 03:37:45.411] [Server thread/INFO] [net.minecraft.server.MinecraftServer/]: Herondale left the game
[02Jun2025 03:37:45.664] [Server thread/WARN] [tombstone/]: The death event of the player s22e310 was canceled by another mod
[02Jun2025 03:37:45.665] [Server thread/INFO] [tombstone/]: The player s22e310 has successfully been saved
[02Jun2025 03:37:47.212] [Server thread/INFO] [net.minecraft.server.MinecraftServer/]: s22e310 was killed by magic whilst trying to escape 01Kevin10
[02Jun2025 03:37:47.213] [Server thread/INFO] [com.tiviacz.travelersbackpack.TravelersBackpack/]: Created new backpack backup file for s22e310 with unique ID travelersbackpack.iron_02.06.2025-03.37.47.dat
[02Jun2025 03:37:47.215] [Server thread/INFO] [tombstone/]: The player s22e310 has successfully been saved
[02Jun2025 03:37:52.628] [Server thread/INFO] [net.minecraft.server.players.PlayerList/]: Herondale[/127.3.19.212:59193] logged in with entity id 109775 at (1508.9424711311465, 77.29999999999988, 120.19237572258923)
[02Jun2025 03:37:52.635] [Server thread/INFO] [net.minecraft.server.MinecraftServer/]: Herondale joined the game
[02Jun2025 03:37:55.673] [Server thread/WARN] [tombstone/]: The death event of the player Herondale was canceled by another mod
[02Jun2025 03:37:55.675] [Server thread/INFO] [tombstone/]: The player Herondale has successfully been saved
[02Jun2025 03:37:59.998] [Server thread/INFO] [net.minecraft.server.MinecraftServer/]: Teleported s22e310 to Jhonxd592
[02Jun2025 03:38:27.621] [Server thread/INFO] [net.minecraft.server.MinecraftServer/]: [Not Secure] <s22e310> [name:"portal", x:73, y:77, z:81, dim:minecraft:the_nether]
[02Jun2025 03:38:38.415] [Server thread/WARN] [tombstone/]: The death event of the player Herondale was canceled by another mod
[02Jun2025 03:38:38.417] [Server thread/INFO] [tombstone/]: The player Herondale has successfully been saved
[02Jun2025 03:38:42.729] [Server thread/INFO] [net.minecraft.server.MinecraftServer/]: Herondale was slain by s22e310
[02Jun2025 03:38:42.732] [Server thread/INFO] [com.tiviacz.travelersbackpack.TravelersBackpack/]: Created new backpack backup file for Herondale with unique ID travelersbackpack.sandstone_02.06.2025-03.38.42.dat
[02Jun2025 03:38:42.750] [Server thread/INFO] [tombstone/]: The player Herondale has successfully been saved
[02Jun2025 03:38:53.515] [Server thread/WARN] [tombstone/]: The death event of the player s22e310 was canceled by another mod
[02Jun2025 03:38:53.517] [Server thread/INFO] [tombstone/]: The player s22e310 has successfully been saved
[02Jun2025 03:39:08.813] [Server thread/INFO] [net.minecraft.server.MinecraftServer/]: Incorrect argument for command
[02Jun2025 03:39:08.813] [Server thread/INFO] [net.minecraft.server.MinecraftServer/]: ...run tp @p 73 77  81<--[HERE]
[02Jun2025 03:39:17.358] [Server thread/INFO] [net.minecraft.server.MinecraftServer/]: Teleported Herondale to 73.500000, 77.000000, 81.500000
[02Jun2025 03:39:31.434] [Server thread/INFO] [net.minecraft.server.MinecraftServer/]: Incorrect argument for command
[02Jun2025 03:39:31.434] [Server thread/INFO] [net.minecraft.server.MinecraftServer/]: ...p s22e310 73 77  81<--[HERE]
[02Jun2025 03:39:40.285] [Server thread/INFO] [net.minecraft.server.MinecraftServer/]: Incorrect argument for command
[02Jun2025 03:39:40.286] [Server thread/INFO] [net.minecraft.server.MinecraftServer/]: ...01Kevin10 73 77  81<--[HERE]
[02Jun2025 03:39:52.644] [Server thread/INFO] [net.minecraft.server.MinecraftServer/]: Teleported s22e310 to 73.500000, 77.000000, 81.500000
